datetime,open,high,low,close,volume,symbol
2020-11-23 00:00:00+00:00,117.18000030517578,117.62000274658203,113.75,110.82755279541016,127959300,AAPL
2020-11-24 00:00:00+00:00,113.91000366210938,115.8499984741211,112.58999633789062,112.11249542236328,113874200,AAPL
2020-11-25 00:00:00+00:00,115.55000305175781,116.75,115.16999816894531,112.9496841430664,76499200,AAPL
2020-11-27 00:00:00+00:00,116.56999969482422,117.48999786376953,116.22000122070312,113.49480438232422,46691300,AAPL
2020-11-30 00:00:00+00:00,116.97000122070312,120.97000122070312,116.80999755859375,115.88949584960938,169410200,AAPL
2020-12-01 00:00:00+00:00,121.01000213623047,123.47000122070312,120.01000213623047,119.46208190917969,127728200,AAPL
2020-12-02 00:00:00+00:00,122.0199966430664,123.37000274658203,120.88999938964844,119.81253051757812,89004200,AAPL
2020-12-03 00:00:00+00:00,123.5199966430664,123.77999877929688,122.20999908447266,119.67623138427734,78967600,AAPL
2020-12-04 00:00:00+00:00,122.5999984741211,122.86000061035156,121.5199966430664,119.0045394897461,78260400,AAPL
2020-12-07 00:00:00+00:00,122.30999755859375,124.56999969482422,122.25,120.4647445678711,86712000,AAPL
2020-12-08 00:00:00+00:00,124.37000274658203,124.9800033569336,123.08999633789062,121.07798767089844,82225500,AAPL
2020-12-09 00:00:00+00:00,124.52999877929688,125.94999694824219,121.0,118.54704284667969,115089200,AAPL
2020-12-10 00:00:00+00:00,120.5,123.87000274658203,120.1500015258789,119.96826171875,81312200,AAPL
2020-12-11 00:00:00+00:00,122.43000030517578,122.76000213623047,120.55000305175781,119.1603012084961,86939800,AAPL
2020-12-14 00:00:00+00:00,122.5999984741211,123.3499984741211,121.54000091552734,118.54704284667969,79184500,AAPL
2020-12-15 00:00:00+00:00,124.33999633789062,127.9000015258789,124.12999725341797,124.4850845336914,157243700,AAPL
2020-12-16 00:00:00+00:00,127.41000366210938,128.3699951171875,126.55999755859375,124.41693878173828,98208600,AAPL
2020-12-17 00:00:00+00:00,128.89999389648438,129.5800018310547,128.0399932861328,125.2833023071289,94359800,AAPL
2020-12-18 00:00:00+00:00,128.9600067138672,129.10000610351562,126.12000274658203,123.29747772216797,192541500,AAPL
2020-12-21 00:00:00+00:00,125.0199966430664,128.30999755859375,123.44999694824219,124.82579040527344,121251600,AAPL
2020-12-22 00:00:00+00:00,131.61000061035156,134.41000366210938,129.64999389648438,128.37889099121094,168904800,AAPL
2020-12-23 00:00:00+00:00,132.16000366210938,132.42999267578125,130.77999877929688,127.48334503173828,88223700,AAPL
2020-12-24 00:00:00+00:00,131.32000732421875,133.4600067138672,131.10000610351562,128.4665069580078,54930100,AAPL
2020-12-28 00:00:00+00:00,133.99000549316406,137.33999633789062,133.50999450683594,133.06118774414062,124486200,AAPL
2020-12-29 00:00:00+00:00,138.0500030517578,138.7899932861328,134.33999633789062,131.28952026367188,121047300,AAPL
2020-12-30 00:00:00+00:00,135.5800018310547,135.99000549316406,133.39999389648438,130.17007446289062,96452100,AAPL
2020-12-31 00:00:00+00:00,134.0800018310547,134.74000549316406,131.72000122070312,129.16738891601562,99116600,AAPL
2021-01-04 00:00:00+00:00,133.52000427246094,133.61000061035156,126.76000213623047,125.97447204589844,143301900,AAPL
2021-01-05 00:00:00+00:00,128.88999938964844,131.74000549316406,128.42999267578125,127.53196716308594,97664900,AAPL
2021-01-06 00:00:00+00:00,127.72000122070312,131.0500030517578,126.37999725341797,123.23906707763672,155088000,AAPL
2021-01-07 00:00:00+00:00,128.36000061035156,131.6300048828125,127.86000061035156,127.44437408447266,109578200,AAPL
2021-01-08 00:00:00+00:00,132.42999267578125,132.6300048828125,130.22999572753906,128.54437255859375,105158200,AAPL
2021-01-11 00:00:00+00:00,129.19000244140625,130.1699981689453,128.5,125.55587768554688,100384500,AAPL
2021-01-12 00:00:00+00:00,128.5,129.69000244140625,126.86000061035156,125.38066101074219,91951100,AAPL
2021-01-13 00:00:00+00:00,128.75999450683594,131.4499969482422,128.49000549316406,127.4151611328125,88636800,AAPL
2021-01-14 00:00:00+00:00,130.8000030517578,131.0,128.75999450683594,125.48774719238281,90221800,AAPL
2021-01-15 00:00:00+00:00,128.77999877929688,130.22000122070312,127.0,123.76473999023438,111598500,AAPL
2021-01-19 00:00:00+00:00,127.77999877929688,128.7100067138672,126.94000244140625,124.4364013671875,90757300,AAPL
2021-01-20 00:00:00+00:00,128.66000366210938,132.49000549316406,128.5500030517578,128.52491760253906,104319500,AAPL
2021-01-21 00:00:00+00:00,133.8000030517578,139.6699981689453,133.58999633789062,133.2364044189453,120150900,AAPL
2021-01-22 00:00:00+00:00,136.27999877929688,139.85000610351562,135.02000427246094,135.3780517578125,114459400,AAPL
2021-01-25 00:00:00+00:00,143.07000732421875,145.08999633789062,136.5399932861328,139.1258087158203,157611700,AAPL
2021-01-26 00:00:00+00:00,143.60000610351562,144.3000030517578,141.3699951171875,139.35943603515625,98390600,AAPL
2021-01-27 00:00:00+00:00,143.42999267578125,144.3000030517578,140.41000366210938,138.2886199951172,140843800,AAPL
2021-01-28 00:00:00+00:00,139.52000427246094,141.99000549316406,136.6999969482422,133.45062255859375,142621100,AAPL
2021-01-29 00:00:00+00:00,135.8300018310547,136.74000549316406,130.2100067138672,128.45677185058594,177523800,AAPL
2021-02-01 00:00:00+00:00,133.75,135.3800048828125,130.92999267578125,130.5789031982422,106239800,AAPL
2021-02-02 00:00:00+00:00,135.72999572753906,136.30999755859375,134.61000061035156,131.40635681152344,83305400,AAPL
2021-02-03 00:00:00+00:00,135.75999450683594,135.77000427246094,133.61000061035156,130.3842010498047,89880900,AAPL
2021-02-04 00:00:00+00:00,136.3000030517578,137.39999389648438,134.58999633789062,133.74261474609375,84183100,AAPL
2021-02-05 00:00:00+00:00,137.35000610351562,137.4199981689453,135.86000061035156,133.32827758789062,75693800,AAPL
2021-02-08 00:00:00+00:00,136.02999877929688,136.9600067138672,134.9199981689453,133.47450256347656,71297200,AAPL
2021-02-09 00:00:00+00:00,136.6199951171875,137.8800048828125,135.85000610351562,132.59707641601562,76774200,AAPL
2021-02-10 00:00:00+00:00,136.47999572753906,136.99000549316406,134.39999389648438,131.99264526367188,73046600,AAPL
2021-02-11 00:00:00+00:00,135.89999389648438,136.38999938964844,133.77000427246094,131.7392120361328,64280000,AAPL
2021-02-12 00:00:00+00:00,134.35000610351562,135.52999877929688,133.69000244140625,131.97315979003906,60145100,AAPL
2021-02-16 00:00:00+00:00,135.49000549316406,136.00999450683594,132.7899932861328,129.84788513183594,80576300,AAPL
2021-02-17 00:00:00+00:00,131.25,132.22000122070312,129.47000122070312,127.55681610107422,97918500,AAPL
2021-02-18 00:00:00+00:00,129.1999969482422,130.0,127.41000366210938,126.45516967773438,96856700,AAPL
2021-02-19 00:00:00+00:00,130.24000549316406,130.7100067138672,128.8000030517578,126.61117553710938,87668800,AAPL
2021-02-22 00:00:00+00:00,128.00999450683594,129.72000122070312,125.5999984741211,122.8382797241211,103916400,AAPL
2021-02-23 00:00:00+00:00,123.76000213623047,126.70999908447266,118.38999938964844,122.70179748535156,158273000,AAPL
2021-02-24 00:00:00+00:00,124.94000244140625,125.55999755859375,122.2300033569336,122.20458984375,111039900,AAPL
2021-02-25 00:00:00+00:00,124.68000030517578,126.45999908447266,120.54000091552734,117.9540023803711,148199500,AAPL
2021-02-26 00:00:00+00:00,122.58999633789062,124.8499984741211,121.19999694824219,118.21722412109375,164560400,AAPL
2021-03-01 00:00:00+00:00,123.75,127.93000030517578,122.79000091552734,124.5833740234375,116307900,AAPL
2021-03-02 00:00:00+00:00,128.41000366210938,128.72000122070312,125.01000213623047,121.98036193847656,102260900,AAPL
2021-03-03 00:00:00+00:00,124.80999755859375,125.70999908447266,121.83999633789062,118.99713897705078,112966300,AAPL
2021-03-04 00:00:00+00:00,121.75,123.5999984741211,118.62000274658203,117.1155776977539,178155000,AAPL
2021-03-05 00:00:00+00:00,120.9800033569336,121.94000244140625,117.56999969482422,118.3731918334961,153766600,AAPL
2021-03-08 00:00:00+00:00,120.93000030517578,121.0,116.20999908447266,113.4401626586914,154376600,AAPL
2021-03-09 00:00:00+00:00,119.02999877929688,122.05999755859375,118.79000091552734,118.05147552490234,129525800,AAPL
2021-03-10 00:00:00+00:00,121.69000244140625,122.16999816894531,119.44999694824219,116.9693374633789,111943300,AAPL
2021-03-11 00:00:00+00:00,122.54000091552734,123.20999908447266,121.26000213623047,118.8996353149414,103026500,AAPL
2021-03-12 00:00:00+00:00,120.4000015258789,121.16999816894531,119.16000366210938,117.99298858642578,88105100,AAPL
2021-03-15 00:00:00+00:00,121.41000366210938,124.0,120.41999816894531,120.87870788574219,92403800,AAPL
2021-03-16 00:00:00+00:00,125.69999694824219,127.22000122070312,124.72000122070312,122.4190673828125,115227900,AAPL
2021-03-17 00:00:00+00:00,124.05000305175781,125.86000061035156,122.33999633789062,121.62938690185547,111932600,AAPL
2021-03-18 00:00:00+00:00,122.87999725341797,123.18000030517578,120.31999969482422,117.50552368164062,121229700,AAPL
2021-03-19 00:00:00+00:00,119.9000015258789,121.43000030517578,119.68000030517578,116.97908782958984,185549500,AAPL
2021-03-22 00:00:00+00:00,120.33000183105469,123.87000274658203,120.26000213623047,120.29376983642578,111912300,AAPL
2021-03-23 00:00:00+00:00,123.33000183105469,124.23999786376953,122.13999938964844,119.465087890625,95467100,AAPL
2021-03-24 00:00:00+00:00,122.81999969482422,122.9000015258789,120.06999969482422,117.07657623291016,88530500,AAPL
2021-03-25 00:00:00+00:00,119.54000091552734,121.66000366210938,119.0,117.56402587890625,98844700,AAPL
2021-03-26 00:00:00+00:00,120.3499984741211,121.4800033569336,118.91999816894531,118.16845703125,94071200,AAPL
2021-03-29 00:00:00+00:00,121.6500015258789,122.58000183105469,120.7300033569336,118.3439712524414,80819200,AAPL
2021-03-30 00:00:00+00:00,120.11000061035156,120.4000015258789,118.86000061035156,116.89134979248047,85671900,AAPL
2021-03-31 00:00:00+00:00,121.6500015258789,123.5199966430664,121.1500015258789,119.08489227294922,118323800,AAPL
2021-04-01 00:00:00+00:00,123.66000366210938,124.18000030517578,122.48999786376953,119.91354370117188,75089100,AAPL
2021-04-05 00:00:00+00:00,123.87000274658203,126.16000366210938,123.06999969482422,122.74079132080078,88651200,AAPL
2021-04-06 00:00:00+00:00,126.5,127.12999725341797,125.6500015258789,123.04299926757812,80171300,AAPL
2021-04-07 00:00:00+00:00,125.83000183105469,127.91999816894531,125.13999938964844,124.69059753417969,83466700,AAPL
2021-04-08 00:00:00+00:00,128.9499969482422,130.38999938964844,128.52000427246094,127.0888671875,88844600,AAPL
2021-04-09 00:00:00+00:00,129.8000030517578,133.0399932861328,129.47000122070312,129.6626434326172,106686700,AAPL
2021-04-12 00:00:00+00:00,132.52000427246094,132.85000610351562,130.6300048828125,127.9468002319336,91420000,AAPL
2021-04-13 00:00:00+00:00,132.44000244140625,134.66000366210938,131.92999267578125,131.0567169189453,91266500,AAPL
2021-04-14 00:00:00+00:00,134.94000244140625,135.0,131.66000366210938,128.71697998046875,87222800,AAPL
2021-04-15 00:00:00+00:00,133.82000732421875,135.0,133.63999938964844,131.12498474121094,89347100,AAPL
2021-04-16 00:00:00+00:00,134.3000030517578,134.6699981689453,133.27999877929688,130.7935028076172,84922400,AAPL
2021-04-19 00:00:00+00:00,133.50999450683594,135.47000122070312,133.33999633789062,131.4564666748047,94264200,AAPL
2021-04-20 00:00:00+00:00,135.02000427246094,135.52999877929688,131.80999755859375,129.76986694335938,94812300,AAPL
2021-04-21 00:00:00+00:00,132.36000061035156,133.75,131.3000030517578,130.1500701904297,68847100,AAPL
2021-04-22 00:00:00+00:00,133.0399932861328,134.14999389648438,131.41000366210938,128.62924194335938,84566500,AAPL
2021-04-23 00:00:00+00:00,132.16000366210938,135.1199951171875,132.16000366210938,130.94952392578125,78657500,AAPL
2021-04-26 00:00:00+00:00,134.8300018310547,135.05999755859375,133.55999755859375,131.33949279785156,66905100,AAPL
2021-04-27 00:00:00+00:00,135.00999450683594,135.41000366210938,134.11000061035156,131.0177459716797,66015800,AAPL
2021-04-28 00:00:00+00:00,134.30999755859375,135.02000427246094,133.0800018310547,130.2280731201172,107760100,AAPL
2021-04-29 00:00:00+00:00,136.47000122070312,137.07000732421875,132.4499969482422,130.13055419921875,151101000,AAPL
2021-04-30 00:00:00+00:00,131.77999877929688,133.55999755859375,131.07000732421875,128.1613006591797,109839500,AAPL
2021-05-03 00:00:00+00:00,132.0399932861328,134.07000732421875,131.8300018310547,129.2141571044922,75135100,AAPL
2021-05-04 00:00:00+00:00,131.19000244140625,131.49000549316406,126.69999694824219,124.64183807373047,137564700,AAPL
2021-05-05 00:00:00+00:00,129.1999969482422,130.4499969482422,127.97000122070312,124.88558959960938,84000900,AAPL
2021-05-06 00:00:00+00:00,127.88999938964844,129.75,127.12999725341797,126.48442840576172,78128300,AAPL
2021-05-07 00:00:00+00:00,130.85000610351562,131.25999450683594,129.47999572753906,127.15827941894531,78973300,AAPL
2021-05-10 00:00:00+00:00,129.41000366210938,129.5399932861328,126.80999755859375,123.87699127197266,88071200,AAPL
2021-05-11 00:00:00+00:00,123.5,126.2699966430664,122.7699966430664,122.95903015136719,126142800,AAPL
2021-05-12 00:00:00+00:00,123.4000015258789,124.63999938964844,122.25,119.89263153076172,112172300,AAPL
2021-05-13 00:00:00+00:00,124.58000183105469,126.1500015258789,124.26000213623047,122.04106140136719,105861300,AAPL
2021-05-14 00:00:00+00:00,126.25,127.88999938964844,125.8499984741211,124.46293640136719,81918000,AAPL
2021-05-17 00:00:00+00:00,126.81999969482422,126.93000030517578,125.16999816894531,123.31059265136719,74244600,AAPL
2021-05-18 00:00:00+00:00,126.55999755859375,126.98999786376953,124.77999877929688,121.92388153076172,63342900,AAPL
2021-05-19 00:00:00+00:00,123.16000366210938,124.91999816894531,122.86000061035156,121.76761627197266,92612000,AAPL
2021-05-20 00:00:00+00:00,125.2300033569336,127.72000122070312,125.0999984741211,124.32621002197266,76857100,AAPL
2021-05-21 00:00:00+00:00,127.81999969482422,128.0,125.20999908447266,122.49027252197266,79295400,AAPL
2021-05-24 00:00:00+00:00,126.01000213623047,127.94000244140625,125.94000244140625,124.12114715576172,63092900,AAPL
2021-05-25 00:00:00+00:00,127.81999969482422,128.32000732421875,126.31999969482422,123.92583465576172,72009500,AAPL
2021-05-26 00:00:00+00:00,126.95999908447266,127.38999938964844,126.41999816894531,123.87699127197266,56575900,AAPL
2021-05-27 00:00:00+00:00,126.44000244140625,127.63999938964844,125.08000183105469,122.34379577636719,94625600,AAPL
2021-05-28 00:00:00+00:00,125.56999969482422,125.80000305175781,124.55000305175781,121.68950653076172,71311100,AAPL
2021-06-01 00:00:00+00:00,125.08000183105469,125.3499984741211,123.94000244140625,121.36722564697266,67637100,AAPL
2021-06-02 00:00:00+00:00,124.27999877929688,125.23999786376953,124.05000305175781,122.12895965576172,59278900,AAPL
2021-06-03 00:00:00+00:00,124.68000030517578,124.8499984741211,123.12999725341797,120.64458465576172,76229200,AAPL
2021-06-04 00:00:00+00:00,124.06999969482422,126.16000366210938,123.8499984741211,122.93948364257812,75169300,AAPL
2021-06-07 00:00:00+00:00,126.16999816894531,126.31999969482422,124.83000183105469,122.94927978515625,71057600,AAPL
2021-06-08 00:00:00+00:00,126.5999984741211,128.4600067138672,126.20999908447266,123.76956939697266,74403800,AAPL
2021-06-09 00:00:00+00:00,127.20999908447266,127.75,126.5199966430664,124.15044403076172,56877900,AAPL
2021-06-10 00:00:00+00:00,127.0199966430664,128.19000244140625,125.94000244140625,123.15435028076172,71186400,AAPL
2021-06-11 00:00:00+00:00,126.52999877929688,127.44000244140625,126.0999984741211,124.36530303955078,53522400,AAPL
2021-06-14 00:00:00+00:00,127.81999969482422,130.5399932861328,127.06999969482422,127.42190551757812,96906500,AAPL
2021-06-15 00:00:00+00:00,129.94000244140625,130.60000610351562,129.38999938964844,126.60159301757812,62746300,AAPL
2021-06-16 00:00:00+00:00,130.3699951171875,130.88999938964844,128.4600067138672,127.09966278076172,91815000,AAPL
2021-06-17 00:00:00+00:00,129.8000030517578,132.5500030517578,129.64999389648438,128.70118713378906,96721700,AAPL
2021-06-18 00:00:00+00:00,130.7100067138672,131.50999450683594,130.24000549316406,127.40240478515625,108953300,AAPL
2021-06-21 00:00:00+00:00,130.3000030517578,132.41000366210938,129.2100067138672,129.19927978515625,79663300,AAPL
2021-06-22 00:00:00+00:00,132.1300048828125,134.0800018310547,131.6199951171875,130.83990478515625,74783600,AAPL
2021-06-23 00:00:00+00:00,133.77000427246094,134.32000732421875,133.22999572753906,130.5664520263672,60214200,AAPL
2021-06-24 00:00:00+00:00,134.4499969482422,134.63999938964844,132.92999267578125,130.2832489013672,68711000,AAPL
2021-06-25 00:00:00+00:00,133.4600067138672,133.88999938964844,132.80999755859375,129.9902801513672,70783700,AAPL
2021-06-28 00:00:00+00:00,133.41000366210938,135.25,133.35000610351562,131.62112426757812,62111300,AAPL
2021-06-29 00:00:00+00:00,134.8000030517578,136.49000549316406,134.35000610351562,133.13485717773438,64556100,AAPL
2021-06-30 00:00:00+00:00,136.1699981689453,137.41000366210938,135.8699951171875,133.75009155273438,63261400,AAPL
2021-07-01 00:00:00+00:00,136.60000610351562,137.3300018310547,135.75999450683594,134.0527801513672,52485800,AAPL
2021-07-02 00:00:00+00:00,137.89999389648438,140.0,137.75,136.67974853515625,78852600,AAPL
2021-07-06 00:00:00+00:00,140.07000732421875,143.14999389648438,140.07000732421875,138.6914825439453,108181800,AAPL
2021-07-07 00:00:00+00:00,143.5399932861328,144.88999938964844,142.66000366210938,141.1816864013672,104911600,AAPL
2021-07-08 00:00:00+00:00,141.5800018310547,144.05999755859375,140.6699981689453,139.88287353515625,105575500,AAPL
2021-07-09 00:00:00+00:00,142.75,145.64999389648438,142.64999389648438,141.70904541015625,99890800,AAPL
2021-07-12 00:00:00+00:00,146.2100067138672,146.32000732421875,144.0,141.1133575439453,76299700,AAPL
2021-07-13 00:00:00+00:00,144.02999877929688,147.4600067138672,143.6300048828125,142.2266387939453,100827100,AAPL
2021-07-14 00:00:00+00:00,148.10000610351562,149.57000732421875,147.67999267578125,145.65435791015625,127050800,AAPL
2021-07-15 00:00:00+00:00,149.24000549316406,150.0,147.08999633789062,145.0000457763672,106820300,AAPL
2021-07-16 00:00:00+00:00,148.4600067138672,149.75999450683594,145.8800048828125,142.9590606689453,93251400,AAPL
2021-07-19 00:00:00+00:00,143.75,144.07000732421875,141.6699981689453,139.11138916015625,121434600,AAPL
2021-07-20 00:00:00+00:00,143.4600067138672,147.10000610351562,142.9600067138672,142.7246856689453,96350000,AAPL
2021-07-21 00:00:00+00:00,145.52999877929688,146.1300048828125,144.6300048828125,141.9921875,74993500,AAPL
2021-07-22 00:00:00+00:00,145.94000244140625,148.1999969482422,145.80999755859375,143.35940551757812,77338200,AAPL
2021-07-23 00:00:00+00:00,147.5500030517578,148.72000122070312,146.9199981689453,145.07818603515625,71447400,AAPL
2021-07-26 00:00:00+00:00,148.27000427246094,149.8300018310547,147.6999969482422,145.49810791015625,72434100,AAPL
2021-07-27 00:00:00+00:00,149.1199951171875,149.2100067138672,145.5500030517578,143.3301239013672,104818600,AAPL
2021-07-28 00:00:00+00:00,144.80999755859375,146.97000122070312,142.5399932861328,141.58209228515625,118931200,AAPL
2021-07-29 00:00:00+00:00,144.69000244140625,146.5500030517578,144.5800018310547,142.2266387939453,56699500,AAPL
2021-07-30 00:00:00+00:00,144.3800048828125,146.3300018310547,144.11000061035156,142.4414520263672,70440600,AAPL
2021-08-02 00:00:00+00:00,146.36000061035156,146.9499969482422,145.25,142.10946655273438,62880000,AAPL
2021-08-03 00:00:00+00:00,145.80999755859375,148.0399932861328,145.17999267578125,143.90635681152344,64786600,AAPL
2021-08-04 00:00:00+00:00,147.27000427246094,147.7899932861328,146.27999877929688,143.50592041015625,56368300,AAPL
2021-08-05 00:00:00+00:00,146.97999572753906,147.83999633789062,146.1699981689453,143.61334228515625,46397700,AAPL
2021-08-06 00:00:00+00:00,146.35000610351562,147.11000061035156,145.6300048828125,142.92872619628906,54126800,AAPL
2021-08-09 00:00:00+00:00,146.1999969482422,146.6999969482422,145.52000427246094,142.8798065185547,48908700,AAPL
2021-08-10 00:00:00+00:00,146.44000244140625,147.7100067138672,145.3000030517578,142.400634765625,69023100,AAPL
2021-08-11 00:00:00+00:00,146.0500030517578,146.72000122070312,145.52999877929688,142.65487670898438,48493500,AAPL
2021-08-12 00:00:00+00:00,146.19000244140625,149.0500030517578,145.83999633789062,145.61830139160156,72282600,AAPL
2021-08-13 00:00:00+00:00,148.97000122070312,149.44000244140625,148.27000427246094,145.82366943359375,59375000,AAPL
2021-08-16 00:00:00+00:00,148.5399932861328,151.19000244140625,146.47000122070312,147.79930114746094,103296000,AAPL
2021-08-17 00:00:00+00:00,150.22999572753906,151.67999267578125,149.08999633789062,146.8897247314453,92229700,AAPL
2021-08-18 00:00:00+00:00,149.8000030517578,150.72000122070312,146.14999389648438,143.1438751220703,86326000,AAPL
2021-08-19 00:00:00+00:00,145.02999877929688,148.0,144.5,143.47640991210938,86960300,AAPL
2021-08-20 00:00:00+00:00,147.44000244140625,148.5,146.77999877929688,144.93368530273438,60549600,AAPL
2021-08-23 00:00:00+00:00,148.30999755859375,150.19000244140625,147.88999938964844,146.4202880859375,60131800,AAPL
2021-08-24 00:00:00+00:00,149.4499969482422,150.86000061035156,149.14999389648438,146.332275390625,48606400,AAPL
2021-08-25 00:00:00+00:00,149.80999755859375,150.32000732421875,147.8000030517578,145.0999298095703,58991300,AAPL
2021-08-26 00:00:00+00:00,148.35000610351562,149.1199951171875,147.50999450683594,144.29794311523438,48597200,AAPL
2021-08-27 00:00:00+00:00,147.47999572753906,148.75,146.8300018310547,145.33468627929688,55802400,AAPL
2021-08-30 00:00:00+00:00,149.0,153.49000549316406,148.61000061035156,149.75535583496094,90956700,AAPL
2021-08-31 00:00:00+00:00,152.66000366210938,152.8000030517578,151.2899932861328,148.4936981201172,86453100,AAPL
2021-09-01 00:00:00+00:00,152.8300018310547,154.97999572753906,152.33999633789062,149.1587371826172,80313700,AAPL
2021-09-02 00:00:00+00:00,153.8699951171875,154.72000122070312,152.39999389648438,150.27371215820312,71115500,AAPL
2021-09-03 00:00:00+00:00,153.75999450683594,154.6300048828125,153.08999633789062,150.909423828125,57808700,AAPL
2021-09-07 00:00:00+00:00,154.97000122070312,157.25999450683594,154.38999938964844,153.2469024658203,82278300,AAPL
2021-09-08 00:00:00+00:00,156.97999572753906,157.0399932861328,153.97999572753906,151.7015838623047,74420200,AAPL
2021-09-09 00:00:00+00:00,155.49000549316406,156.11000061035156,153.9499969482422,150.68447875976562,57305700,AAPL
2021-09-10 00:00:00+00:00,155.0,155.47999572753906,148.6999969482422,145.696533203125,140893200,AAPL
2021-09-13 00:00:00+00:00,150.6300048828125,151.4199981689453,148.75,146.26382446289062,102404300,AAPL
2021-09-14 00:00:00+00:00,150.35000610351562,151.07000732421875,146.91000366210938,144.86520385742188,109296300,AAPL
2021-09-15 00:00:00+00:00,148.55999755859375,149.44000244140625,146.3699951171875,145.75521850585938,83281300,AAPL
2021-09-16 00:00:00+00:00,148.44000244140625,148.97000122070312,147.22000122070312,145.52049255371094,68034100,AAPL
2021-09-17 00:00:00+00:00,148.82000732421875,148.82000732421875,145.75999450683594,142.8504638671875,129868800,AAPL
2021-09-20 00:00:00+00:00,143.8000030517578,144.83999633789062,141.27000427246094,139.79905700683594,123478900,AAPL
2021-09-21 00:00:00+00:00,143.92999267578125,144.60000610351562,142.77999877929688,140.27828979492188,75834000,AAPL
2021-09-22 00:00:00+00:00,144.4499969482422,146.42999267578125,143.6999969482422,142.6450958251953,76404300,AAPL
2021-09-23 00:00:00+00:00,146.64999389648438,147.0800018310547,145.63999938964844,143.60357666015625,64838200,AAPL
2021-09-24 00:00:00+00:00,145.66000366210938,147.47000122070312,145.55999755859375,143.69155883789062,53477900,AAPL
2021-09-27 00:00:00+00:00,145.47000122070312,145.9600067138672,143.82000732421875,142.17564392089844,74150700,AAPL
2021-09-28 00:00:00+00:00,143.25,144.75,141.69000244140625,138.79168701171875,108972300,AAPL
2021-09-29 00:00:00+00:00,142.47000122070312,144.4499969482422,142.02999877929688,139.69149780273438,74602000,AAPL
2021-09-30 00:00:00+00:00,143.66000366210938,144.3800048828125,141.27999877929688,138.39068603515625,89056700,AAPL
2021-10-01 00:00:00+00:00,141.89999389648438,142.9199981689453,139.11000061035156,139.51544189453125,94639600,AAPL
2021-10-04 00:00:00+00:00,141.75999450683594,142.2100067138672,138.27000427246094,136.0825653076172,98322000,AAPL
2021-10-05 00:00:00+00:00,139.49000549316406,142.24000549316406,139.36000061035156,138.00924682617188,80861100,AAPL
2021-10-06 00:00:00+00:00,139.47000122070312,142.14999389648438,138.3699951171875,138.87969970703125,83221100,AAPL
2021-10-07 00:00:00+00:00,143.05999755859375,144.22000122070312,142.72000122070312,140.14132690429688,61732700,AAPL
2021-10-08 00:00:00+00:00,144.02999877929688,144.17999267578125,142.55999755859375,139.7598876953125,58773200,AAPL
2021-10-11 00:00:00+00:00,142.27000427246094,144.80999755859375,141.80999755859375,139.67190551757812,64452200,AAPL
2021-10-12 00:00:00+00:00,143.22999572753906,143.25,141.0399932861328,138.4004364013672,73035900,AAPL
2021-10-13 00:00:00+00:00,141.24000549316406,141.39999389648438,139.1999969482422,137.81365966796875,78762700,AAPL
2021-10-14 00:00:00+00:00,142.11000061035156,143.8800048828125,141.50999450683594,140.6010284423828,69907100,AAPL
2021-10-15 00:00:00+00:00,143.77000427246094,144.89999389648438,143.50999450683594,141.65731811523438,67940300,AAPL
2021-10-18 00:00:00+00:00,143.4499969482422,146.83999633789062,143.16000366210938,143.32968139648438,85589200,AAPL
2021-10-19 00:00:00+00:00,147.00999450683594,149.1699981689453,146.5500030517578,145.49114990234375,76378900,AAPL
2021-10-20 00:00:00+00:00,148.6999969482422,149.75,148.1199951171875,145.98013305664062,58418800,AAPL
2021-10-21 00:00:00+00:00,148.80999755859375,149.63999938964844,147.8699951171875,146.19532775878906,61421000,AAPL
2021-10-22 00:00:00+00:00,149.69000244140625,150.17999267578125,148.63999938964844,145.4227294921875,58883400,AAPL
2021-10-25 00:00:00+00:00,148.67999267578125,149.3699951171875,147.6199951171875,145.37379455566406,50720600,AAPL
2021-10-26 00:00:00+00:00,149.3300018310547,150.83999633789062,149.00999450683594,146.0388641357422,60893400,AAPL
2021-10-27 00:00:00+00:00,149.36000061035156,149.72999572753906,148.49000549316406,145.5791778564453,56094900,AAPL
2021-10-28 00:00:00+00:00,149.82000732421875,153.1699981689453,149.72000122070312,149.21743774414062,100077900,AAPL
2021-10-29 00:00:00+00:00,147.22000122070312,149.94000244140625,146.41000366210938,146.50831604003906,124953200,AAPL
2021-11-01 00:00:00+00:00,148.99000549316406,149.6999969482422,147.8000030517578,145.686767578125,74588300,AAPL
2021-11-02 00:00:00+00:00,148.66000366210938,151.57000732421875,148.64999389648438,146.72344970703125,69122000,AAPL
2021-11-03 00:00:00+00:00,150.38999938964844,151.97000122070312,149.82000732421875,148.1611785888672,54511500,AAPL
2021-11-04 00:00:00+00:00,151.5800018310547,152.42999267578125,150.63999938964844,147.64279174804688,60394600,AAPL
2021-11-05 00:00:00+00:00,151.88999938964844,152.1999969482422,150.05999755859375,148.1717071533203,65463900,AAPL
2021-11-08 00:00:00+00:00,151.41000366210938,151.57000732421875,150.16000366210938,147.34896850585938,55020900,AAPL
2021-11-09 00:00:00+00:00,150.1999969482422,151.42999267578125,150.05999755859375,147.71136474609375,56787900,AAPL
2021-11-10 00:00:00+00:00,150.02000427246094,150.1300048828125,147.85000610351562,144.8807373046875,65187100,AAPL
2021-11-11 00:00:00+00:00,148.9600067138672,149.42999267578125,147.67999267578125,144.83177185058594,41000000,AAPL
2021-11-12 00:00:00+00:00,148.42999267578125,150.39999389648438,147.47999572753906,146.90821838378906,63804000,AAPL
2021-11-15 00:00:00+00:00,150.3699951171875,151.8800048828125,149.42999267578125,146.9180145263672,59222800,AAPL
2021-11-16 00:00:00+00:00,149.94000244140625,151.49000549316406,149.33999633789062,147.8975067138672,59256200,AAPL
2021-11-17 00:00:00+00:00,151.0,155.0,150.99000549316406,150.33633422851562,88807000,AAPL
2021-11-18 00:00:00+00:00,153.7100067138672,158.6699981689453,153.0500030517578,154.62632751464844,137827700,AAPL
2021-11-19 00:00:00+00:00,157.64999389648438,161.02000427246094,156.52999877929688,157.25125122070312,117305600,AAPL
2021-11-22 00:00:00+00:00,161.67999267578125,165.6999969482422,161.0,157.7115936279297,117467900,AAPL
2021-11-23 00:00:00+00:00,161.1199951171875,161.8000030517578,159.05999755859375,158.0935821533203,96041900,AAPL
2021-11-24 00:00:00+00:00,160.75,162.13999938964844,159.63999938964844,158.6126708984375,69463600,AAPL
2021-11-26 00:00:00+00:00,159.57000732421875,160.4499969482422,156.36000061035156,153.58810424804688,76959800,AAPL
2021-11-29 00:00:00+00:00,159.3699951171875,161.19000244140625,158.7899932861328,156.94761657714844,88748200,AAPL
2021-11-30 00:00:00+00:00,159.99000549316406,165.52000427246094,159.9199981689453,161.90367126464844,174048100,AAPL
2021-12-01 00:00:00+00:00,167.47999572753906,170.3000030517578,164.52999877929688,161.38453674316406,152052500,AAPL
2021-12-02 00:00:00+00:00,158.74000549316406,164.1999969482422,157.8000030517578,160.3953094482422,136739200,AAPL
2021-12-03 00:00:00+00:00,164.02000427246094,164.9600067138672,159.72000122070312,158.5147247314453,118023100,AAPL
2021-12-06 00:00:00+00:00,164.2899932861328,167.8800048828125,164.27999877929688,161.92323303222656,107497000,AAPL
2021-12-07 00:00:00+00:00,169.0800018310547,171.5800018310547,168.33999633789062,167.662841796875,120405400,AAPL
2021-12-08 00:00:00+00:00,172.1300048828125,175.9600067138672,170.6999969482422,171.48272705078125,116998900,AAPL
2021-12-09 00:00:00+00:00,174.91000366210938,176.75,173.9199981689453,170.97340393066406,108923700,AAPL
2021-12-10 00:00:00+00:00,175.2100067138672,179.6300048828125,174.69000244140625,175.76292419433594,115402700,AAPL
2021-12-13 00:00:00+00:00,181.1199951171875,182.1300048828125,175.52999877929688,172.12913513183594,153237000,AAPL
2021-12-14 00:00:00+00:00,175.25,177.74000549316406,172.2100067138672,170.74813842773438,139380400,AAPL
2021-12-15 00:00:00+00:00,175.11000061035156,179.5,172.30999755859375,175.61599731445312,131063300,AAPL
2021-12-16 00:00:00+00:00,179.27999877929688,181.13999938964844,170.75,168.7206573486328,150185800,AAPL
2021-12-17 00:00:00+00:00,169.92999267578125,173.47000122070312,169.69000244140625,167.6236572265625,195432700,AAPL
2021-12-20 00:00:00+00:00,168.27999877929688,170.5800018310547,167.4600067138672,166.26222229003906,107499100,AAPL
2021-12-21 00:00:00+00:00,171.55999755859375,173.1999969482422,169.1199951171875,169.43565368652344,91185900,AAPL
2021-12-22 00:00:00+00:00,173.0399932861328,175.86000061035156,172.14999389648438,172.03121948242188,92135300,AAPL
2021-12-23 00:00:00+00:00,175.85000610351562,176.85000610351562,175.27000427246094,172.6580352783203,68356600,AAPL
2021-12-27 00:00:00+00:00,177.08999633789062,180.4199981689453,177.07000732421875,176.62481689453125,74919600,AAPL
2021-12-28 00:00:00+00:00,180.16000366210938,181.3300018310547,178.52999877929688,175.60621643066406,79144300,AAPL
2021-12-29 00:00:00+00:00,179.3300018310547,180.6300048828125,178.13999938964844,175.69435119628906,62348900,AAPL
2021-12-30 00:00:00+00:00,179.47000122070312,180.57000732421875,178.08999633789062,174.53860473632812,59773000,AAPL
2021-12-31 00:00:00+00:00,178.08999633789062,179.22999572753906,177.25999450683594,173.9215545654297,64062300,AAPL
2022-01-03 00:00:00+00:00,177.8300018310547,182.8800048828125,177.7100067138672,178.27032470703125,104487900,AAPL
2022-01-04 00:00:00+00:00,182.6300048828125,182.94000244140625,179.1199951171875,176.00779724121094,99310400,AAPL
2022-01-05 00:00:00+00:00,179.61000061035156,180.1699981689453,174.63999938964844,171.32598876953125,94537600,AAPL
2022-01-06 00:00:00+00:00,172.6999969482422,175.3000030517578,171.63999938964844,168.46600341796875,96904000,AAPL
2022-01-07 00:00:00+00:00,172.88999938964844,174.13999938964844,171.02999877929688,168.63250732421875,86709100,AAPL
2022-01-10 00:00:00+00:00,169.0800018310547,172.5,168.1699981689453,168.652099609375,106765600,AAPL
2022-01-11 00:00:00+00:00,172.32000732421875,175.17999267578125,170.82000732421875,171.48272705078125,76138300,AAPL
2022-01-12 00:00:00+00:00,176.1199951171875,177.17999267578125,174.82000732421875,171.9234619140625,74805200,AAPL
2022-01-13 00:00:00+00:00,175.77999877929688,176.6199951171875,171.7899932861328,168.652099609375,84505800,AAPL
2022-01-14 00:00:00+00:00,171.33999633789062,173.77999877929688,171.08999633789062,169.51400756835938,80440800,AAPL
2022-01-18 00:00:00+00:00,171.50999450683594,172.5399932861328,169.41000366210938,166.3112030029297,90956700,AAPL
2022-01-19 00:00:00+00:00,170.0,171.0800018310547,165.94000244140625,162.8145294189453,94815000,AAPL
2022-01-20 00:00:00+00:00,166.97999572753906,169.67999267578125,164.17999267578125,161.12989807128906,91420500,AAPL
2022-01-21 00:00:00+00:00,164.4199981689453,166.3300018310547,162.3000030517578,159.07305908203125,122848900,AAPL
2022-01-24 00:00:00+00:00,160.02000427246094,162.3000030517578,154.6999969482422,158.29928588867188,162294600,AAPL
2022-01-25 00:00:00+00:00,158.97999572753906,162.75999450683594,157.02000427246094,156.4970703125,115798400,AAPL
2022-01-26 00:00:00+00:00,163.5,164.38999938964844,157.82000732421875,156.40892028808594,108275300,AAPL
2022-01-27 00:00:00+00:00,162.4499969482422,163.83999633789062,158.27999877929688,155.94857788085938,121954600,AAPL
2022-01-28 00:00:00+00:00,165.7100067138672,170.35000610351562,162.8000030517578,166.83030700683594,179935700,AAPL
2022-01-31 00:00:00+00:00,170.16000366210938,175.0,169.50999450683594,171.18887329101562,115541600,AAPL
2022-02-01 00:00:00+00:00,174.00999450683594,174.83999633789062,172.30999755859375,171.02236938476562,86213900,AAPL
2022-02-02 00:00:00+00:00,174.75,175.8800048828125,173.3300018310547,172.22711181640625,84914300,AAPL
2022-02-03 00:00:00+00:00,174.47999572753906,176.24000549316406,172.1199951171875,169.34750366210938,89418100,AAPL
2022-02-04 00:00:00+00:00,171.67999267578125,174.10000610351562,170.67999267578125,169.0631103515625,82465400,AAPL
2022-02-07 00:00:00+00:00,172.86000061035156,173.9499969482422,170.9499969482422,168.34718322753906,77251200,AAPL
2022-02-08 00:00:00+00:00,171.72999572753906,175.35000610351562,171.42999267578125,171.45602416992188,74829200,AAPL
2022-02-09 00:00:00+00:00,176.0500030517578,176.64999389648438,174.89999389648438,172.87802124023438,71285000,AAPL
2022-02-10 00:00:00+00:00,174.13999938964844,175.47999572753906,171.5500030517578,168.79832458496094,90865900,AAPL
2022-02-11 00:00:00+00:00,172.3300018310547,173.0800018310547,168.0399932861328,165.38546752929688,98670700,AAPL
2022-02-14 00:00:00+00:00,167.3699951171875,169.5800018310547,166.55999755859375,165.62081909179688,86185500,AAPL
2022-02-15 00:00:00+00:00,170.97000122070312,172.9499969482422,170.25,169.45538330078125,62527400,AAPL
2022-02-16 00:00:00+00:00,171.85000610351562,173.33999633789062,170.0500030517578,169.22003173828125,61177400,AAPL
2022-02-17 00:00:00+00:00,171.02999877929688,171.91000366210938,168.47000122070312,165.62081909179688,69589300,AAPL
2022-02-18 00:00:00+00:00,169.82000732421875,170.5399932861328,166.19000244140625,164.0713653564453,82772700,AAPL
2022-02-22 00:00:00+00:00,164.97999572753906,166.69000244140625,162.14999389648438,161.14883422851562,91162800,AAPL
2022-02-23 00:00:00+00:00,165.5399932861328,166.14999389648438,159.75,156.98086547851562,90009200,AAPL
2022-02-24 00:00:00+00:00,152.5800018310547,162.85000610351562,152.0,159.59934997558594,141147500,AAPL
2022-02-25 00:00:00+00:00,163.83999633789062,165.1199951171875,160.8699951171875,161.6686248779297,91974200,AAPL
2022-02-28 00:00:00+00:00,163.05999755859375,165.4199981689453,162.42999267578125,161.9333953857422,95056600,AAPL
2022-03-01 00:00:00+00:00,164.6999969482422,166.60000610351562,161.97000122070312,160.05047607421875,83474400,AAPL
2022-03-02 00:00:00+00:00,164.38999938964844,167.36000061035156,162.9499969482422,163.3455810546875,79724800,AAPL
2022-03-03 00:00:00+00:00,168.47000122070312,168.91000366210938,165.5500030517578,163.02200317382812,76678400,AAPL
2022-03-04 00:00:00+00:00,164.49000549316406,165.5500030517578,162.10000610351562,160.0210418701172,83737200,AAPL
2022-03-07 00:00:00+00:00,163.36000061035156,165.02000427246094,159.0399932861328,156.2257080078125,96418800,AAPL
2022-03-08 00:00:00+00:00,158.82000732421875,162.8800048828125,155.8000030517578,154.40164184570312,131148300,AAPL
2022-03-09 00:00:00+00:00,161.47999572753906,163.41000366210938,159.41000366210938,159.80528259277344,91454900,AAPL
2022-03-10 00:00:00+00:00,160.1999969482422,160.38999938964844,155.97999572753906,155.46075439453125,105342000,AAPL
2022-03-11 00:00:00+00:00,158.92999267578125,159.27999877929688,154.5,151.7439422607422,96970100,AAPL
2022-03-14 00:00:00+00:00,151.4499969482422,154.1199951171875,150.10000610351562,147.7132110595703,108732100,AAPL
2022-03-15 00:00:00+00:00,150.89999389648438,155.57000732421875,150.3800048828125,152.0969696044922,92964300,AAPL
2022-03-16 00:00:00+00:00,157.0500030517578,160.0,154.4600067138672,156.51011657714844,102300200,AAPL
2022-03-17 00:00:00+00:00,158.61000061035156,161.0,157.6300048828125,157.52024841308594,75615400,AAPL
2022-03-18 00:00:00+00:00,160.50999450683594,164.47999572753906,159.75999450683594,160.81539916992188,123511700,AAPL
2022-03-21 00:00:00+00:00,163.50999450683594,166.35000610351562,163.00999450683594,162.18841552734375,95811400,AAPL
2022-03-22 00:00:00+00:00,165.50999450683594,169.4199981689453,164.91000366210938,165.56201171875,81532000,AAPL
2022-03-23 00:00:00+00:00,167.99000549316406,172.63999938964844,167.64999389648438,166.92520141601562,98062700,AAPL
2022-03-24 00:00:00+00:00,171.05999755859375,174.13999938964844,170.2100067138672,170.710693359375,90131400,AAPL
2022-03-25 00:00:00+00:00,173.8800048828125,175.27999877929688,172.75,171.34811401367188,80546200,AAPL
2022-03-28 00:00:00+00:00,172.1699981689453,175.72999572753906,172.0,172.21115112304688,90371900,AAPL
2022-03-29 00:00:00+00:00,176.69000244140625,179.00999450683594,176.33999633789062,175.5063018798828,100589400,AAPL
2022-03-30 00:00:00+00:00,178.5500030517578,179.61000061035156,176.6999969482422,174.33929443359375,92633200,AAPL
2022-03-31 00:00:00+00:00,177.83999633789062,178.02999877929688,174.39999389648438,171.24026489257812,103049300,AAPL
2022-04-01 00:00:00+00:00,174.02999877929688,174.8800048828125,171.94000244140625,170.94607543945312,78751300,AAPL
2022-04-04 00:00:00+00:00,174.57000732421875,178.49000549316406,174.44000244140625,174.996337890625,76468400,AAPL
2022-04-05 00:00:00+00:00,177.5,178.3000030517578,174.4199981689453,171.68154907226562,73401800,AAPL
2022-04-06 00:00:00+00:00,172.36000061035156,173.6300048828125,170.1300048828125,168.513916015625,89058800,AAPL
2022-04-07 00:00:00+00:00,171.16000366210938,173.36000061035156,169.85000610351562,168.8179473876953,77594700,AAPL
2022-04-08 00:00:00+00:00,171.77999877929688,171.77999877929688,169.1999969482422,166.80747985839844,76575500,AAPL
2022-04-11 00:00:00+00:00,168.7100067138672,169.02999877929688,165.5,162.5512237548828,72246700,AAPL
2022-04-12 00:00:00+00:00,168.02000427246094,169.8699951171875,166.63999938964844,164.4243621826172,79265200,AAPL
2022-04-13 00:00:00+00:00,167.38999938964844,171.0399932861328,166.77000427246094,167.11148071289062,70618900,AAPL
2022-04-14 00:00:00+00:00,170.6199951171875,171.27000427246094,165.0399932861328,162.10011291503906,75329400,AAPL
2022-04-18 00:00:00+00:00,163.9199981689453,166.60000610351562,163.57000732421875,161.8843536376953,69023900,AAPL
2022-04-19 00:00:00+00:00,165.02000427246094,167.82000732421875,163.91000366210938,164.16940307617188,67723800,AAPL
2022-04-20 00:00:00+00:00,168.75999450683594,168.8800048828125,166.10000610351562,164.00265502929688,67929800,AAPL
2022-04-21 00:00:00+00:00,168.91000366210938,171.52999877929688,165.91000366210938,163.2083282470703,87227800,AAPL
2022-04-22 00:00:00+00:00,166.4600067138672,167.8699951171875,161.5,158.66763305664062,84882400,AAPL
2022-04-25 00:00:00+00:00,161.1199951171875,163.1699981689453,158.4600067138672,159.73663330078125,96046400,AAPL
2022-04-26 00:00:00+00:00,162.25,162.33999633789062,156.72000122070312,153.77394104003906,95623200,AAPL
2022-04-27 00:00:00+00:00,155.91000366210938,159.7899932861328,155.3800048828125,153.54844665527344,88063200,AAPL
2022-04-28 00:00:00+00:00,159.25,164.52000427246094,158.92999267578125,160.48191833496094,130216800,AAPL
2022-04-29 00:00:00+00:00,161.83999633789062,166.1999969482422,157.25,154.60757446289062,131747600,AAPL
2022-05-02 00:00:00+00:00,156.7100067138672,158.22999572753906,153.27000427246094,154.9115753173828,123055300,AAPL
2022-05-03 00:00:00+00:00,158.14999389648438,160.7100067138672,156.32000732421875,156.40223693847656,88966500,AAPL
2022-05-04 00:00:00+00:00,159.6699981689453,166.47999572753906,159.25999450683594,162.81602478027344,108256500,AAPL
2022-05-05 00:00:00+00:00,163.85000610351562,164.0800018310547,154.9499969482422,153.74452209472656,130525300,AAPL
2022-05-06 00:00:00+00:00,156.00999450683594,159.44000244140625,154.17999267578125,154.4713134765625,116124600,AAPL
2022-05-09 00:00:00+00:00,154.92999267578125,155.8300018310547,151.49000549316406,149.3445281982422,131577900,AAPL
2022-05-10 00:00:00+00:00,155.52000427246094,156.74000549316406,152.92999267578125,151.7507781982422,115366700,AAPL
2022-05-11 00:00:00+00:00,153.5,155.4499969482422,145.80999755859375,143.88381958007812,142689800,AAPL
2022-05-12 00:00:00+00:00,142.77000427246094,146.1999969482422,138.8000030517578,140.01419067382812,182602000,AAPL
2022-05-13 00:00:00+00:00,144.58999633789062,148.10000610351562,143.11000061035156,144.48294067382812,113990900,AAPL
2022-05-16 00:00:00+00:00,145.5500030517578,147.52000427246094,144.17999267578125,142.94097900390625,86643800,AAPL
2022-05-17 00:00:00+00:00,148.86000061035156,149.77000427246094,146.67999267578125,146.57492065429688,78336300,AAPL
2022-05-18 00:00:00+00:00,146.85000610351562,147.36000061035156,139.89999389648438,138.30526733398438,109742900,AAPL
2022-05-19 00:00:00+00:00,139.8800048828125,141.66000366210938,136.60000610351562,134.89724731445312,136095600,AAPL
2022-05-20 00:00:00+00:00,139.08999633789062,140.6999969482422,132.61000061035156,135.13294982910156,137426100,AAPL
2022-05-23 00:00:00+00:00,137.7899932861328,143.25999450683594,137.64999389648438,140.5543670654297,117726300,AAPL
2022-05-24 00:00:00+00:00,140.80999755859375,141.97000122070312,137.3300018310547,137.85348510742188,104132700,AAPL
2022-05-25 00:00:00+00:00,138.42999267578125,141.7899932861328,138.33999633789062,138.01063537597656,92482700,AAPL
2022-05-26 00:00:00+00:00,137.38999938964844,144.33999633789062,137.13999938964844,141.21241760253906,90601500,AAPL
2022-05-27 00:00:00+00:00,145.38999938964844,149.67999267578125,145.25999450683594,146.96774291992188,90978500,AAPL
2022-05-31 00:00:00+00:00,149.07000732421875,150.66000366210938,146.83999633789062,146.18202209472656,103718400,AAPL
2022-06-01 00:00:00+00:00,149.89999389648438,151.74000549316406,147.67999267578125,146.05438232421875,74286600,AAPL
2022-06-02 00:00:00+00:00,147.8300018310547,151.27000427246094,146.86000061035156,148.50975036621094,72348100,AAPL
2022-06-03 00:00:00+00:00,146.89999389648438,147.97000122070312,144.4600067138672,142.7838592529297,88570300,AAPL
2022-06-06 00:00:00+00:00,147.02999877929688,148.57000732421875,144.89999389648438,143.53024291992188,71598400,AAPL
2022-06-07 00:00:00+00:00,144.35000610351562,149.0,144.10000610351562,146.05438232421875,67808200,AAPL
2022-06-08 00:00:00+00:00,148.5800018310547,149.8699951171875,147.4600067138672,145.31776428222656,53950200,AAPL
2022-06-09 00:00:00+00:00,147.0800018310547,147.9499969482422,142.52999877929688,140.0927734375,69473000,AAPL
2022-06-10 00:00:00+00:00,140.27999877929688,140.75999450683594,137.05999755859375,134.68118286132812,91437900,AAPL
2022-06-13 00:00:00+00:00,132.8699951171875,135.1999969482422,131.44000244140625,129.52491760253906,122207100,AAPL
2022-06-14 00:00:00+00:00,133.1300048828125,133.88999938964844,131.47999572753906,130.3892059326172,84784300,AAPL
2022-06-15 00:00:00+00:00,134.2899932861328,137.33999633789062,132.16000366210938,133.01150512695312,91533000,AAPL
2022-06-16 00:00:00+00:00,132.0800018310547,132.38999938964844,129.0399932861328,127.73738861083984,108123900,AAPL
2022-06-17 00:00:00+00:00,130.07000732421875,133.0800018310547,129.80999755859375,129.21063232421875,134520300,AAPL
2022-06-21 00:00:00+00:00,133.4199981689453,137.05999755859375,133.32000732421875,133.4436492919922,81000500,AAPL
2022-06-22 00:00:00+00:00,134.7899932861328,137.75999450683594,133.91000366210938,132.93295288085938,73409200,AAPL
2022-06-23 00:00:00+00:00,136.82000732421875,138.58999633789062,135.6300048828125,135.80081176757812,72433800,AAPL
2022-06-24 00:00:00+00:00,139.89999389648438,141.91000366210938,139.77000427246094,139.13026428222656,89116800,AAPL
2022-06-27 00:00:00+00:00,142.6999969482422,143.49000549316406,140.97000122070312,139.13026428222656,70207900,AAPL
2022-06-28 00:00:00+00:00,142.1300048828125,143.4199981689453,137.32000732421875,134.9856414794922,67083400,AAPL
2022-06-29 00:00:00+00:00,137.4600067138672,140.6699981689453,136.6699981689453,136.74366760253906,66242400,AAPL
2022-06-30 00:00:00+00:00,137.25,138.3699951171875,133.77000427246094,134.2784881591797,98964500,AAPL
2022-07-01 00:00:00+00:00,136.0399932861328,139.0399932861328,135.66000366210938,136.44903564453125,71051600,AAPL
2022-07-05 00:00:00+00:00,137.77000427246094,141.61000061035156,136.92999267578125,139.0320587158203,73353800,AAPL
2022-07-06 00:00:00+00:00,141.35000610351562,144.1199951171875,141.0800018310547,140.36776733398438,74064300,AAPL
2022-07-07 00:00:00+00:00,143.2899932861328,146.5500030517578,143.27999877929688,143.73651123046875,66253700,AAPL
2022-07-08 00:00:00+00:00,145.25999450683594,147.5500030517578,145.0,144.4141845703125,64547800,AAPL
2022-07-11 00:00:00+00:00,145.6699981689453,146.63999938964844,143.77999877929688,142.28297424316406,63141600,AAPL
2022-07-12 00:00:00+00:00,145.75999450683594,148.4499969482422,145.0500030517578,143.2552490234375,77588800,AAPL
2022-07-13 00:00:00+00:00,142.99000549316406,146.4499969482422,142.1199951171875,142.8918914794922,71185600,AAPL
2022-07-14 00:00:00+00:00,144.0800018310547,148.9499969482422,143.25,145.8186492919922,78140700,AAPL
2022-07-15 00:00:00+00:00,149.77999877929688,150.86000061035156,148.1999969482422,147.48828125,76259900,AAPL
2022-07-18 00:00:00+00:00,150.74000549316406,151.57000732421875,146.6999969482422,144.4436492919922,81420900,AAPL
2022-07-19 00:00:00+00:00,147.9199981689453,151.22999572753906,146.91000366210938,148.30349731445312,82982400,AAPL
2022-07-20 00:00:00+00:00,151.1199951171875,153.72000122070312,150.3699951171875,150.30703735351562,64823400,AAPL
2022-07-21 00:00:00+00:00,154.5,155.57000732421875,151.94000244140625,152.57579040527344,65086600,AAPL
2022-07-22 00:00:00+00:00,155.38999938964844,156.27999877929688,153.41000366210938,151.33828735351562,66675400,AAPL
2022-07-25 00:00:00+00:00,154.00999450683594,155.0399932861328,152.27999877929688,150.21864318847656,53623900,AAPL
2022-07-26 00:00:00+00:00,152.25999450683594,153.08999633789062,150.8000030517578,148.89276123046875,55138700,AAPL
2022-07-27 00:00:00+00:00,152.5800018310547,157.3300018310547,152.16000366210938,153.99009704589844,78620700,AAPL
2022-07-28 00:00:00+00:00,156.97999572753906,157.63999938964844,154.41000366210938,154.5400848388672,81378700,AAPL
2022-07-29 00:00:00+00:00,161.24000549316406,163.6300048828125,159.5,159.60794067382812,101786900,AAPL
2022-08-01 00:00:00+00:00,161.00999450683594,163.58999633789062,160.88999938964844,158.6257781982422,67829400,AAPL
2022-08-02 00:00:00+00:00,160.10000610351562,162.41000366210938,159.6300048828125,157.15260314941406,59907000,AAPL
2022-08-03 00:00:00+00:00,160.83999633789062,166.58999633789062,160.75,163.16329956054688,82507500,AAPL
2022-08-04 00:00:00+00:00,166.00999450683594,167.19000244140625,164.42999267578125,162.8489990234375,55474100,AAPL
2022-08-05 00:00:00+00:00,163.2100067138672,165.85000610351562,163.0,162.62281799316406,56697000,AAPL
2022-08-08 00:00:00+00:00,166.3699951171875,167.80999755859375,164.1999969482422,162.15074157714844,60276900,AAPL
2022-08-09 00:00:00+00:00,164.02000427246094,165.82000732421875,163.25,162.19985961914062,63135500,AAPL
2022-08-10 00:00:00+00:00,167.67999267578125,169.33999633789062,166.89999389648438,166.44863891601562,70170500,AAPL
2022-08-11 00:00:00+00:00,170.05999755859375,170.99000549316406,168.19000244140625,165.7110137939453,57149200,AAPL
2022-08-12 00:00:00+00:00,169.82000732421875,172.1699981689453,169.39999389648438,169.26145935058594,68039400,AAPL
2022-08-15 00:00:00+00:00,171.52000427246094,173.38999938964844,171.35000610351562,170.33346557617188,54091700,AAPL
2022-08-16 00:00:00+00:00,172.77999877929688,173.7100067138672,171.66000366210938,170.17611694335938,56377100,AAPL
2022-08-17 00:00:00+00:00,172.77000427246094,176.14999389648438,172.57000732421875,171.67105102539062,79542000,AAPL
2022-08-18 00:00:00+00:00,173.75,174.89999389648438,173.1199951171875,171.27764892578125,62290100,AAPL
2022-08-19 00:00:00+00:00,173.02999877929688,173.74000549316406,171.30999755859375,168.69105529785156,70346300,AAPL
2022-08-22 00:00:00+00:00,169.69000244140625,169.86000061035156,167.13999938964844,164.80618286132812,69026800,AAPL
2022-08-23 00:00:00+00:00,167.0800018310547,168.7100067138672,166.64999389648438,164.47178649902344,54147100,AAPL
2022-08-24 00:00:00+00:00,167.32000732421875,168.11000061035156,166.25,164.766845703125,53841500,AAPL
2022-08-25 00:00:00+00:00,168.77999877929688,170.13999938964844,168.35000610351562,167.2255859375,51218200,AAPL
2022-08-26 00:00:00+00:00,170.57000732421875,171.0500030517578,163.55999755859375,160.92135620117188,78961000,AAPL
2022-08-29 00:00:00+00:00,161.14999389648438,162.89999389648438,159.82000732421875,158.71826171875,73314000,AAPL
2022-08-30 00:00:00+00:00,162.1300048828125,162.55999755859375,157.72000122070312,156.28903198242188,77906200,AAPL
2022-08-31 00:00:00+00:00,160.30999755859375,160.5800018310547,157.13999938964844,154.6269073486328,87991100,AAPL
2022-09-01 00:00:00+00:00,156.63999938964844,158.4199981689453,154.6699981689453,155.3546600341797,74229900,AAPL
2022-09-02 00:00:00+00:00,159.75,160.36000061035156,154.97000122070312,153.2401580810547,76957800,AAPL
2022-09-06 00:00:00+00:00,156.47000122070312,157.08999633789062,153.69000244140625,151.98126220703125,73714800,AAPL
2022-09-07 00:00:00+00:00,154.82000732421875,156.6699981689453,153.61000061035156,153.3876495361328,87449600,AAPL
2022-09-08 00:00:00+00:00,154.63999938964844,156.36000061035156,152.67999267578125,151.91241455078125,84923800,AAPL
2022-09-09 00:00:00+00:00,155.47000122070312,157.82000732421875,154.75,154.77442932128906,68028800,AAPL
2022-09-12 00:00:00+00:00,159.58999633789062,164.25999450683594,159.3000030517578,160.7344512939453,104956000,AAPL
2022-09-13 00:00:00+00:00,159.89999389648438,160.5399932861328,153.3699951171875,151.30262756347656,122656600,AAPL
2022-09-14 00:00:00+00:00,154.7899932861328,157.10000610351562,153.61000061035156,152.7484130859375,87965400,AAPL
2022-09-15 00:00:00+00:00,154.64999389648438,155.24000549316406,151.3800048828125,149.8568878173828,90481100,AAPL
2022-09-16 00:00:00+00:00,151.2100067138672,151.35000610351562,148.3699951171875,148.21444702148438,162278800,AAPL
2022-09-19 00:00:00+00:00,149.30999755859375,154.55999755859375,149.10000610351562,151.93209838867188,81474200,AAPL
2022-09-20 00:00:00+00:00,153.39999389648438,158.0800018310547,153.0800018310547,154.3121337890625,107689800,AAPL
2022-09-21 00:00:00+00:00,157.33999633789062,158.74000549316406,153.60000610351562,151.1846466064453,101696800,AAPL
2022-09-22 00:00:00+00:00,152.3800048828125,154.47000122070312,150.91000366210938,150.2207794189453,86652500,AAPL
2022-09-23 00:00:00+00:00,151.19000244140625,151.47000122070312,148.55999755859375,147.94888305664062,96029900,AAPL
2022-09-26 00:00:00+00:00,149.66000366210938,153.77000427246094,149.63999938964844,148.2832794189453,93339400,AAPL
2022-09-27 00:00:00+00:00,152.74000549316406,154.72000122070312,149.9499969482422,149.2569580078125,84442700,AAPL
2022-09-28 00:00:00+00:00,147.63999938964844,150.63999938964844,144.83999633789062,147.36859130859375,146691400,AAPL
2022-09-29 00:00:00+00:00,146.10000610351562,146.72000122070312,140.67999267578125,140.12998962402344,128138200,AAPL
2022-09-30 00:00:00+00:00,141.27999877929688,143.10000610351562,138.0,135.92059326171875,124925300,AAPL
2022-10-03 00:00:00+00:00,138.2100067138672,143.07000732421875,137.69000244140625,140.10047912597656,114311700,AAPL
2022-10-04 00:00:00+00:00,145.02999877929688,146.22000122070312,144.25999450683594,143.6903076171875,87830100,AAPL
2022-10-05 00:00:00+00:00,144.07000732421875,147.3800048828125,143.00999450683594,143.9853515625,79471000,AAPL
2022-10-06 00:00:00+00:00,145.80999755859375,147.5399932861328,145.22000122070312,143.0313262939453,68402200,AAPL
2022-10-07 00:00:00+00:00,142.5399932861328,143.10000610351562,139.4499969482422,137.7794189453125,85925600,AAPL
2022-10-10 00:00:00+00:00,140.4199981689453,141.88999938964844,138.57000732421875,138.10398864746094,74899000,AAPL
2022-10-11 00:00:00+00:00,139.89999389648438,141.35000610351562,138.22000122070312,136.68772888183594,77033700,AAPL
2022-10-12 00:00:00+00:00,139.1300048828125,140.36000061035156,138.16000366210938,136.0582733154297,70433700,AAPL
2022-10-13 00:00:00+00:00,134.99000549316406,143.58999633789062,134.3699951171875,140.63162231445312,113224000,AAPL
2022-10-14 00:00:00+00:00,144.30999755859375,144.52000427246094,138.19000244140625,136.09764099121094,88598000,AAPL
2022-10-17 00:00:00+00:00,141.07000732421875,142.89999389648438,140.27000427246094,140.06117248535156,85250900,AAPL
2022-10-18 00:00:00+00:00,145.49000549316406,146.6999969482422,140.61000061035156,141.3790740966797,99136600,AAPL
2022-10-19 00:00:00+00:00,141.69000244140625,144.9499969482422,141.5,141.48724365234375,61758300,AAPL
2022-10-20 00:00:00+00:00,143.02000427246094,145.88999938964844,142.64999389648438,141.02496337890625,64522000,AAPL
2022-10-21 00:00:00+00:00,142.8699951171875,147.85000610351562,142.64999389648438,144.8409881591797,86548600,AAPL
2022-10-24 00:00:00+00:00,147.19000244140625,150.22999572753906,146.0,146.98504638671875,75981900,AAPL
2022-10-25 00:00:00+00:00,150.08999633789062,152.49000549316406,149.36000061035156,149.827392578125,74732300,AAPL
2022-10-26 00:00:00+00:00,150.9600067138672,151.99000549316406,148.0399932861328,146.8866729736328,88194300,AAPL
2022-10-27 00:00:00+00:00,148.07000732421875,149.0500030517578,144.1300048828125,142.41172790527344,109180200,AAPL
2022-10-28 00:00:00+00:00,148.1999969482422,157.5,147.82000732421875,153.1713104248047,164762400,AAPL
2022-10-31 00:00:00+00:00,153.16000366210938,154.24000549316406,151.9199981689453,150.81088256835938,97943200,AAPL
2022-11-01 00:00:00+00:00,155.0800018310547,155.4499969482422,149.1300048828125,148.16525268554688,80379300,AAPL
2022-11-02 00:00:00+00:00,148.9499969482422,152.1699981689453,145.0,142.63795471191406,93604600,AAPL
2022-11-03 00:00:00+00:00,142.05999755859375,142.8000030517578,138.75,136.58938598632812,97918500,AAPL
2022-11-04 00:00:00+00:00,142.08999633789062,142.6699981689453,134.3800048828125,136.32339477539062,140814800,AAPL
2022-11-07 00:00:00+00:00,137.11000061035156,139.14999389648438,135.6699981689453,136.85536193847656,83374600,AAPL
2022-11-08 00:00:00+00:00,140.41000366210938,141.42999267578125,137.49000549316406,137.42672729492188,89908500,AAPL
2022-11-09 00:00:00+00:00,138.5,138.5500030517578,134.58999633789062,132.86558532714844,74917800,AAPL
2022-11-10 00:00:00+00:00,141.24000549316406,146.8699951171875,139.5,144.68716430664062,118854000,AAPL
2022-11-11 00:00:00+00:00,145.82000732421875,150.00999450683594,144.3699951171875,147.4751739501953,93979700,AAPL
2022-11-14 00:00:00+00:00,148.97000122070312,150.27999877929688,147.42999267578125,146.07627868652344,73374100,AAPL
2022-11-15 00:00:00+00:00,152.22000122070312,153.58999633789062,148.55999755859375,147.8101043701172,89868300,AAPL
2022-11-16 00:00:00+00:00,149.1300048828125,149.8699951171875,147.2899932861328,146.5786590576172,64218300,AAPL
2022-11-17 00:00:00+00:00,146.42999267578125,151.47999572753906,146.14999389648438,148.48001098632812,80389400,AAPL
2022-11-18 00:00:00+00:00,152.30999755859375,152.6999969482422,149.97000122070312,149.04150390625,74829600,AAPL
2022-11-21 00:00:00+00:00,150.16000366210938,150.3699951171875,147.72000122070312,145.8102569580078,58724100,AAPL
2022-11-22 00:00:00+00:00,148.1300048828125,150.4199981689453,146.92999267578125,147.947998046875,51804100,AAPL
2022-11-23 00:00:00+00:00,149.4499969482422,151.8300018310547,149.33999633789062,148.8248291015625,58301400,AAPL
2022-11-25 00:00:00+00:00,148.30999755859375,148.8800048828125,147.1199951171875,145.90878295898438,35195900,AAPL
2022-11-28 00:00:00+00:00,145.13999938964844,146.63999938964844,143.3800048828125,142.0765838623047,69246000,AAPL
2022-11-29 00:00:00+00:00,144.2899932861328,144.80999755859375,140.35000610351562,139.0718994140625,83763800,AAPL
2022-11-30 00:00:00+00:00,141.39999389648438,148.72000122070312,140.5500030517578,145.82997131347656,111380900,AAPL
2022-12-01 00:00:00+00:00,148.2100067138672,149.1300048828125,146.61000061035156,146.1057891845703,71250400,AAPL
2022-12-02 00:00:00+00:00,145.9600067138672,148.0,145.64999389648438,145.6132354736328,65447400,AAPL
2022-12-05 00:00:00+00:00,147.77000427246094,150.9199981689453,145.77000427246094,144.45079040527344,68826400,AAPL
2022-12-06 00:00:00+00:00,147.07000732421875,147.3000030517578,141.9199981689453,140.78607177734375,64727200,AAPL
2022-12-07 00:00:00+00:00,142.19000244140625,143.3699951171875,140.0,138.84536743164062,69721100,AAPL
2022-12-08 00:00:00+00:00,142.36000061035156,143.52000427246094,141.10000610351562,140.5299530029297,62128300,AAPL
2022-12-09 00:00:00+00:00,142.33999633789062,145.57000732421875,140.89999389648438,140.04722595214844,76097000,AAPL
2022-12-12 00:00:00+00:00,142.6999969482422,144.5,141.05999755859375,142.34255981445312,70462700,AAPL
2022-12-13 00:00:00+00:00,149.5,149.97000122070312,144.24000549316406,143.30799865722656,93886200,AAPL
2022-12-14 00:00:00+00:00,145.35000610351562,146.66000366210938,141.16000366210938,141.0816192626953,82291200,AAPL
2022-12-15 00:00:00+00:00,141.11000061035156,141.8000030517578,136.02999877929688,134.47132873535156,98931900,AAPL
2022-12-16 00:00:00+00:00,136.69000244140625,137.64999389648438,133.72999572753906,132.5109100341797,160156900,AAPL
2022-12-19 00:00:00+00:00,135.11000061035156,135.1999969482422,131.32000732421875,130.40267944335938,79592600,AAPL
2022-12-20 00:00:00+00:00,131.38999938964844,133.25,129.88999938964844,130.33375549316406,77432800,AAPL
2022-12-21 00:00:00+00:00,132.97999572753906,136.80999755859375,132.75,133.43692016601562,85928000,AAPL
2022-12-22 00:00:00+00:00,134.35000610351562,134.55999755859375,130.3000030517578,130.26478576660156,77852100,AAPL
2022-12-23 00:00:00+00:00,130.9199981689453,132.4199981689453,129.63999938964844,129.90028381347656,63814900,AAPL
2022-12-27 00:00:00+00:00,131.3800048828125,131.41000366210938,128.72000122070312,128.0974884033203,69007800,AAPL
2022-12-28 00:00:00+00:00,129.6699981689453,131.02999877929688,125.87000274658203,124.16677856445312,85438400,AAPL
2022-12-29 00:00:00+00:00,127.98999786376953,130.47999572753906,127.7300033569336,127.6837387084961,75703700,AAPL
2022-12-30 00:00:00+00:00,128.41000366210938,129.9499969482422,127.43000030517578,127.99898529052734,77034200,AAPL
2023-01-03 00:00:00+00:00,130.27999877929688,130.89999389648438,124.16999816894531,123.2112045288086,112117500,AAPL
2023-01-04 00:00:00+00:00,126.88999938964844,128.66000366210938,125.08000183105469,124.48202514648438,89113600,AAPL
2023-01-05 00:00:00+00:00,127.12999725341797,127.7699966430664,124.76000213623047,123.16195678710938,80962700,AAPL
2023-01-06 00:00:00+00:00,126.01000213623047,130.2899932861328,124.88999938964844,127.6935806274414,87754700,AAPL
2023-01-09 00:00:00+00:00,130.47000122070312,133.41000366210938,129.88999938964844,128.2156982421875,70790800,AAPL
2023-01-10 00:00:00+00:00,130.25999450683594,131.25999450683594,128.1199951171875,128.78707885742188,63896200,AAPL
2023-01-11 00:00:00+00:00,131.25,133.50999450683594,130.4600067138672,131.50607299804688,69458900,AAPL
2023-01-12 00:00:00+00:00,133.8800048828125,134.25999450683594,131.44000244140625,131.42726135253906,71379600,AAPL
2023-01-13 00:00:00+00:00,132.02999877929688,134.9199981689453,131.66000366210938,132.7572021484375,57809700,AAPL
2023-01-17 00:00:00+00:00,134.8300018310547,137.2899932861328,134.1300048828125,133.91964721679688,63646600,AAPL
2023-01-18 00:00:00+00:00,136.82000732421875,138.61000061035156,135.02999877929688,133.2005157470703,69672800,AAPL
2023-01-19 00:00:00+00:00,134.0800018310547,136.25,133.77000427246094,133.2595977783203,58280400,AAPL
2023-01-20 00:00:00+00:00,135.27999877929688,138.02000427246094,134.22000122070312,135.82098388671875,80223600,AAPL
2023-01-23 00:00:00+00:00,138.1199951171875,143.32000732421875,137.89999389648438,139.0128173828125,81760300,AAPL
2023-01-24 00:00:00+00:00,140.30999755859375,143.16000366210938,140.3000030517578,140.41171264648438,66435100,AAPL
2023-01-25 00:00:00+00:00,140.88999938964844,142.42999267578125,138.80999755859375,139.75167846679688,65799300,AAPL
2023-01-26 00:00:00+00:00,143.1699981689453,144.25,141.89999389648438,141.82049560546875,54105100,AAPL
2023-01-27 00:00:00+00:00,143.16000366210938,147.22999572753906,143.0800018310547,143.7611541748047,70555800,AAPL
2023-01-30 00:00:00+00:00,144.9600067138672,145.5500030517578,142.85000610351562,140.874755859375,64015300,AAPL
2023-01-31 00:00:00+00:00,142.6999969482422,144.33999633789062,142.27999877929688,142.14553833007812,65874500,AAPL
2023-02-01 00:00:00+00:00,143.97000122070312,146.61000061035156,141.32000732421875,143.2686004638672,77663600,AAPL
2023-02-02 00:00:00+00:00,148.89999389648438,151.17999267578125,148.1699981689453,148.57850646972656,118339000,AAPL
2023-02-03 00:00:00+00:00,148.02999877929688,157.3800048828125,147.8300018310547,152.20379638671875,154357300,AAPL
2023-02-06 00:00:00+00:00,152.57000732421875,153.10000610351562,150.77999877929688,149.47499084472656,69858300,AAPL
2023-02-07 00:00:00+00:00,150.63999938964844,155.22999572753906,150.63999938964844,152.3515625,83322600,AAPL
2023-02-08 00:00:00+00:00,153.8800048828125,154.5800018310547,151.1699981689453,149.66217041015625,64120100,AAPL
2023-02-09 00:00:00+00:00,153.77999877929688,154.3300018310547,150.4199981689453,148.6277618408203,56007100,AAPL
2023-02-10 00:00:00+00:00,149.4600067138672,151.33999633789062,149.22000122070312,148.99281311035156,57450700,AAPL
2023-02-13 00:00:00+00:00,150.9499969482422,154.25999450683594,150.9199981689453,151.79489135742188,62199000,AAPL
2023-02-14 00:00:00+00:00,152.1199951171875,153.77000427246094,150.86000061035156,151.15359497070312,61707600,AAPL
2023-02-15 00:00:00+00:00,153.11000061035156,155.5,152.8800048828125,153.255126953125,65573800,AAPL
2023-02-16 00:00:00+00:00,153.50999450683594,156.3300018310547,153.35000610351562,151.65675354003906,68167900,AAPL
2023-02-17 00:00:00+00:00,152.35000610351562,153.0,150.85000610351562,150.5122528076172,59144100,AAPL
2023-02-21 00:00:00+00:00,150.1999969482422,151.3000030517578,148.41000366210938,146.49661254882812,58867200,AAPL
2023-02-22 00:00:00+00:00,148.8699951171875,149.9499969482422,147.16000366210938,146.92086791992188,51011300,AAPL
2023-02-23 00:00:00+00:00,150.08999633789062,150.33999633789062,147.24000549316406,147.40432739257812,48394200,AAPL
2023-02-24 00:00:00+00:00,147.11000061035156,147.19000244140625,145.72000122070312,144.75027465820312,55469600,AAPL
2023-02-27 00:00:00+00:00,147.7100067138672,149.1699981689453,147.4499969482422,145.94410705566406,44998500,AAPL
2023-02-28 00:00:00+00:00,147.0500030517578,149.0800018310547,146.8300018310547,145.44091796875,50547000,AAPL
2023-03-01 00:00:00+00:00,146.8300018310547,147.22999572753906,145.00999450683594,143.36895751953125,55479000,AAPL
2023-03-02 00:00:00+00:00,144.3800048828125,146.7100067138672,143.89999389648438,143.9609832763672,52238100,AAPL
2023-03-03 00:00:00+00:00,148.0399932861328,151.11000061035156,147.3300018310547,149.0125274658203,70732300,AAPL
2023-03-06 00:00:00+00:00,153.7899932861328,156.3000030517578,153.4600067138672,151.77517700195312,87558000,AAPL
2023-03-07 00:00:00+00:00,153.6999969482422,154.02999877929688,151.1300048828125,149.574951171875,56182000,AAPL
2023-03-08 00:00:00+00:00,152.80999755859375,153.47000122070312,151.8300018310547,150.8279571533203,47204800,AAPL
2023-03-09 00:00:00+00:00,153.55999755859375,154.5399932861328,150.22999572753906,148.57843017578125,53833600,AAPL
2023-03-10 00:00:00+00:00,150.2100067138672,150.94000244140625,147.61000061035156,146.516357421875,68572400,AAPL
2023-03-13 00:00:00+00:00,147.80999755859375,153.13999938964844,147.6999969482422,148.46005249023438,84457100,AAPL
2023-03-14 00:00:00+00:00,151.27999877929688,153.39999389648438,150.10000610351562,150.5517120361328,73695900,AAPL
2023-03-15 00:00:00+00:00,151.19000244140625,153.25,149.9199981689453,150.94639587402344,77167900,AAPL
2023-03-16 00:00:00+00:00,152.16000366210938,156.4600067138672,151.63999938964844,153.7681884765625,76161100,AAPL
2023-03-17 00:00:00+00:00,156.0800018310547,156.74000549316406,154.27999877929688,152.92950439453125,98944600,AAPL
2023-03-20 00:00:00+00:00,155.07000732421875,157.82000732421875,154.14999389648438,155.29747009277344,73641400,AAPL
2023-03-21 00:00:00+00:00,157.32000732421875,159.39999389648438,156.5399932861328,157.15237426757812,73938300,AAPL
2023-03-22 00:00:00+00:00,159.3000030517578,162.13999938964844,157.80999755859375,155.7217254638672,75701800,AAPL
2023-03-23 00:00:00+00:00,158.8300018310547,161.5500030517578,157.67999267578125,156.80702209472656,67622100,AAPL
2023-03-24 00:00:00+00:00,158.86000061035156,160.33999633789062,157.85000610351562,158.10939025878906,59196500,AAPL
2023-03-27 00:00:00+00:00,159.94000244140625,160.77000427246094,157.8699951171875,156.1657257080078,52390300,AAPL
2023-03-28 00:00:00+00:00,157.97000122070312,158.49000549316406,155.97999572753906,155.54412841796875,45992200,AAPL
2023-03-29 00:00:00+00:00,159.3699951171875,161.0500030517578,159.35000610351562,158.62245178222656,51305700,AAPL
2023-03-30 00:00:00+00:00,161.52999877929688,162.47000122070312,161.27000427246094,160.19119262695312,49501700,AAPL
2023-03-31 00:00:00+00:00,162.44000244140625,165.0,161.91000366210938,162.69728088378906,68749800,AAPL
2023-04-03 00:00:00+00:00,164.27000427246094,166.2899932861328,164.22000122070312,163.9503173828125,56976200,AAPL
2023-04-04 00:00:00+00:00,166.60000610351562,166.83999633789062,165.11000061035156,163.41754150390625,46278300,AAPL
2023-04-05 00:00:00+00:00,164.74000549316406,165.0500030517578,161.8000030517578,161.5725555419922,51511700,AAPL
2023-04-06 00:00:00+00:00,162.42999267578125,164.9600067138672,162.0,162.4604949951172,45390100,AAPL
2023-04-10 00:00:00+00:00,161.4199981689453,162.02999877929688,160.0800018310547,159.86561584472656,47716900,AAPL
2023-04-11 00:00:00+00:00,162.35000610351562,162.36000061035156,160.50999450683594,158.65206909179688,47644200,AAPL
2023-04-12 00:00:00+00:00,161.22000122070312,162.05999755859375,159.77999877929688,157.96139526367188,50133100,AAPL
2023-04-13 00:00:00+00:00,161.6300048828125,165.8000030517578,161.4199981689453,163.34848022460938,68445600,AAPL
2023-04-14 00:00:00+00:00,164.58999633789062,166.32000732421875,163.82000732421875,163.00315856933594,49386500,AAPL
2023-04-17 00:00:00+00:00,165.08999633789062,165.38999938964844,164.02999877929688,163.02288818359375,41516200,AAPL
2023-04-18 00:00:00+00:00,166.10000610351562,167.41000366210938,165.64999389648438,164.24632263183594,49923000,AAPL
2023-04-19 00:00:00+00:00,165.8000030517578,168.16000366210938,165.5399932861328,165.39083862304688,47720200,AAPL
2023-04-20 00:00:00+00:00,166.08999633789062,167.8699951171875,165.55999755859375,164.4238739013672,52456400,AAPL
2023-04-21 00:00:00+00:00,165.0500030517578,166.4499969482422,164.49000549316406,162.81568908691406,58337300,AAPL
2023-04-24 00:00:00+00:00,165.0,165.60000610351562,163.88999938964844,163.1215362548828,41949600,AAPL
2023-04-25 00:00:00+00:00,165.19000244140625,166.30999755859375,163.72999572753906,161.58241271972656,48714100,AAPL
2023-04-26 00:00:00+00:00,163.05999755859375,165.27999877929688,162.8000030517578,161.5725555419922,45498800,AAPL
2023-04-27 00:00:00+00:00,165.19000244140625,168.55999755859375,165.19000244140625,166.16041564941406,64902300,AAPL
2023-04-28 00:00:00+00:00,168.49000549316406,169.85000610351562,167.8800048828125,167.41342163085938,55275900,AAPL
2023-05-01 00:00:00+00:00,169.27999877929688,170.4499969482422,168.63999938964844,167.3246307373047,52472900,AAPL
2023-05-02 00:00:00+00:00,170.08999633789062,170.35000610351562,167.5399932861328,166.2886505126953,48425700,AAPL
2023-05-03 00:00:00+00:00,169.5,170.9199981689453,167.16000366210938,165.2132110595703,65136000,AAPL
2023-05-04 00:00:00+00:00,164.88999938964844,167.0399932861328,164.30999755859375,163.5753936767578,81235400,AAPL
2023-05-05 00:00:00+00:00,170.97999572753906,174.3000030517578,170.75999450683594,171.25148010253906,113453200,AAPL
2023-05-08 00:00:00+00:00,172.47999572753906,173.85000610351562,172.11000061035156,171.1824188232422,55962800,AAPL
2023-05-09 00:00:00+00:00,173.0500030517578,173.5399932861328,171.60000610351562,169.47552490234375,45326900,AAPL
2023-05-10 00:00:00+00:00,173.02000427246094,174.02999877929688,171.89999389648438,171.24159240722656,53724500,AAPL
2023-05-11 00:00:00+00:00,173.85000610351562,174.58999633789062,172.1699981689453,171.42904663085938,49514700,AAPL
2023-05-12 00:00:00+00:00,173.6199951171875,174.05999755859375,171.0,170.50033569335938,45533100,AAPL
2023-05-15 00:00:00+00:00,173.16000366210938,173.2100067138672,171.47000122070312,170.00633239746094,37266700,AAPL
2023-05-16 00:00:00+00:00,171.99000549316406,173.13999938964844,171.8000030517578,170.00633239746094,42110300,AAPL
2023-05-17 00:00:00+00:00,171.7100067138672,172.92999267578125,170.4199981689453,170.618896484375,57951600,AAPL
2023-05-18 00:00:00+00:00,173.0,175.24000549316406,172.5800018310547,172.95057678222656,65496700,AAPL
2023-05-19 00:00:00+00:00,176.38999938964844,176.38999938964844,174.94000244140625,173.05929565429688,55809500,AAPL
2023-05-22 00:00:00+00:00,173.97999572753906,174.7100067138672,173.4499969482422,172.11077880859375,43570900,AAPL
2023-05-23 00:00:00+00:00,173.1300048828125,173.3800048828125,171.27999877929688,169.50244140625,50747300,AAPL
2023-05-24 00:00:00+00:00,171.08999633789062,172.4199981689453,170.52000427246094,169.77908325195312,45143500,AAPL
2023-05-25 00:00:00+00:00,172.41000366210938,173.89999389648438,171.69000244140625,170.91531372070312,56058300,AAPL
2023-05-26 00:00:00+00:00,173.32000732421875,175.77000427246094,173.11000061035156,173.32603454589844,54835000,AAPL
2023-05-30 00:00:00+00:00,176.9600067138672,178.99000549316406,176.57000732421875,175.17361450195312,55964400,AAPL
2023-05-31 00:00:00+00:00,177.3300018310547,179.35000610351562,176.75999450683594,175.1242218017578,99625300,AAPL
2023-06-01 00:00:00+00:00,177.6999969482422,180.1199951171875,176.92999267578125,177.93014526367188,68901800,AAPL
2023-06-02 00:00:00+00:00,181.02999877929688,181.77999877929688,179.25999450683594,178.7798309326172,61996900,AAPL
2023-06-05 00:00:00+00:00,182.6300048828125,184.9499969482422,178.0399932861328,177.42625427246094,121946500,AAPL
2023-06-06 00:00:00+00:00,179.97000122070312,180.1199951171875,177.42999267578125,177.0607147216797,64848400,AAPL
2023-06-07 00:00:00+00:00,178.44000244140625,181.2100067138672,177.32000732421875,175.68736267089844,61944600,AAPL
2023-06-08 00:00:00+00:00,177.89999389648438,180.83999633789062,177.4600067138672,178.4044189453125,50214900,AAPL
2023-06-09 00:00:00+00:00,181.5,182.22999572753906,180.6300048828125,178.7897186279297,48900000,AAPL
2023-06-12 00:00:00+00:00,181.27000427246094,183.88999938964844,180.97000122070312,181.5857696533203,54274900,AAPL
2023-06-13 00:00:00+00:00,182.8000030517578,184.14999389648438,182.44000244140625,181.11151123046875,54929100,AAPL
2023-06-14 00:00:00+00:00,183.3699951171875,184.38999938964844,182.02000427246094,181.7438507080078,57462900,AAPL
2023-06-15 00:00:00+00:00,183.9600067138672,186.52000427246094,183.77999877929688,183.77915954589844,65433200,AAPL
2023-06-16 00:00:00+00:00,186.72999572753906,186.99000549316406,184.27000427246094,182.70223999023438,101256200,AAPL
2023-06-20 00:00:00+00:00,184.41000366210938,186.10000610351562,184.41000366210938,182.7911376953125,49799100,AAPL
2023-06-21 00:00:00+00:00,184.89999389648438,185.41000366210938,182.58999633789062,181.75375366210938,49515700,AAPL
2023-06-22 00:00:00+00:00,183.74000549316406,187.0500030517578,183.6699981689453,184.7572784423828,51245300,AAPL
2023-06-23 00:00:00+00:00,185.5500030517578,187.55999755859375,185.00999450683594,184.4411163330078,53117000,AAPL
2023-06-26 00:00:00+00:00,186.8300018310547,188.0500030517578,185.22999572753906,183.0480194091797,48088700,AAPL
2023-06-27 00:00:00+00:00,185.88999938964844,188.38999938964844,185.6699981689453,185.80453491210938,50730800,AAPL
2023-06-28 00:00:00+00:00,187.92999267578125,189.89999389648438,187.60000610351562,186.98031616210938,51216800,AAPL
2023-06-29 00:00:00+00:00,189.0800018310547,190.07000732421875,188.94000244140625,187.31622314453125,46347300,AAPL
2023-06-30 00:00:00+00:00,191.6300048828125,194.47999572753906,191.25999450683594,191.64369201660156,85213200,AAPL
2023-07-03 00:00:00+00:00,193.77999877929688,193.8800048828125,191.75999450683594,190.1518096923828,31458200,AAPL
2023-07-05 00:00:00+00:00,191.57000732421875,192.97999572753906,190.6199951171875,189.03533935546875,46920300,AAPL
2023-07-06 00:00:00+00:00,189.83999633789062,192.02000427246094,189.1999969482422,189.5095977783203,45094300,AAPL
2023-07-07 00:00:00+00:00,191.41000366210938,192.6699981689453,190.24000549316406,188.39312744140625,46815000,AAPL
2023-07-10 00:00:00+00:00,189.25999450683594,189.99000549316406,187.0399932861328,186.3479461669922,59922200,AAPL
2023-07-11 00:00:00+00:00,189.16000366210938,189.3000030517578,186.60000610351562,185.8243408203125,46638100,AAPL
2023-07-12 00:00:00+00:00,189.67999267578125,191.6999969482422,188.47000122070312,187.49403381347656,60750200,AAPL
2023-07-13 00:00:00+00:00,190.5,191.19000244140625,189.77999877929688,188.2548370361328,41342300,AAPL
2023-07-14 00:00:00+00:00,190.22999572753906,191.17999267578125,189.6300048828125,188.40301513671875,41616200,AAPL
2023-07-17 00:00:00+00:00,191.89999389648438,194.32000732421875,191.80999755859375,191.6634521484375,50520200,AAPL
2023-07-18 00:00:00+00:00,193.35000610351562,194.3300018310547,192.4199981689453,191.40655517578125,48288200,AAPL
2023-07-19 00:00:00+00:00,193.10000610351562,198.22999572753906,192.64999389648438,192.76011657714844,80507300,AAPL
2023-07-20 00:00:00+00:00,195.08999633789062,196.47000122070312,192.5,190.81375122070312,59581200,AAPL
2023-07-21 00:00:00+00:00,194.10000610351562,194.97000122070312,191.22999572753906,189.63804626464844,71951700,AAPL
2023-07-24 00:00:00+00:00,193.41000366210938,194.91000366210938,192.25,190.43833923339844,45377800,AAPL
2023-07-25 00:00:00+00:00,193.3300018310547,194.44000244140625,192.9199981689453,191.2978973388672,37283200,AAPL
2023-07-26 00:00:00+00:00,193.6699981689453,195.63999938964844,193.32000732421875,192.16732788085938,47471900,AAPL
2023-07-27 00:00:00+00:00,196.02000427246094,197.1999969482422,192.5500030517578,190.9026641845703,47460200,AAPL
2023-07-28 00:00:00+00:00,194.6699981689453,196.6300048828125,194.13999938964844,193.4813690185547,48291400,AAPL
2023-07-31 00:00:00+00:00,196.05999755859375,196.49000549316406,195.25999450683594,194.0939483642578,38824100,AAPL
2023-08-01 00:00:00+00:00,196.24000549316406,196.72999572753906,195.27999877929688,193.26402282714844,35175100,AAPL
2023-08-02 00:00:00+00:00,195.0399932861328,195.17999267578125,191.85000610351562,190.2703857421875,50389300,AAPL
2023-08-03 00:00:00+00:00,191.57000732421875,192.3699951171875,190.69000244140625,188.8772735595703,61235200,AAPL
2023-08-04 00:00:00+00:00,185.52000427246094,187.3800048828125,181.9199981689453,179.80734252929688,115956800,AAPL
2023-08-07 00:00:00+00:00,182.1300048828125,183.1300048828125,177.35000610351562,176.70504760742188,97576100,AAPL
2023-08-08 00:00:00+00:00,179.69000244140625,180.27000427246094,177.5800018310547,177.6436309814453,67823000,AAPL
2023-08-09 00:00:00+00:00,180.8699951171875,180.92999267578125,177.00999450683594,176.05294799804688,60378500,AAPL
2023-08-10 00:00:00+00:00,179.47999572753906,180.75,177.60000610351562,175.8355712890625,54686900,AAPL
2023-08-11 00:00:00+00:00,177.32000732421875,178.6199951171875,176.5500030517578,175.89492797851562,52036700,AAPL
2023-08-14 00:00:00+00:00,177.97000122070312,179.69000244140625,177.30999755859375,177.54714965820312,43675600,AAPL
2023-08-15 00:00:00+00:00,178.8800048828125,179.47999572753906,177.0500030517578,175.5585479736328,43622600,AAPL
2023-08-16 00:00:00+00:00,177.1300048828125,178.5399932861328,176.5,174.68795776367188,46964900,AAPL
2023-08-17 00:00:00+00:00,177.13999938964844,177.50999450683594,173.47999572753906,172.1453399658203,66062900,AAPL
2023-08-18 00:00:00+00:00,172.3000030517578,175.10000610351562,171.9600067138672,172.63011169433594,61172200,AAPL
2023-08-21 00:00:00+00:00,175.07000732421875,176.1300048828125,173.74000549316406,173.9656982421875,46311900,AAPL
2023-08-22 00:00:00+00:00,177.05999755859375,177.67999267578125,176.25,175.3408966064453,42038900,AAPL
2023-08-23 00:00:00+00:00,178.52000427246094,181.5500030517578,178.3300018310547,179.18943786621094,52722800,AAPL
2023-08-24 00:00:00+00:00,180.6699981689453,181.10000610351562,176.00999450683594,174.49998474121094,54945800,AAPL
2023-08-25 00:00:00+00:00,177.3800048828125,179.14999389648438,175.82000732421875,176.7062225341797,51449600,AAPL
2023-08-28 00:00:00+00:00,180.08999633789062,180.58999633789062,178.5500030517578,178.26934814453125,43820700,AAPL
2023-08-29 00:00:00+00:00,179.6999969482422,184.89999389648438,179.5,182.15745544433594,53003900,AAPL
2023-08-30 00:00:00+00:00,184.94000244140625,187.85000610351562,184.74000549316406,185.64984130859375,60813900,AAPL
2023-08-31 00:00:00+00:00,187.83999633789062,189.1199951171875,187.47999572753906,185.86749267578125,60794500,AAPL
2023-09-01 00:00:00+00:00,189.49000549316406,189.9199981689453,188.27999877929688,187.44053649902344,45766500,AAPL
2023-09-05 00:00:00+00:00,188.27999877929688,189.97999572753906,187.61000061035156,187.677978515625,45280000,AAPL
2023-09-06 00:00:00+00:00,188.39999389648438,188.85000610351562,181.47000122070312,180.96035766601562,81755800,AAPL
2023-09-07 00:00:00+00:00,175.17999267578125,178.2100067138672,173.5399932861328,175.66737365722656,112488800,AAPL
2023-09-08 00:00:00+00:00,178.35000610351562,180.24000549316406,177.7899932861328,176.28077697753906,65551300,AAPL
2023-09-11 00:00:00+00:00,180.07000732421875,180.3000030517578,177.33999633789062,177.4481964111328,58953100,AAPL
2023-09-12 00:00:00+00:00,179.49000549316406,180.1300048828125,174.82000732421875,174.4208526611328,90370200,AAPL
2023-09-13 00:00:00+00:00,176.50999450683594,177.3000030517578,173.97999572753906,172.3531036376953,84267900,AAPL
2023-09-14 00:00:00+00:00,174.0,176.10000610351562,173.5800018310547,173.86680603027344,60895800,AAPL
2023-09-15 00:00:00+00:00,176.47999572753906,176.5,173.82000732421875,173.14454650878906,109259500,AAPL
2023-09-18 00:00:00+00:00,176.47999572753906,179.3800048828125,176.1699981689453,176.07302856445312,67257600,AAPL
2023-09-19 00:00:00+00:00,177.52000427246094,179.6300048828125,177.1300048828125,177.16128540039062,51826900,AAPL
2023-09-20 00:00:00+00:00,179.25999450683594,179.6999969482422,175.39999389648438,173.61944580078125,58436200,AAPL
2023-09-21 00:00:00+00:00,174.5500030517578,176.3000030517578,173.86000061035156,172.07606506347656,63149100,AAPL
2023-09-22 00:00:00+00:00,174.6699981689453,177.0800018310547,174.0500030517578,172.92689514160156,56725400,AAPL
2023-09-25 00:00:00+00:00,174.1999969482422,176.97000122070312,174.14999389648438,174.20315551757812,46172700,AAPL
2023-09-26 00:00:00+00:00,174.82000732421875,175.1999969482422,171.66000366210938,170.12709045410156,64588900,AAPL
2023-09-27 00:00:00+00:00,172.6199951171875,173.0399932861328,169.0500030517578,168.61337280273438,66921800,AAPL
2023-09-28 00:00:00+00:00,169.33999633789062,172.02999877929688,167.6199951171875,168.87062072753906,56294400,AAPL
2023-09-29 00:00:00+00:00,172.02000427246094,173.07000732421875,170.33999633789062,169.3850860595703,51861100,AAPL
2023-10-02 00:00:00+00:00,171.22000122070312,174.3000030517578,170.92999267578125,171.8979949951172,52164500,AAPL
2023-10-03 00:00:00+00:00,172.25999450683594,173.6300048828125,170.82000732421875,170.56239318847656,49594600,AAPL
2023-10-04 00:00:00+00:00,171.08999633789062,174.2100067138672,170.97000122070312,171.80897521972656,53020300,AAPL
2023-10-05 00:00:00+00:00,173.7899932861328,175.4499969482422,172.67999267578125,173.04563903808594,48527900,AAPL
2023-10-06 00:00:00+00:00,173.8000030517578,177.99000549316406,173.17999267578125,175.59814453125,57266700,AAPL
2023-10-09 00:00:00+00:00,176.80999755859375,179.0500030517578,175.8000030517578,177.08213806152344,42390800,AAPL
2023-10-10 00:00:00+00:00,178.10000610351562,179.72000122070312,177.9499969482422,176.48854064941406,43698000,AAPL
2023-10-11 00:00:00+00:00,178.1999969482422,179.85000610351562,177.60000610351562,177.8834991455078,47551100,AAPL
2023-10-12 00:00:00+00:00,180.07000732421875,182.33999633789062,179.0399932861328,178.78382873535156,56743100,AAPL
2023-10-13 00:00:00+00:00,181.4199981689453,181.92999267578125,178.13999938964844,176.94363403320312,51427100,AAPL
2023-10-16 00:00:00+00:00,176.75,179.0800018310547,176.50999450683594,176.81500244140625,52517000,AAPL
2023-10-17 00:00:00+00:00,176.64999389648438,178.4199981689453,174.8000030517578,175.26174926757812,57549400,AAPL
2023-10-18 00:00:00+00:00,175.5800018310547,177.5800018310547,175.11000061035156,173.9656982421875,54764400,AAPL
2023-10-19 00:00:00+00:00,176.0399932861328,177.83999633789062,175.19000244140625,173.5897979736328,59302900,AAPL
2023-10-20 00:00:00+00:00,175.30999755859375,175.4199981689453,172.63999938964844,171.0372772216797,64244000,AAPL
2023-10-23 00:00:00+00:00,170.91000366210938,174.00999450683594,169.92999267578125,171.15599060058594,55980100,AAPL
2023-10-24 00:00:00+00:00,173.0500030517578,173.6699981689453,171.4499969482422,171.59129333496094,43816600,AAPL
2023-10-25 00:00:00+00:00,171.8800048828125,173.05999755859375,170.64999389648438,169.27627563476562,57157000,AAPL
2023-10-26 00:00:00+00:00,170.3699951171875,171.3800048828125,165.6699981689453,165.11111450195312,70625300,AAPL
2023-10-27 00:00:00+00:00,166.91000366210938,168.9600067138672,166.8300018310547,166.42691040039062,58499100,AAPL
2023-10-30 00:00:00+00:00,169.02000427246094,171.1699981689453,168.8699951171875,168.474853515625,51131000,AAPL
2023-10-31 00:00:00+00:00,169.35000610351562,170.89999389648438,167.89999389648438,168.94976806640625,44846000,AAPL
2023-11-01 00:00:00+00:00,171.0,174.22999572753906,170.1199951171875,172.1156768798828,56934900,AAPL
2023-11-02 00:00:00+00:00,175.52000427246094,177.77999877929688,175.4600067138672,175.6772918701172,77334800,AAPL
2023-11-03 00:00:00+00:00,174.24000549316406,176.82000732421875,173.35000610351562,174.76708984375,79829200,AAPL
2023-11-06 00:00:00+00:00,176.3800048828125,179.42999267578125,176.2100067138672,177.31959533691406,63841300,AAPL
2023-11-07 00:00:00+00:00,179.17999267578125,182.44000244140625,178.97000122070312,179.8820037841797,70530000,AAPL
2023-11-08 00:00:00+00:00,182.35000610351562,183.4499969482422,181.58999633789062,180.94058227539062,49340300,AAPL
2023-11-09 00:00:00+00:00,182.9600067138672,184.1199951171875,181.80999755859375,180.46568298339844,53763500,AAPL
2023-11-10 00:00:00+00:00,183.97000122070312,186.57000732421875,183.52999877929688,184.65609741210938,66133400,AAPL
2023-11-13 00:00:00+00:00,185.82000732421875,186.02999877929688,184.2100067138672,183.0710906982422,43627500,AAPL
2023-11-14 00:00:00+00:00,187.6999969482422,188.11000061035156,186.3000030517578,185.68638610839844,60108400,AAPL
2023-11-15 00:00:00+00:00,187.85000610351562,189.5,187.77999877929688,186.25103759765625,53790500,AAPL
2023-11-16 00:00:00+00:00,189.57000732421875,190.9600067138672,188.64999389648438,187.93516540527344,54412900,AAPL
2023-11-17 00:00:00+00:00,190.25,190.3800048828125,188.57000732421875,187.91534423828125,50922700,AAPL
2023-11-20 00:00:00+00:00,189.88999938964844,191.91000366210938,189.8800048828125,189.65884399414062,46505100,AAPL
2023-11-21 00:00:00+00:00,191.41000366210938,191.52000427246094,189.74000549316406,188.85646057128906,38134500,AAPL
2023-11-22 00:00:00+00:00,191.49000549316406,192.92999267578125,190.8300018310547,189.5201873779297,39617700,AAPL
2023-11-24 00:00:00+00:00,190.8699951171875,190.89999389648438,189.25,188.19271850585938,24048300,AAPL
2023-11-27 00:00:00+00:00,189.9199981689453,190.6699981689453,188.89999389648438,188.01438903808594,40552600,AAPL
2023-11-28 00:00:00+00:00,189.77999877929688,191.0800018310547,189.39999389648438,188.61868286132812,38415400,AAPL
2023-11-29 00:00:00+00:00,190.89999389648438,192.08999633789062,188.97000122070312,187.5983123779297,43014200,AAPL
2023-11-30 00:00:00+00:00,189.83999633789062,190.32000732421875,188.19000244140625,188.1728973388672,48794400,AAPL
2023-12-01 00:00:00+00:00,190.3300018310547,191.55999755859375,189.22999572753906,189.4508514404297,45704800,AAPL
2023-12-04 00:00:00+00:00,189.97999572753906,190.0500030517578,187.4499969482422,187.65777587890625,43389500,AAPL
2023-12-05 00:00:00+00:00,190.2100067138672,194.39999389648438,190.17999267578125,191.6104278564453,66628400,AAPL
2023-12-06 00:00:00+00:00,194.4499969482422,194.75999450683594,192.11000061035156,190.520751953125,41089700,AAPL
2023-12-07 00:00:00+00:00,193.6300048828125,195.0,193.58999633789062,192.45248413085938,47477700,AAPL
2023-12-08 00:00:00+00:00,194.1999969482422,195.99000549316406,193.6699981689453,193.87901306152344,53406400,AAPL
2023-12-11 00:00:00+00:00,193.11000061035156,193.49000549316406,191.4199981689453,191.3726806640625,60943700,AAPL
2023-12-12 00:00:00+00:00,193.0800018310547,194.72000122070312,191.72000122070312,192.88839721679688,52696900,AAPL
2023-12-13 00:00:00+00:00,195.08999633789062,198.0,194.85000610351562,196.1079559326172,70404200,AAPL
2023-12-14 00:00:00+00:00,198.02000427246094,199.6199951171875,196.16000366210938,196.25657653808594,66831600,AAPL
2023-12-15 00:00:00+00:00,197.52999877929688,198.39999389648438,197.0,195.7216339111328,128538400,AAPL
2023-12-18 00:00:00+00:00,196.08999633789062,196.6300048828125,194.38999938964844,194.0573272705078,55751900,AAPL
2023-12-19 00:00:00+00:00,196.16000366210938,196.9499969482422,195.88999938964844,195.0975341796875,40714100,AAPL
2023-12-20 00:00:00+00:00,196.89999389648438,197.67999267578125,194.8300018310547,193.0072479248047,52242800,AAPL
2023-12-21 00:00:00+00:00,196.10000610351562,197.0800018310547,193.5,192.85862731933594,46482500,AAPL
2023-12-22 00:00:00+00:00,195.17999267578125,195.41000366210938,192.97000122070312,191.7887725830078,37149600,AAPL
2023-12-26 00:00:00+00:00,193.61000061035156,193.88999938964844,192.8300018310547,191.24392700195312,28919300,AAPL
2023-12-27 00:00:00+00:00,192.49000549316406,193.5,191.08999633789062,191.34295654296875,48087700,AAPL
2023-12-28 00:00:00+00:00,194.13999938964844,194.66000366210938,193.1699981689453,191.7689666748047,34049900,AAPL
2023-12-29 00:00:00+00:00,193.89999389648438,194.39999389648438,191.72999572753906,190.72877502441406,42672100,AAPL
2024-01-02 00:00:00+00:00,187.14999389648438,188.44000244140625,183.88999938964844,183.90322875976562,82488700,AAPL
2024-01-03 00:00:00+00:00,184.22000122070312,185.8800048828125,183.42999267578125,182.52622985839844,58414500,AAPL
2024-01-04 00:00:00+00:00,182.14999389648438,183.08999633789062,180.8800048828125,180.2081298828125,71983600,AAPL
2024-01-05 00:00:00+00:00,181.99000549316406,182.75999450683594,180.1699981689453,179.4849395751953,62379700,AAPL
2024-01-08 00:00:00+00:00,182.08999633789062,185.60000610351562,181.5,183.823974609375,59144500,AAPL
2024-01-09 00:00:00+00:00,183.9199981689453,185.14999389648438,182.72999572753906,183.40789794921875,42841800,AAPL
2024-01-10 00:00:00+00:00,184.35000610351562,186.39999389648438,183.9199981689453,184.44805908203125,46792900,AAPL
2024-01-11 00:00:00+00:00,186.5399932861328,187.0500030517578,183.6199951171875,183.85366821289062,49128400,AAPL
2024-01-12 00:00:00+00:00,186.05999755859375,186.74000549316406,185.19000244140625,184.1806182861328,40477800,AAPL
2024-01-16 00:00:00+00:00,182.16000366210938,184.25999450683594,180.92999267578125,181.9120330810547,65603000,AAPL
2024-01-17 00:00:00+00:00,181.27000427246094,182.92999267578125,180.3000030517578,180.97091674804688,47317400,AAPL
2024-01-18 00:00:00+00:00,186.08999633789062,189.13999938964844,185.8300018310547,186.86526489257812,78005800,AAPL
2024-01-19 00:00:00+00:00,189.3300018310547,191.9499969482422,188.82000732421875,189.767822265625,68903000,AAPL
2024-01-22 00:00:00+00:00,192.3000030517578,195.3300018310547,192.25999450683594,192.0760498046875,60133900,AAPL
2024-01-23 00:00:00+00:00,195.02000427246094,195.75,193.8300018310547,193.35397338867188,42355600,AAPL
2024-01-24 00:00:00+00:00,195.4199981689453,196.3800048828125,194.33999633789062,192.68032836914062,53631300,AAPL
2024-01-25 00:00:00+00:00,195.22000122070312,196.27000427246094,193.11000061035156,192.35345458984375,54822100,AAPL
2024-01-26 00:00:00+00:00,194.27000427246094,194.75999450683594,191.94000244140625,190.61978149414062,44594000,AAPL
2024-01-29 00:00:00+00:00,192.00999450683594,192.1999969482422,189.5800018310547,189.93624877929688,47145600,AAPL
2024-01-30 00:00:00+00:00,190.94000244140625,191.8000030517578,187.47000122070312,186.28076171875,55859400,AAPL
2024-01-31 00:00:00+00:00,187.0399932861328,187.10000610351562,184.35000610351562,182.67483520507812,55467800,AAPL
2024-02-01 00:00:00+00:00,183.99000549316406,186.9499969482422,183.82000732421875,185.11181640625,64885400,AAPL
2024-02-02 00:00:00+00:00,179.86000061035156,187.3300018310547,179.25,184.11126708984375,102551700,AAPL
2024-02-05 00:00:00+00:00,188.14999389648438,189.25,185.83999633789062,185.92413330078125,69668800,AAPL
2024-02-06 00:00:00+00:00,186.86000061035156,189.30999755859375,186.77000427246094,187.52899169921875,43490800,AAPL
2024-02-07 00:00:00+00:00,190.63999938964844,191.0500030517578,188.61000061035156,187.63796997070312,53439000,AAPL
2024-02-08 00:00:00+00:00,189.38999938964844,189.5399932861328,187.35000610351562,186.5581512451172,40962000,AAPL
2024-02-09 00:00:00+00:00,188.64999389648438,189.99000549316406,188.0,187.32191467285156,45155200,AAPL
2024-02-12 00:00:00+00:00,188.4199981689453,188.6699981689453,186.7899932861328,185.6356658935547,41781900,AAPL
2024-02-13 00:00:00+00:00,185.77000427246094,186.2100067138672,183.50999450683594,183.54273986816406,56529500,AAPL
2024-02-14 00:00:00+00:00,185.32000732421875,185.52999877929688,182.44000244140625,182.6599578857422,54630500,AAPL
2024-02-15 00:00:00+00:00,183.5500030517578,184.49000549316406,181.35000610351562,182.37229919433594,65434500,AAPL
2024-02-16 00:00:00+00:00,183.4199981689453,184.85000610351562,181.6699981689453,180.83482360839844,49752500,AAPL
2024-02-20 00:00:00+00:00,181.7899932861328,182.42999267578125,180.0,180.0908966064453,53665600,AAPL
2024-02-21 00:00:00+00:00,181.94000244140625,182.88999938964844,180.66000366210938,180.84478759765625,41371400,AAPL
2024-02-22 00:00:00+00:00,183.47999572753906,184.9600067138672,182.4600067138672,182.87818908691406,52292200,AAPL
2024-02-23 00:00:00+00:00,185.00999450683594,185.0399932861328,182.22999572753906,181.04315185546875,45119700,AAPL
2024-02-26 00:00:00+00:00,182.24000549316406,182.75999450683594,180.64999389648438,179.6941680908203,40867400,AAPL
2024-02-27 00:00:00+00:00,181.10000610351562,183.9199981689453,179.55999755859375,181.15225219726562,54318900,AAPL
2024-02-28 00:00:00+00:00,182.50999450683594,183.1199951171875,180.1300048828125,179.9520263671875,48953900,AAPL
2024-02-29 00:00:00+00:00,181.27000427246094,182.57000732421875,179.52999877929688,179.2874755859375,136682600,AAPL
2024-03-01 00:00:00+00:00,179.5500030517578,180.52999877929688,177.3800048828125,178.20628356933594,73563100,AAPL
2024-03-04 00:00:00+00:00,176.14999389648438,176.89999389648438,173.7899932861328,173.68316650390625,81510100,AAPL
2024-03-05 00:00:00+00:00,170.75999450683594,172.0399932861328,169.6199951171875,168.7434844970703,95132400,AAPL
2024-03-06 00:00:00+00:00,171.05999755859375,171.24000549316406,168.67999267578125,167.75157165527344,68587700,AAPL
2024-03-07 00:00:00+00:00,169.14999389648438,170.72999572753906,168.49000549316406,167.63253784179688,71765100,AAPL
2024-03-08 00:00:00+00:00,169.0,173.6999969482422,168.94000244140625,169.34854125976562,76267000,AAPL
2024-03-11 00:00:00+00:00,172.94000244140625,174.3800048828125,172.0500030517578,171.35220336914062,60139500,AAPL
2024-03-12 00:00:00+00:00,173.14999389648438,174.02999877929688,171.00999450683594,171.82830810546875,59825400,AAPL
2024-03-13 00:00:00+00:00,172.77000427246094,173.19000244140625,170.75999450683594,169.7453155517578,52488700,AAPL
2024-03-14 00:00:00+00:00,172.91000366210938,174.30999755859375,172.0500030517578,171.6001739501953,72913500,AAPL
2024-03-15 00:00:00+00:00,171.1699981689453,172.6199951171875,170.2899932861328,171.22323608398438,121752700,AAPL
2024-03-18 00:00:00+00:00,175.57000732421875,177.7100067138672,173.52000427246094,172.31436157226562,75604200,AAPL
2024-03-19 00:00:00+00:00,174.33999633789062,176.61000061035156,173.02999877929688,174.65525817871094,55215200,AAPL
2024-03-20 00:00:00+00:00,175.72000122070312,178.6699981689453,175.08999633789062,177.22427368164062,53423100,AAPL
2024-03-21 00:00:00+00:00,177.0500030517578,177.49000549316406,170.83999633789062,169.98338317871094,106181300,AAPL
2024-03-22 00:00:00+00:00,171.75999450683594,173.0500030517578,170.05999755859375,170.88600158691406,71160100,AAPL
2024-03-25 00:00:00+00:00,170.57000732421875,171.94000244140625,169.4499969482422,169.4675750732422,54288300,AAPL
2024-03-26 00:00:00+00:00,170.0,171.4199981689453,169.5800018310547,168.3367919921875,57388400,AAPL
2024-03-27 00:00:00+00:00,170.41000366210938,173.60000610351562,170.11000061035156,171.9076690673828,60273300,AAPL
2024-03-28 00:00:00+00:00,171.75,172.22999572753906,170.50999450683594,170.09246826171875,65672700,AAPL
2024-04-01 00:00:00+00:00,171.19000244140625,171.25,169.47999572753906,168.65420532226562,46240500,AAPL
2024-04-02 00:00:00+00:00,169.0800018310547,169.33999633789062,168.22999572753906,167.47384643554688,49329500,AAPL
2024-04-03 00:00:00+00:00,168.7899932861328,170.67999267578125,168.5800018310547,168.2772674560547,47691700,AAPL
2024-04-04 00:00:00+00:00,170.2899932861328,171.9199981689453,168.82000732421875,167.45399475097656,53704400,AAPL
2024-04-05 00:00:00+00:00,169.58999633789062,170.38999938964844,168.9499969482422,168.2078399658203,42104800,AAPL
2024-04-08 00:00:00+00:00,169.02999877929688,169.1999969482422,168.24000549316406,167.08697509765625,37425500,AAPL
2024-04-09 00:00:00+00:00,168.6999969482422,170.0800018310547,168.35000610351562,168.29710388183594,42373800,AAPL
2024-04-10 00:00:00+00:00,168.8000030517578,169.08999633789062,167.11000061035156,166.42242431640625,49709300,AAPL
2024-04-11 00:00:00+00:00,168.33999633789062,175.4600067138672,168.16000366210938,173.62367248535156,91070300,AAPL
2024-04-12 00:00:00+00:00,174.25999450683594,178.36000061035156,174.2100067138672,175.1214599609375,101670900,AAPL
2024-04-15 00:00:00+00:00,175.36000061035156,176.6300048828125,172.5,171.2926788330078,73531800,AAPL
2024-04-16 00:00:00+00:00,171.75,173.75999450683594,168.27000427246094,168.00946044921875,73711200,AAPL
2024-04-17 00:00:00+00:00,169.61000061035156,170.64999389648438,168.0,166.640625,50901200,AAPL
2024-04-18 00:00:00+00:00,168.02999877929688,168.63999938964844,166.5500030517578,165.68836975097656,43122900,AAPL
2024-04-19 00:00:00+00:00,166.2100067138672,166.39999389648438,164.0800018310547,163.66490173339844,68149400,AAPL
2024-04-22 00:00:00+00:00,165.52000427246094,167.25999450683594,164.77000427246094,164.4980926513672,48116400,AAPL
2024-04-23 00:00:00+00:00,165.35000610351562,167.0500030517578,164.9199981689453,165.54953002929688,49537800,AAPL
2024-04-24 00:00:00+00:00,166.5399932861328,169.3000030517578,166.2100067138672,167.65235900878906,48251800,AAPL
2024-04-25 00:00:00+00:00,169.52999877929688,170.61000061035156,168.14999389648438,168.51535034179688,50558300,AAPL
2024-04-26 00:00:00+00:00,169.8800048828125,171.33999633789062,169.17999267578125,167.9300994873047,44838400,AAPL
2024-04-29 00:00:00+00:00,173.3699951171875,176.02999877929688,173.10000610351562,172.0961151123047,68169400,AAPL
2024-04-30 00:00:00+00:00,173.3300018310547,174.99000549316406,170.0,168.9517822265625,65934800,AAPL
2024-05-01 00:00:00+00:00,169.5800018310547,172.7100067138672,169.11000061035156,167.9300994873047,50383100,AAPL
2024-05-02 00:00:00+00:00,172.50999450683594,173.4199981689453,170.88999938964844,171.62994384765625,94214900,AAPL
2024-05-03 00:00:00+00:00,186.64999389648438,187.0,182.66000366210938,181.8961944580078,163224100,AAPL
2024-05-06 00:00:00+00:00,182.35000610351562,184.1999969482422,180.4199981689453,180.2397003173828,78569700,AAPL
2024-05-07 00:00:00+00:00,183.4499969482422,184.89999389648438,181.32000732421875,180.9241180419922,77305800,AAPL
2024-05-08 00:00:00+00:00,182.85000610351562,183.07000732421875,181.4499969482422,181.26136779785156,45057100,AAPL
2024-05-09 00:00:00+00:00,182.55999755859375,184.66000366210938,182.11000061035156,183.07655334472656,48983000,AAPL
2024-05-10 00:00:00+00:00,184.89999389648438,185.08999633789062,182.1300048828125,181.8151092529297,50759500,AAPL
2024-05-13 00:00:00+00:00,185.44000244140625,187.10000610351562,184.6199951171875,185.02334594726562,72044800,AAPL
2024-05-14 00:00:00+00:00,187.50999450683594,188.3000030517578,186.2899932861328,186.16555786132812,52393600,AAPL
2024-05-15 00:00:00+00:00,187.91000366210938,190.64999389648438,187.3699951171875,188.44012451171875,70400000,AAPL
2024-05-16 00:00:00+00:00,190.47000122070312,191.10000610351562,189.66000366210938,188.559326171875,52845200,AAPL
2024-05-17 00:00:00+00:00,189.50999450683594,190.80999755859375,189.17999267578125,188.58909606933594,41282900,AAPL
2024-05-20 00:00:00+00:00,189.3300018310547,191.9199981689453,189.00999450683594,189.751220703125,44361300,AAPL
2024-05-21 00:00:00+00:00,191.08999633789062,192.72999572753906,190.9199981689453,191.05238342285156,42309400,AAPL
2024-05-22 00:00:00+00:00,192.27000427246094,192.82000732421875,190.27000427246094,189.61216735839844,34648500,AAPL
2024-05-23 00:00:00+00:00,190.97999572753906,191.0,186.6300048828125,185.61927795410156,51005900,AAPL
2024-05-24 00:00:00+00:00,188.82000732421875,190.5800018310547,188.0399932861328,188.6983642578125,36327000,AAPL
2024-05-28 00:00:00+00:00,191.50999450683594,193.0,189.10000610351562,188.7083282470703,52280100,AAPL
2024-05-29 00:00:00+00:00,189.61000061035156,192.25,189.50999450683594,189.0062713623047,53068000,AAPL
2024-05-30 00:00:00+00:00,190.75999450683594,192.17999267578125,190.6300048828125,189.99954223632812,49889100,AAPL
2024-05-31 00:00:00+00:00,191.44000244140625,192.57000732421875,189.91000366210938,190.9530792236328,75158300,AAPL
2024-06-03 00:00:00+00:00,192.89999389648438,194.99000549316406,192.52000427246094,192.72105407714844,50080500,AAPL
2024-06-04 00:00:00+00:00,194.63999938964844,195.32000732421875,193.02999877929688,193.0388946533203,47471400,AAPL
2024-06-05 00:00:00+00:00,195.39999389648438,196.89999389648438,194.8699951171875,194.5486297607422,54156800,AAPL
2024-06-06 00:00:00+00:00,195.69000244140625,196.5,194.1699981689453,193.1680145263672,41181800,AAPL
2024-06-07 00:00:00+00:00,194.64999389648438,196.94000244140625,194.13999938964844,195.56175231933594,53103900,AAPL
2024-06-10 00:00:00+00:00,196.89999389648438,197.3000030517578,192.14999389648438,191.81716918945312,97010200,AAPL
2024-06-11 00:00:00+00:00,193.64999389648438,207.16000366210938,193.6300048828125,205.75254821777344,172373300,AAPL
2024-06-12 00:00:00+00:00,207.3699951171875,220.1999969482422,206.89999389648438,211.6326141357422,198134300,AAPL
2024-06-13 00:00:00+00:00,214.74000549316406,216.75,211.60000610351562,212.79470825195312,97862700,AAPL
2024-06-14 00:00:00+00:00,213.85000610351562,215.1699981689453,211.3000030517578,211.0565185546875,70122700,AAPL
2024-06-17 00:00:00+00:00,213.3699951171875,218.9499969482422,212.72000122070312,215.2083282470703,93728300,AAPL
2024-06-18 00:00:00+00:00,217.58999633789062,218.6300048828125,213.0,212.84437561035156,79943300,AAPL
2024-06-20 00:00:00+00:00,213.92999267578125,214.24000549316406,208.85000610351562,208.26547241210938,86172500,AAPL
2024-06-21 00:00:00+00:00,210.38999938964844,211.88999938964844,207.11000061035156,206.0902557373047,241805100,AAPL
2024-06-24 00:00:00+00:00,207.72000122070312,212.6999969482422,206.58999633789062,206.7358856201172,80727000,AAPL
2024-06-25 00:00:00+00:00,209.14999389648438,211.3800048828125,208.61000061035156,207.65960693359375,55549700,AAPL
2024-06-26 00:00:00+00:00,211.5,214.86000061035156,210.63999938964844,211.81138610839844,66213200,AAPL
2024-06-27 00:00:00+00:00,214.69000244140625,215.74000549316406,212.35000610351562,212.65567016601562,49772700,AAPL
2024-06-28 00:00:00+00:00,215.77000427246094,216.07000732421875,210.3000030517578,209.1991424560547,82542700,AAPL
2024-07-01 00:00:00+00:00,212.08999633789062,217.50999450683594,211.9199981689453,215.28778076171875,60402900,AAPL
2024-07-02 00:00:00+00:00,216.14999389648438,220.3800048828125,215.10000610351562,218.7840576171875,58046200,AAPL
2024-07-03 00:00:00+00:00,220.0,221.5500030517578,219.02999877929688,220.05540466308594,37369800,AAPL
2024-07-05 00:00:00+00:00,221.64999389648438,226.4499969482422,221.64999389648438,224.81309509277344,60412400,AAPL
2024-07-08 00:00:00+00:00,227.08999633789062,227.85000610351562,223.25,226.28311157226562,59085900,AAPL
2024-07-09 00:00:00+00:00,227.92999267578125,229.39999389648438,226.3699951171875,227.1372833251953,48076100,AAPL
2024-07-10 00:00:00+00:00,229.3000030517578,233.0800018310547,229.25,231.40829467773438,62627700,AAPL
2024-07-11 00:00:00+00:00,231.38999938964844,232.38999938964844,225.77000427246094,226.0347900390625,64710600,AAPL
2024-07-12 00:00:00+00:00,228.9199981689453,232.63999938964844,228.67999267578125,228.9847412109375,53046500,AAPL
2024-07-15 00:00:00+00:00,236.47999572753906,237.22999572753906,233.08999633789062,232.81871032714844,62631300,AAPL
2024-07-16 00:00:00+00:00,235.0,236.27000427246094,232.3300018310547,233.2358856201172,43234300,AAPL
2024-07-17 00:00:00+00:00,229.4499969482422,231.4600067138672,226.63999938964844,227.33595275878906,57345900,AAPL
2024-07-18 00:00:00+00:00,230.27999877929688,230.44000244140625,222.27000427246094,222.66763305664062,66034600,AAPL
2024-07-19 00:00:00+00:00,224.82000732421875,226.8000030517578,223.27999877929688,222.79676818847656,49151500,AAPL
2024-07-22 00:00:00+00:00,227.00999450683594,227.77999877929688,223.08999633789062,222.4491424560547,48201800,AAPL
2024-07-23 00:00:00+00:00,224.3699951171875,226.94000244140625,222.67999267578125,223.4920654296875,39960300,AAPL
2024-07-24 00:00:00+00:00,224.0,224.8000030517578,217.1300048828125,217.06568908691406,61777600,AAPL
2024-07-25 00:00:00+00:00,218.92999267578125,220.85000610351562,214.6199951171875,216.0227813720703,51391200,AAPL
2024-07-26 00:00:00+00:00,218.6999969482422,219.49000549316406,216.00999450683594,216.48960876464844,41601300,AAPL
2024-07-29 00:00:00+00:00,216.9600067138672,219.3000030517578,215.75,216.76773071289062,36311800,AAPL
2024-07-30 00:00:00+00:00,219.19000244140625,220.3300018310547,216.1199951171875,217.32394409179688,41643800,AAPL
2024-07-31 00:00:00+00:00,221.44000244140625,223.82000732421875,220.6300048828125,220.58181762695312,50036300,AAPL
2024-08-01 00:00:00+00:00,224.3699951171875,224.47999572753906,217.02000427246094,216.88694763183594,62501000,AAPL
2024-08-02 00:00:00+00:00,219.14999389648438,225.60000610351562,217.7100067138672,218.37680053710938,105568600,AAPL
2024-08-05 00:00:00+00:00,199.08999633789062,213.5,196.0,207.85824584960938,119548600,AAPL
2024-08-06 00:00:00+00:00,205.3000030517578,209.99000549316406,201.07000732421875,205.8319854736328,69660500,AAPL
2024-08-07 00:00:00+00:00,206.89999389648438,213.63999938964844,206.38999938964844,208.404541015625,63516400,AAPL
2024-08-08 00:00:00+00:00,213.11000061035156,214.1999969482422,208.8300018310547,211.87098693847656,47161100,AAPL
2024-08-09 00:00:00+00:00,212.10000610351562,216.77999877929688,211.97000122070312,214.78123474121094,42201600,AAPL
2024-08-12 00:00:00+00:00,216.07000732421875,219.50999450683594,215.60000610351562,216.31259155273438,38028100,AAPL
2024-08-13 00:00:00+00:00,219.00999450683594,221.88999938964844,219.00999450683594,220.0316925048828,44155300,AAPL
2024-08-14 00:00:00+00:00,220.57000732421875,223.02999877929688,219.6999969482422,220.47915649414062,41960600,AAPL
2024-08-15 00:00:00+00:00,224.60000610351562,225.35000610351562,222.75999450683594,223.46238708496094,46414000,AAPL
2024-08-16 00:00:00+00:00,223.9199981689453,226.8300018310547,223.64999389648438,224.78492736816406,44340200,AAPL
2024-08-19 00:00:00+00:00,225.72000122070312,225.99000549316406,223.0399932861328,224.62582397460938,40687800,AAPL
2024-08-20 00:00:00+00:00,225.77000427246094,227.1699981689453,225.4499969482422,225.24234008789062,30299000,AAPL
2024-08-21 00:00:00+00:00,226.52000427246094,227.97999572753906,225.0500030517578,225.13296508789062,34765500,AAPL
2024-08-22 00:00:00+00:00,227.7899932861328,228.33999633789062,223.89999389648438,223.27342224121094,43695300,AAPL
2024-08-23 00:00:00+00:00,225.66000366210938,228.22000122070312,224.3300018310547,225.57049560546875,38677300,AAPL
2024-08-26 00:00:00+00:00,226.75999450683594,227.27999877929688,223.88999938964844,225.90858459472656,30602200,AAPL
2024-08-27 00:00:00+00:00,226.0,228.85000610351562,224.88999938964844,226.75384521484375,35934600,AAPL
2024-08-28 00:00:00+00:00,227.9199981689453,229.86000061035156,225.67999267578125,225.22247314453125,38052200,AAPL
2024-08-29 00:00:00+00:00,230.10000610351562,232.9199981689453,228.8800048828125,228.50399780273438,51906300,AAPL
2024-08-30 00:00:00+00:00,230.19000244140625,230.39999389648438,227.47999572753906,227.71841430664062,52990800,AAPL
2024-09-03 00:00:00+00:00,228.5500030517578,229.0,221.1699981689453,221.52328491210938,50190600,AAPL
2024-09-04 00:00:00+00:00,221.66000366210938,221.77999877929688,217.47999572753906,219.61402893066406,43840200,AAPL
2024-09-05 00:00:00+00:00,221.6300048828125,225.47999572753906,221.52000427246094,221.13546752929688,36615400,AAPL
2024-09-06 00:00:00+00:00,223.9499969482422,225.24000549316406,219.77000427246094,219.5841827392578,48423000,AAPL
2024-09-09 00:00:00+00:00,220.82000732421875,221.27000427246094,216.7100067138672,219.67369079589844,67180000,AAPL
2024-09-10 00:00:00+00:00,218.9199981689453,221.47999572753906,216.72999572753906,218.87815856933594,51591000,AAPL
2024-09-11 00:00:00+00:00,221.4600067138672,223.08999633789062,217.88999938964844,221.41390991210938,44587100,AAPL
2024-09-12 00:00:00+00:00,222.5,223.5500030517578,219.82000732421875,221.52328491210938,37455600,AAPL
2024-09-13 00:00:00+00:00,223.5800018310547,224.0399932861328,221.91000366210938,221.25479125976562,36766600,AAPL
2024-09-16 00:00:00+00:00,216.5399932861328,217.22000122070312,213.9199981689453,215.10939025878906,59357400,AAPL
2024-09-17 00:00:00+00:00,215.75,216.89999389648438,214.5,215.57672119140625,45519300,AAPL
2024-09-18 00:00:00+00:00,217.5500030517578,222.7100067138672,217.5399932861328,219.45494079589844,59894900,AAPL
2024-09-19 00:00:00+00:00,224.99000549316406,229.82000732421875,224.6300048828125,227.58914184570312,66781300,AAPL
2024-09-20 00:00:00+00:00,229.97000122070312,233.08999633789062,227.6199951171875,226.9228973388672,318679900,AAPL
2024-09-23 00:00:00+00:00,227.33999633789062,229.4499969482422,225.80999755859375,225.20257568359375,54146000,AAPL
2024-09-24 00:00:00+00:00,228.64999389648438,229.35000610351562,225.72999572753906,226.09751892089844,43556100,AAPL
2024-09-25 00:00:00+00:00,224.92999267578125,227.2899932861328,224.02000427246094,225.10311889648438,42308700,AAPL
2024-09-26 00:00:00+00:00,227.3000030517578,228.5,225.41000366210938,226.2467041015625,36636700,AAPL
2024-09-27 00:00:00+00:00,228.4600067138672,229.52000427246094,227.3000030517578,226.5151824951172,34026000,AAPL
2024-09-30 00:00:00+00:00,230.0399932861328,233.0,229.64999389648438,231.69602966308594,54541900,AAPL
2024-10-01 00:00:00+00:00,229.52000427246094,229.64999389648438,223.74000549316406,224.9440460205078,63285000,AAPL
2024-10-02 00:00:00+00:00,225.88999938964844,227.3699951171875,223.02000427246094,225.51084899902344,32880600,AAPL
2024-10-03 00:00:00+00:00,225.13999938964844,226.80999755859375,223.32000732421875,224.40704345703125,34044200,AAPL
2024-10-04 00:00:00+00:00,227.89999389648438,228.0,224.1300048828125,225.5307159423828,37245100,AAPL
2024-10-07 00:00:00+00:00,224.5,225.69000244140625,221.3300018310547,220.4493408203125,39505400,AAPL
2024-10-08 00:00:00+00:00,224.3000030517578,225.97999572753906,223.25,224.50650024414062,31855700,AAPL
2024-10-09 00:00:00+00:00,225.22999572753906,229.75,224.8300018310547,228.25538635253906,33591100,AAPL
2024-10-10 00:00:00+00:00,227.77999877929688,229.5,227.1699981689453,227.75819396972656,28183500,AAPL
2024-10-11 00:00:00+00:00,229.3000030517578,229.41000366210938,227.33999633789062,226.27655029296875,31759200,AAPL
2024-10-14 00:00:00+00:00,228.6999969482422,231.72999572753906,228.60000610351562,230.0055694580078,39882100,AAPL
2024-10-15 00:00:00+00:00,233.61000061035156,237.49000549316406,232.3699951171875,232.54127502441406,64751400,AAPL
2024-10-16 00:00:00+00:00,231.60000610351562,232.1199951171875,229.83999633789062,230.4828643798828,34082200,AAPL
2024-10-17 00:00:00+00:00,233.42999267578125,233.85000610351562,230.52000427246094,230.8507843017578,32993800,AAPL
2024-10-18 00:00:00+00:00,236.17999267578125,236.17999267578125,234.00999450683594,233.68482971191406,46431500,AAPL
2024-10-21 00:00:00+00:00,234.4499969482422,236.85000610351562,234.4499969482422,235.15655517578125,36254500,AAPL
2024-10-22 00:00:00+00:00,233.88999938964844,236.22000122070312,232.60000610351562,234.54002380371094,38846600,AAPL
2024-10-23 00:00:00+00:00,234.0800018310547,235.13999938964844,227.75999450683594,229.46856689453125,52287000,AAPL
2024-10-24 00:00:00+00:00,229.97999572753906,230.82000732421875,228.41000366210938,229.27964782714844,31109500,AAPL
2024-10-25 00:00:00+00:00,229.74000549316406,233.22000122070312,229.57000732421875,230.1149444580078,38802300,AAPL
2024-10-28 00:00:00+00:00,233.32000732421875,234.72999572753906,232.5500030517578,232.0937957763672,36087100,AAPL
2024-10-29 00:00:00+00:00,233.10000610351562,234.3300018310547,232.32000732421875,232.36228942871094,35417200,AAPL
2024-10-30 00:00:00+00:00,232.61000061035156,233.47000122070312,229.5500030517578,228.81227111816406,47070900,AAPL
2024-10-31 00:00:00+00:00,229.33999633789062,229.8300018310547,225.3699951171875,224.6457061767578,64370100,AAPL
2024-11-01 00:00:00+00:00,220.97000122070312,225.35000610351562,220.27000427246094,221.66250610351562,65276700,AAPL
2024-11-04 00:00:00+00:00,220.99000549316406,222.7899932861328,219.7100067138672,220.7675323486328,44944500,AAPL
2024-11-05 00:00:00+00:00,221.8000030517578,223.9499969482422,221.13999938964844,222.19949340820312,28111300,AAPL
2024-11-06 00:00:00+00:00,222.61000061035156,226.07000732421875,221.19000244140625,221.4735565185547,54561100,AAPL
2024-11-07 00:00:00+00:00,224.6300048828125,227.8800048828125,224.57000732421875,226.20692443847656,42137700,AAPL
2024-11-08 00:00:00+00:00,227.1699981689453,228.66000366210938,226.41000366210938,225.93814086914062,38328800,AAPL
2024-11-11 00:00:00+00:00,225.0,225.6999969482422,221.5,223.22042846679688,42005600,AAPL
2024-11-12 00:00:00+00:00,224.5500030517578,225.58999633789062,223.36000061035156,223.22042846679688,40398300,AAPL
2024-11-13 00:00:00+00:00,224.00999450683594,226.64999389648438,222.75999450683594,224.10641479492188,48566200,AAPL
2024-11-14 00:00:00+00:00,225.02000427246094,228.8699951171875,225.0,227.1924591064453,44923900,AAPL
2024-11-15 00:00:00+00:00,226.39999389648438,226.9199981689453,224.27000427246094,223.98695373535156,47923700,AAPL
2024-11-18 00:00:00+00:00,225.25,229.74000549316406,225.1699981689453,226.9933624267578,44633700,AAPL
2024-11-19 00:00:00+00:00,226.97999572753906,230.16000366210938,226.66000366210938,227.252197265625,36211800,AAPL
2024-11-20 00:00:00+00:00,228.05999755859375,229.92999267578125,225.88999938964844,227.9689483642578,35169600,AAPL
2024-11-21 00:00:00+00:00,228.8800048828125,230.16000366210938,225.7100067138672,227.4911346435547,42108300,AAPL
2024-11-22 00:00:00+00:00,228.05999755859375,230.72000122070312,228.05999755859375,228.8350372314453,38168300,AAPL
2024-11-25 00:00:00+00:00,231.4600067138672,233.25,229.74000549316406,231.82151794433594,90152800,AAPL
2024-11-26 00:00:00+00:00,233.3300018310547,235.57000732421875,233.3300018310547,234.0016632080078,45986200,AAPL
2024-11-27 00:00:00+00:00,234.47000122070312,235.69000244140625,233.80999755859375,233.8722381591797,33498400,AAPL
2024-11-29 00:00:00+00:00,234.80999755859375,237.80999755859375,233.97000122070312,236.26144409179688,28481400,AAPL
2024-12-02 00:00:00+00:00,237.27000427246094,240.7899932861328,237.16000366210938,238.51126098632812,48137100,AAPL
2024-12-03 00:00:00+00:00,239.80999755859375,242.75999450683594,238.89999389648438,241.55747985839844,38861000,AAPL
2024-12-04 00:00:00+00:00,242.8699951171875,244.11000061035156,241.25,241.91587829589844,44383900,AAPL
2024-12-05 00:00:00+00:00,243.99000549316406,244.5399932861328,242.1300048828125,241.94570922851562,40033900,AAPL
2024-12-06 00:00:00+00:00,242.91000366210938,244.6300048828125,242.0800018310547,241.7466278076172,36870600,AAPL
2024-12-09 00:00:00+00:00,241.8300018310547,247.24000549316406,241.75,245.63902282714844,44649200,AAPL
2024-12-10 00:00:00+00:00,246.88999938964844,248.2100067138672,245.33999633789062,246.65444946289062,36914800,AAPL
2024-12-11 00:00:00+00:00,247.9600067138672,250.8000030517578,246.25999450683594,245.38021850585938,45205800,AAPL
2024-12-12 00:00:00+00:00,246.88999938964844,248.74000549316406,245.67999267578125,246.84359741210938,32777500,AAPL
2024-12-13 00:00:00+00:00,247.82000732421875,249.2899932861328,246.24000549316406,247.0128173828125,33155300,AAPL
2024-12-16 00:00:00+00:00,247.99000549316406,251.3800048828125,247.64999389648438,249.90972900390625,51694800,AAPL
2024-12-17 00:00:00+00:00,250.0800018310547,253.8300018310547,249.77999877929688,252.33872985839844,51356400,AAPL
2024-12-18 00:00:00+00:00,252.16000366210938,254.27999877929688,247.74000549316406,246.9331817626953,56774100,AAPL
2024-12-19 00:00:00+00:00,247.5,252.0,247.08999633789062,248.66534423828125,60882300,AAPL
2024-12-20 00:00:00+00:00,248.0399932861328,255.0,245.69000244140625,253.3441925048828,147495300,AAPL
2024-12-23 00:00:00+00:00,254.77000427246094,255.64999389648438,253.4499969482422,254.1206817626953,40858800,AAPL
2024-12-24 00:00:00+00:00,255.49000549316406,258.2099914550781,255.2899932861328,257.0374755859375,23234700,AAPL
2024-12-26 00:00:00+00:00,258.19000244140625,260.1000061035156,257.6300048828125,257.853759765625,27237100,AAPL
2024-12-27 00:00:00+00:00,257.8299865722656,258.70001220703125,253.05999755859375,254.43922424316406,42355300,AAPL
2024-12-30 00:00:00+00:00,252.22999572753906,253.5,250.75,251.06448364257812,35557500,AAPL
2024-12-31 00:00:00+00:00,252.44000244140625,253.27999877929688,249.42999267578125,249.29251098632812,39480700,AAPL
2025-01-02 00:00:00+00:00,248.92999267578125,249.10000610351562,241.82000732421875,242.75209045410156,55740700,AAPL
2025-01-03 00:00:00+00:00,243.36000061035156,244.17999267578125,241.88999938964844,242.26429748535156,40244100,AAPL
2025-01-06 00:00:00+00:00,244.30999755859375,247.3300018310547,243.1999969482422,243.89691162109375,45045600,AAPL
2025-01-07 00:00:00+00:00,242.97999572753906,245.5500030517578,241.35000610351562,241.11949157714844,40856000,AAPL
2025-01-08 00:00:00+00:00,241.9199981689453,243.7100067138672,240.0500030517578,241.60728454589844,37628900,AAPL
2025-01-10 00:00:00+00:00,240.00999450683594,240.16000366210938,233.0,235.7836151123047,61710900,AAPL
2025-01-13 00:00:00+00:00,233.52999877929688,234.6699981689453,229.72000122070312,233.34463500976562,49630700,AAPL
2025-01-14 00:00:00+00:00,234.75,236.1199951171875,232.47000122070312,232.2296905517578,39435300,AAPL
2025-01-15 00:00:00+00:00,234.63999938964844,238.9600067138672,234.42999267578125,236.79901123046875,39832000,AAPL
2025-01-16 00:00:00+00:00,237.35000610351562,238.00999450683594,228.02999877929688,227.23228454589844,71759100,AAPL
2025-01-17 00:00:00+00:00,232.1199951171875,232.2899932861328,228.47999572753906,228.94451904296875,68488300,AAPL
2025-01-21 00:00:00+00:00,224.0,224.4199981689453,219.3800048828125,221.63758850097656,98070400,AAPL
2025-01-22 00:00:00+00:00,219.7899932861328,224.1199951171875,219.7899932861328,222.8222198486328,64126500,AAPL
2025-01-23 00:00:00+00:00,224.74000549316406,227.02999877929688,222.3000030517578,222.6529998779297,60234800,AAPL
2025-01-24 00:00:00+00:00,224.77999877929688,225.6300048828125,221.41000366210938,221.77696228027344,54697900,AAPL
2025-01-27 00:00:00+00:00,224.02000427246094,232.14999389648438,223.97999572753906,228.82508850097656,94863400,AAPL
2025-01-28 00:00:00+00:00,230.85000610351562,240.19000244140625,230.80999755859375,237.187255859375,75707600,AAPL
2025-01-29 00:00:00+00:00,234.1199951171875,239.86000061035156,234.00999450683594,238.2823028564453,45486100,AAPL
2025-01-30 00:00:00+00:00,238.6699981689453,240.7899932861328,237.2100067138672,236.520263671875,55658300,AAPL
2025-01-31 00:00:00+00:00,247.19000244140625,247.19000244140625,233.44000244140625,234.93743896484375,100959800,AAPL
2025-02-03 00:00:00+00:00,229.99000549316406,231.8300018310547,225.6999969482422,226.98341369628906,73063300,AAPL
2025-02-04 00:00:00+00:00,227.25,233.1300048828125,226.64999389648438,231.75184631347656,45067300,AAPL
2025-02-05 00:00:00+00:00,228.52999877929688,232.6699981689453,228.27000427246094,231.42333984375,39620300,AAPL
2025-02-06 00:00:00+00:00,231.2899932861328,233.8000030517578,230.42999267578125,232.16995239257812,29925300,AAPL
2025-02-07 00:00:00+00:00,232.60000610351562,234.0,227.25999450683594,226.60513305664062,39707200,AAPL
2025-02-10 00:00:00+00:00,229.57000732421875,230.58999633789062,227.1999969482422,226.8741912841797,33115600,AAPL
2025-02-11 00:00:00+00:00,228.1999969482422,235.22999572753906,228.1300048828125,231.8272705078125,53718400,AAPL
2025-02-12 00:00:00+00:00,231.1999969482422,236.9600067138672,230.67999267578125,236.06277465820312,45243300,AAPL
2025-02-13 00:00:00+00:00,236.91000366210938,242.33999633789062,235.57000732421875,240.7069091796875,53614100,AAPL
2025-02-14 00:00:00+00:00,241.25,245.5500030517578,240.99000549316406,243.7664337158203,40896200,AAPL
2025-02-18 00:00:00+00:00,244.14999389648438,245.17999267578125,241.83999633789062,243.6368865966797,48822500,AAPL
2025-02-19 00:00:00+00:00,244.66000366210938,246.00999450683594,243.16000366210938,244.03550720214844,32204200,AAPL
2025-02-20 00:00:00+00:00,244.94000244140625,246.77999877929688,244.2899932861328,244.99224853515625,32316900,AAPL
2025-02-21 00:00:00+00:00,245.9499969482422,248.69000244140625,245.22000122070312,244.71319580078125,53197400,AAPL
2025-02-24 00:00:00+00:00,244.92999267578125,248.86000061035156,244.4199981689453,246.25791931152344,51326400,AAPL
2025-02-25 00:00:00+00:00,248.0,250.0,244.91000366210938,246.1981201171875,48013300,AAPL
2025-02-26 00:00:00+00:00,244.3300018310547,244.97999572753906,239.1300048828125,239.54087829589844,44433600,AAPL
2025-02-27 00:00:00+00:00,239.41000366210938,242.4600067138672,237.05999755859375,236.49131774902344,41153600,AAPL
2025-02-28 00:00:00+00:00,236.9499969482422,242.08999633789062,230.1999969482422,241.01583862304688,56833400,AAPL
2025-03-03 00:00:00+00:00,241.7899932861328,244.02999877929688,236.11000061035156,237.21881103515625,47184000,AAPL
2025-03-04 00:00:00+00:00,237.7100067138672,240.07000732421875,234.67999267578125,235.1259765625,53798100,AAPL
2025-03-05 00:00:00+00:00,235.4199981689453,236.5500030517578,229.22999572753906,234.93663024902344,47227600,AAPL
2025-03-06 00:00:00+00:00,234.44000244140625,237.86000061035156,233.16000366210938,234.5280303955078,45170400,AAPL
2025-03-07 00:00:00+00:00,235.11000061035156,241.3699951171875,234.75999450683594,238.2552947998047,46273600,AAPL
2025-03-10 00:00:00+00:00,235.5399932861328,236.16000366210938,224.22000122070312,226.70477294921875,72071200,AAPL
2025-03-11 00:00:00+00:00,223.80999755859375,225.83999633789062,217.4499969482422,220.08741760253906,76137400,AAPL
2025-03-12 00:00:00+00:00,220.13999938964844,221.75,214.91000366210938,216.2405548095703,62547500,AAPL
2025-03-13 00:00:00+00:00,215.9499969482422,216.83999633789062,208.4199981689453,208.96543884277344,61368300,AAPL
2025-03-14 00:00:00+00:00,211.25,213.9499969482422,209.5800018310547,212.76246643066406,60107600,AAPL
2025-03-17 00:00:00+00:00,213.30999755859375,215.22000122070312,209.97000122070312,213.27072143554688,48073400,AAPL
2025-03-18 00:00:00+00:00,214.16000366210938,215.14999389648438,211.49000549316406,211.96517944335938,42432400,AAPL
2025-03-19 00:00:00+00:00,214.22000122070312,218.75999450683594,213.75,214.50648498535156,54385400,AAPL
2025-03-20 00:00:00+00:00,213.99000549316406,217.49000549316406,212.22000122070312,213.37039184570312,48862900,AAPL
2025-03-21 00:00:00+00:00,211.55999755859375,218.83999633789062,211.27999877929688,217.5261688232422,94127800,AAPL
2025-03-24 00:00:00+00:00,221.0,221.47999572753906,218.5800018310547,219.977783203125,44299500,AAPL
2025-03-25 00:00:00+00:00,220.77000427246094,224.10000610351562,220.0800018310547,222.9875030517578,34493600,AAPL
2025-03-26 00:00:00+00:00,223.50999450683594,225.02000427246094,220.47000122070312,220.77503967285156,34466100,AAPL
2025-03-27 00:00:00+00:00,221.38999938964844,224.99000549316406,220.55999755859375,223.08714294433594,37094800,AAPL
2025-03-28 00:00:00+00:00,221.6699981689453,223.80999755859375,217.67999267578125,217.1574249267578,39818600,AAPL
2025-03-31 00:00:00+00:00,217.00999450683594,225.6199951171875,216.22999572753906,221.37301635742188,65299300,AAPL
2025-04-01 00:00:00+00:00,219.80999755859375,223.67999267578125,218.89999389648438,222.4293975830078,36412700,AAPL
2025-04-02 00:00:00+00:00,221.32000732421875,225.19000244140625,221.02000427246094,223.12701416015625,35905900,AAPL
2025-04-03 00:00:00+00:00,205.5399932861328,207.49000549316406,201.25,202.49755859375,103419000,AAPL
2025-04-04 00:00:00+00:00,193.88999938964844,199.8800048828125,187.33999633789062,187.738037109375,125910900,AAPL
2025-04-07 00:00:00+00:00,177.1999969482422,194.14999389648438,174.6199951171875,180.84161376953125,160466300,AAPL
2025-04-08 00:00:00+00:00,186.6999969482422,190.33999633789062,169.2100067138672,171.83241271972656,120859500,AAPL
2025-04-09 00:00:00+00:00,171.9499969482422,200.61000061035156,171.88999938964844,198.17234802246094,184395900,AAPL
2025-04-10 00:00:00+00:00,189.07000732421875,194.77999877929688,183.0,189.77108764648438,121880000,AAPL
2025-04-11 00:00:00+00:00,186.10000610351562,199.5399932861328,186.05999755859375,197.47471618652344,87435900,AAPL
2025-04-14 00:00:00+00:00,211.44000244140625,212.94000244140625,201.16000366210938,201.82984924316406,101352900,AAPL
2025-04-15 00:00:00+00:00,201.86000061035156,203.50999450683594,199.8000030517578,201.45114135742188,51343900,AAPL
2025-04-16 00:00:00+00:00,198.36000061035156,200.6999969482422,192.3699951171875,193.6079559326172,59732400,AAPL
2025-04-17 00:00:00+00:00,197.1999969482422,198.8300018310547,194.4199981689453,196.3087158203125,52164700,AAPL
2025-04-21 00:00:00+00:00,193.27000427246094,193.8000030517578,189.80999755859375,192.50172424316406,46742500,AAPL
2025-04-22 00:00:00+00:00,196.1199951171875,201.58999633789062,195.97000122070312,199.059326171875,52976400,AAPL
2025-04-23 00:00:00+00:00,206.0,208.0,202.8000030517578,203.90277099609375,52929200,AAPL
2025-04-24 00:00:00+00:00,204.88999938964844,208.8300018310547,202.94000244140625,207.65989685058594,47311000,AAPL
2025-04-25 00:00:00+00:00,206.3699951171875,209.75,206.1999969482422,208.56680297851562,38222300,AAPL
2025-04-28 00:00:00+00:00,210.0,211.5,207.4600067138672,209.4238739013672,38743100,AAPL
2025-04-29 00:00:00+00:00,208.69000244140625,212.24000549316406,208.3699951171875,210.49021911621094,36827600,AAPL
2025-04-30 00:00:00+00:00,209.3000030517578,213.5800018310547,206.6699981689453,211.7758331298828,52286500,AAPL
2025-05-01 00:00:00+00:00,209.0800018310547,214.55999755859375,208.89999389648438,212.59304809570312,57365700,AAPL
2025-05-02 00:00:00+00:00,206.08999633789062,206.99000549316406,202.16000366210938,204.65020751953125,101010600,AAPL
2025-05-05 00:00:00+00:00,203.10000610351562,204.10000610351562,198.2100067138672,198.21221923828125,69018500,AAPL
2025-05-06 00:00:00+00:00,198.2100067138672,200.64999389648438,197.02000427246094,197.83349609375,51216500,AAPL
2025-05-07 00:00:00+00:00,199.1699981689453,199.44000244140625,193.25,195.58120727539062,68536700,AAPL
2025-05-08 00:00:00+00:00,197.72000122070312,200.0500030517578,194.67999267578125,196.81698608398438,50478900,AAPL
2025-05-09 00:00:00+00:00,199.0,200.5399932861328,197.5399932861328,197.8534393310547,36453900,AAPL
2025-05-12 00:00:00+00:00,210.97000122070312,211.27000427246094,206.75,210.34713745117188,63775800,AAPL
2025-05-13 00:00:00+00:00,210.42999267578125,213.39999389648438,209.0,212.48263549804688,51909300,AAPL
2025-05-14 00:00:00+00:00,212.42999267578125,213.94000244140625,210.5800018310547,211.88389587402344,49325800,AAPL
2025-05-15 00:00:00+00:00,210.9499969482422,212.9600067138672,209.5399932861328,211.00575256347656,45029500,AAPL
2025-05-16 00:00:00+00:00,212.36000061035156,212.57000732421875,209.77000427246094,210.81614685058594,54737900,AAPL
2025-05-19 00:00:00+00:00,207.91000366210938,209.47999572753906,204.25999450683594,208.3413543701172,46140500,AAPL
2025-05-20 00:00:00+00:00,207.6699981689453,208.47000122070312,205.02999877929688,206.42539978027344,42496600,AAPL
2025-05-21 00:00:00+00:00,205.1699981689453,207.0399932861328,200.7100067138672,201.6654052734375,59211800,AAPL
2025-05-22 00:00:00+00:00,200.7100067138672,202.75,199.6999969482422,200.9369354248047,46742400,AAPL
2025-05-23 00:00:00+00:00,193.6699981689453,197.6999969482422,193.4600067138672,194.85975646972656,78432900,AAPL
2025-05-27 00:00:00+00:00,198.3000030517578,200.74000549316406,197.42999267578125,199.78936767578125,56288500,AAPL
2025-05-28 00:00:00+00:00,200.58999633789062,202.72999572753906,199.89999389648438,199.99891662597656,45339700,AAPL
2025-05-29 00:00:00+00:00,203.5800018310547,203.80999755859375,198.50999450683594,199.5299072265625,51396800,AAPL
2025-05-30 00:00:00+00:00,199.3699951171875,201.9600067138672,196.77999877929688,200.4280242919922,70819900,AAPL
2025-06-02 00:00:00+00:00,200.27999877929688,202.1300048828125,200.1199951171875,201.27622985839844,35423300,AAPL
2025-06-03 00:00:00+00:00,201.35000610351562,203.77000427246094,200.9600067138672,202.84292602539062,46381600,AAPL
2025-06-04 00:00:00+00:00,202.91000366210938,206.24000549316406,202.10000610351562,202.39389038085938,43604000,AAPL
2025-06-05 00:00:00+00:00,203.5,204.75,200.14999389648438,200.20849609375,55126100,AAPL
2025-06-06 00:00:00+00:00,203.0,205.6999969482422,202.0500030517578,203.49156188964844,46607700,AAPL
2025-06-09 00:00:00+00:00,204.38999938964844,206.0,200.02000427246094,201.02676391601562,72862600,AAPL
2025-06-10 00:00:00+00:00,200.60000610351562,204.35000610351562,200.57000732421875,202.2441864013672,54672600,AAPL
2025-06-11 00:00:00+00:00,203.5,204.5,198.41000366210938,198.36236572265625,60989900,AAPL
2025-06-12 00:00:00+00:00,199.0800018310547,199.67999267578125,197.36000061035156,198.78147888183594,43904600,AAPL
2025-06-13 00:00:00+00:00,199.72999572753906,200.3699951171875,195.6999969482422,196.03726196289062,51447300,AAPL
2025-06-16 00:00:00+00:00,197.3000030517578,198.69000244140625,196.55999755859375,198.0031280517578,43020700,AAPL
2025-06-17 00:00:00+00:00,197.1999969482422,198.38999938964844,195.2100067138672,195.2289581298828,38856200,AAPL
2025-06-18 00:00:00+00:00,195.94000244140625,197.57000732421875,195.07000732421875,196.16697692871094,45394700,AAPL
2025-06-20 00:00:00+00:00,198.24000549316406,201.6999969482422,196.86000061035156,200.57769775390625,96813500,AAPL
2025-06-23 00:00:00+00:00,201.6300048828125,202.3000030517578,198.9600067138672,201.07666015625,55814300,AAPL
2025-06-24 00:00:00+00:00,202.58999633789062,203.44000244140625,200.1999969482422,199.87918090820312,54064000,AAPL
2025-06-25 00:00:00+00:00,201.4499969482422,203.6699981689453,200.6199951171875,201.13653564453125,39525700,AAPL
2025-06-26 00:00:00+00:00,201.42999267578125,202.63999938964844,199.4600067138672,200.57769775390625,50799100,AAPL
2025-06-27 00:00:00+00:00,201.88999938964844,203.22000122070312,200.0,200.65753173828125,73188600,AAPL
2025-06-30 00:00:00+00:00,202.00999450683594,207.38999938964844,199.25999450683594,204.7389373779297,91912800,AAPL
2025-07-01 00:00:00+00:00,206.6699981689453,210.19000244140625,206.13999938964844,207.3833770751953,78788900,AAPL
2025-07-02 00:00:00+00:00,208.91000366210938,213.33999633789062,208.13999938964844,211.99366760253906,67941800,AAPL
2025-07-03 00:00:00+00:00,212.14999389648438,214.64999389648438,211.80999755859375,213.10134887695312,34955800,AAPL
2025-07-07 00:00:00+00:00,212.67999267578125,216.22999572753906,208.8000030517578,209.50889587402344,50229000,AAPL
2025-07-08 00:00:00+00:00,210.10000610351562,211.42999267578125,208.4499969482422,209.5687713623047,42848900,AAPL
2025-07-09 00:00:00+00:00,209.52999877929688,211.3300018310547,207.22000122070312,210.69639587402344,48749400,AAPL
2025-07-10 00:00:00+00:00,210.50999450683594,213.47999572753906,210.02999877929688,211.96372985839844,44443600,AAPL
2025-07-11 00:00:00+00:00,210.57000732421875,212.1300048828125,209.86000061035156,210.7163543701172,39765800,AAPL
2025-07-14 00:00:00+00:00,209.92999267578125,210.91000366210938,207.5399932861328,208.1816864013672,38840100,AAPL
2025-07-15 00:00:00+00:00,209.22000122070312,211.88999938964844,208.9199981689453,208.67066955566406,42296300,AAPL
2025-07-16 00:00:00+00:00,210.3000030517578,212.39999389648438,208.63999938964844,209.71847534179688,47490500,AAPL
2025-07-17 00:00:00+00:00,210.57000732421875,211.8000030517578,209.58999633789062,209.57875061035156,48068100,AAPL
2025-07-18 00:00:00+00:00,210.8699951171875,211.7899932861328,209.6999969482422,210.73631286621094,48974600,AAPL
2025-07-21 00:00:00+00:00,212.10000610351562,215.77999877929688,211.6300048828125,212.0335693359375,51377400,AAPL
2025-07-22 00:00:00+00:00,213.13999938964844,214.9499969482422,212.22999572753906,213.94955444335938,46404100,AAPL
2025-07-23 00:00:00+00:00,215.0,215.14999389648438,212.41000366210938,213.7000732421875,46989300,AAPL
2025-07-24 00:00:00+00:00,213.89999389648438,215.69000244140625,213.52999877929688,213.31088256835938,46022600,AAPL
2025-07-25 00:00:00+00:00,214.6999969482422,215.24000549316406,213.39999389648438,213.43064880371094,40268800,AAPL
2025-07-28 00:00:00+00:00,214.02999877929688,214.85000610351562,213.05999755859375,213.6002960205078,37858000,AAPL
2025-07-29 00:00:00+00:00,214.17999267578125,214.80999755859375,210.82000732421875,210.8261260986328,51411700,AAPL
2025-07-30 00:00:00+00:00,211.89999389648438,212.38999938964844,207.72000122070312,208.6107940673828,45512500,AAPL
2025-07-31 00:00:00+00:00,208.49000549316406,209.83999633789062,207.16000366210938,207.1339111328125,80698400,AAPL
2025-08-01 00:00:00+00:00,210.8699951171875,213.5800018310547,201.5,201.95481872558594,104434500,AAPL
2025-08-04 00:00:00+00:00,204.50999450683594,207.8800048828125,201.67999267578125,202.9227752685547,75109300,AAPL
2025-08-05 00:00:00+00:00,203.39999389648438,205.33999633789062,202.16000366210938,202.49366760253906,44155100,AAPL
2025-08-06 00:00:00+00:00,205.6300048828125,215.3800048828125,205.58999633789062,212.80197143554688,108483100,AAPL
2025-08-07 00:00:00+00:00,218.8800048828125,220.85000610351562,216.5800018310547,219.56771850585938,90224800,AAPL
2025-08-08 00:00:00+00:00,220.8300018310547,231.0,219.25,228.86814880371094,113854000,AAPL
2025-08-11 00:00:00+00:00,227.9199981689453,229.55999755859375,224.75999450683594,226.95997619628906,61806100,AAPL
2025-08-12 00:00:00+00:00,228.00999450683594,230.8000030517578,227.07000732421875,229.42758178710938,55626200,AAPL
2025-08-13 00:00:00+00:00,231.07000732421875,235.0,230.42999267578125,233.10403442382812,69878500,AAPL
2025-08-14 00:00:00+00:00,234.05999755859375,235.1199951171875,230.85000610351562,232.5545654296875,51916300,AAPL
2025-08-15 00:00:00+00:00,234.0,234.27999877929688,229.33999633789062,231.36570739746094,56038700,AAPL
2025-08-18 00:00:00+00:00,231.6999969482422,233.1199951171875,230.11000061035156,230.66639709472656,37476200,AAPL
2025-08-19 00:00:00+00:00,231.27999877929688,232.8699951171875,229.35000610351562,230.3367156982422,39402600,AAPL
2025-08-20 00:00:00+00:00,229.97999572753906,230.47000122070312,225.77000427246094,225.79110717773438,42263900,AAPL
2025-08-21 00:00:00+00:00,226.27000427246094,226.52000427246094,223.77999877929688,224.68218994140625,30621200,AAPL
2025-08-22 00:00:00+00:00,226.1699981689453,229.08999633789062,225.41000366210938,227.53941345214844,42477800,AAPL
2025-08-25 00:00:00+00:00,226.47999572753906,229.3000030517578,226.22999572753906,226.94000244140625,30983100,AAPL
2025-08-26 00:00:00+00:00,226.8699951171875,229.49000549316406,224.69000244140625,229.08792114257812,54575100,AAPL
2025-08-27 00:00:00+00:00,228.61000061035156,230.89999389648438,228.25999450683594,230.26678466796875,31259500,AAPL
2025-08-28 00:00:00+00:00,230.82000732421875,233.41000366210938,229.33999633789062,232.33477783203125,38074700,AAPL
2025-08-29 00:00:00+00:00,232.50999450683594,233.3800048828125,231.3699951171875,231.91517639160156,39418400,AAPL
2025-09-02 00:00:00+00:00,229.25,230.85000610351562,226.97000122070312,229.49752807617188,44075600,AAPL
2025-09-03 00:00:00+00:00,237.2100067138672,238.85000610351562,234.36000061035156,238.2390594482422,66427800,AAPL
2025-09-04 00:00:00+00:00,238.4499969482422,239.89999389648438,236.74000549316406,239.5477752685547,47549400,AAPL
2025-09-05 00:00:00+00:00,240.0,241.32000732421875,238.49000549316406,239.45787048339844,54870400,AAPL
2025-09-08 00:00:00+00:00,239.3000030517578,240.14999389648438,236.33999633789062,237.64962768554688,48999500,AAPL
2025-09-09 00:00:00+00:00,237.0,238.77999877929688,233.36000061035156,234.123046875,66313900,AAPL
2025-09-10 00:00:00+00:00,232.19000244140625,232.4199981689453,225.9499969482422,226.5703582763672,83440800,AAPL
2025-09-11 00:00:00+00:00,226.8800048828125,230.4499969482422,226.64999389648438,229.80722045898438,50208600,AAPL
2025-09-12 00:00:00+00:00,229.22000122070312,234.50999450683594,229.02000427246094,233.84332275390625,55824200,AAPL
2025-09-15 00:00:00+00:00,237.0,238.19000244140625,235.02999877929688,236.47076416015625,42699500,AAPL
2025-09-16 00:00:00+00:00,237.17999267578125,241.22000122070312,236.32000732421875,237.9193572998047,63421100,AAPL
2025-09-17 00:00:00+00:00,238.97000122070312,240.10000610351562,237.72999572753906,238.75856018066406,46508000,AAPL
2025-09-18 00:00:00+00:00,239.97000122070312,241.1999969482422,236.64999389648438,237.64962768554688,44249600,AAPL
2025-09-19 00:00:00+00:00,241.22999572753906,246.3000030517578,240.2100067138672,245.26223754882812,163741300,AAPL
2025-09-22 00:00:00+00:00,248.3000030517578,256.6400146484375,248.1199951171875,255.8319854736328,105517400,AAPL
2025-09-23 00:00:00+00:00,255.8800048828125,257.3399963378906,253.5800018310547,254.18359375,60275200,AAPL
2025-09-24 00:00:00+00:00,255.22000122070312,255.74000549316406,251.0399932861328,252.06564331054688,42303700,AAPL
2025-09-25 00:00:00+00:00,253.2100067138672,257.1700134277344,251.7100067138672,256.6212158203125,55202100,AAPL
2025-09-26 00:00:00+00:00,254.10000610351562,257.6000061035156,253.77999877929688,255.2126007080078,46076300,AAPL
2025-09-29 00:00:00+00:00,254.55999755859375,255.0,253.00999450683594,254.18359375,40127700,AAPL
2025-09-30 00:00:00+00:00,254.86000061035156,255.9199981689453,253.11000061035156,254.38340759277344,37704300,AAPL
2025-10-01 00:00:00+00:00,255.0399932861328,258.7900085449219,254.92999267578125,255.20260620117188,48713900,AAPL
2025-10-02 00:00:00+00:00,256.5799865722656,258.17999267578125,254.14999389648438,256.8809814453125,42630200,AAPL
2025-10-03 00:00:00+00:00,254.6699981689453,259.239990234375,253.9499969482422,257.7701110839844,49155600,AAPL
2025-10-06 00:00:00+00:00,257.989990234375,259.07000732421875,255.0500030517578,256.44140625,44664100,AAPL
2025-10-07 00:00:00+00:00,256.80999755859375,257.3999938964844,255.42999267578125,256.23162841796875,31955800,AAPL
2025-10-08 00:00:00+00:00,256.5199890136719,258.5199890136719,256.1099853515625,257.8100891113281,36496900,AAPL
2025-10-09 00:00:00+00:00,257.80999755859375,258.0,253.13999938964844,253.79396057128906,38322000,AAPL
2025-10-10 00:00:00+00:00,254.94000244140625,256.3800048828125,244.0,245.032470703125,61999100,AAPL
2025-10-13 00:00:00+00:00,249.3800048828125,249.69000244140625,245.55999755859375,247.42015075683594,38142900,AAPL
2025-10-14 00:00:00+00:00,246.60000610351562,248.85000610351562,244.6999969482422,247.53004455566406,35478000,AAPL
2025-10-15 00:00:00+00:00,249.49000549316406,251.82000732421875,247.47000122070312,249.09852600097656,33893600,AAPL
2025-10-16 00:00:00+00:00,248.25,249.0399932861328,245.1300048828125,247.21035766601562,39777000,AAPL
2025-10-17 00:00:00+00:00,248.02000427246094,253.3800048828125,247.27000427246094,252.045654296875,49147000,AAPL
2025-10-20 00:00:00+00:00,255.88999938964844,264.3800048828125,255.6300048828125,261.98602294921875,90483000,AAPL
2025-10-21 00:00:00+00:00,261.8800048828125,265.2900085449219,261.8299865722656,262.5155029296875,46695900,AAPL
2025-10-22 00:00:00+00:00,262.6499938964844,262.8500061035156,255.42999267578125,258.19970703125,45015300,AAPL
2025-10-23 00:00:00+00:00,259.94000244140625,260.6199951171875,258.010009765625,259.3285827636719,32754900,AAPL
2025-10-24 00:00:00+00:00,261.19000244140625,264.1300048828125,259.17999267578125,262.56549072265625,38253700,AAPL
2025-10-27 00:00:00+00:00,264.8800048828125,269.1199951171875,264.6499938964844,268.5496520996094,44888200,AAPL
2025-10-28 00:00:00+00:00,268.989990234375,269.8900146484375,268.1499938964844,268.7394714355469,41534800,AAPL
2025-10-29 00:00:00+00:00,269.2799987792969,271.4100036621094,267.1099853515625,269.4388122558594,51086700,AAPL
2025-10-30 00:00:00+00:00,271.989990234375,274.1400146484375,268.4800109863281,271.13714599609375,69886500,AAPL
2025-10-31 00:00:00+00:00,276.989990234375,277.32000732421875,269.1600036621094,270.108154296875,86167100,AAPL
2025-11-03 00:00:00+00:00,270.4200134277344,270.8500061035156,266.25,268.7894287109375,50194600,AAPL
2025-11-04 00:00:00+00:00,268.3299865722656,271.489990234375,267.6199951171875,269.7784729003906,49274800,AAPL
2025-11-05 00:00:00+00:00,268.6099853515625,271.70001220703125,266.92999267578125,269.8783874511719,43683100,AAPL
2025-11-06 00:00:00+00:00,267.8900146484375,273.3999938964844,267.8900146484375,269.50872802734375,51204000,AAPL
2025-11-07 00:00:00+00:00,269.79998779296875,272.2900085449219,266.7699890136719,268.2099914550781,48227400,AAPL
2025-11-10 00:00:00+00:00,268.9599914550781,273.7300109863281,267.4599914550781,269.42999267578125,41312400,AAPL
2025-11-11 00:00:00+00:00,269.80999755859375,275.9100036621094,269.79998779296875,275.25,46208300,AAPL
2025-11-12 00:00:00+00:00,275.0,275.7300109863281,271.70001220703125,273.4700012207031,48398000,AAPL
2025-11-13 00:00:00+00:00,274.1099853515625,276.70001220703125,272.0899963378906,272.95001220703125,49602800,AAPL
2025-11-14 00:00:00+00:00,271.04998779296875,275.9599914550781,269.6000061035156,272.4100036621094,47431300,AAPL
2025-11-17 00:00:00+00:00,268.82000732421875,270.489990234375,265.7300109863281,267.4599914550781,45018300,AAPL
2025-11-18 00:00:00+00:00,269.989990234375,270.7099914550781,265.32000732421875,267.44000244140625,45677300,AAPL
2025-11-19 00:00:00+00:00,265.5299987792969,272.2099914550781,265.5,268.55999755859375,40424500,AAPL
2025-11-20 00:00:00+00:00,270.8299865722656,275.42999267578125,265.9200134277344,266.25,45823600,AAPL
2025-11-21 00:00:00+00:00,265.95001220703125,273.3299865722656,265.6700134277344,271.489990234375,58784100,AAPL
