datetime,open,high,low,close,volume
2015-01-02,0.4830382168292999,0.48663763256897846,0.4753595013918338,0.4830382168292999,113680000
2015-01-05,0.4830382813525072,0.48447804784069953,0.4727200311348355,0.474879652261734,197952000
2015-01-06,0.4755994624905402,0.4760793750444635,0.46000211855302553,0.46048203110694885,197764000
2015-01-07,0.463841551814028,0.46792088095245704,0.45784257202856404,0.4592823386192322,321808000
2015-01-08,0.46456144083955353,0.4794389337753259,0.4643214702030182,0.4765594005584717,283780000
2015-01-09,0.4782391453178396,0.4820785039303769,0.4717602240835089,0.4784790873527527,209540000
2015-01-12,0.4796789548976444,0.47991892557374694,0.46816090594726756,0.4724801778793335,190732000
2015-01-13,0.47607951463998727,0.48567788295441955,0.46840082570952024,0.47176024317741394,236720000
2015-01-14,0.46672109491252645,0.47511966679063367,0.4655212989299397,0.47367990016937256,155260000
2015-01-15,0.4770392656668275,0.479918769818544,0.4700804329776759,0.4703204035758972,188932000
2015-01-16,0.46960051049287105,0.47943884712646073,0.46816074414465253,0.47895893454551697,181512000
2015-01-20,0.4823183948421144,0.4849579285787386,0.4743997364214624,0.4803987443447113,140308000
2015-01-21,0.47775922125969783,0.48831744288992246,0.4743997754024205,0.48711761832237244,144780000
2015-01-22,0.4880774946094927,0.49695603714616415,0.4830383682055361,0.49551627039909363,159712000
2015-01-23,0.4959959297737316,0.4979156369702771,0.49191663064587343,0.4969558119773865,120416000
2015-01-26,0.49479627609252924,0.4971958677293964,0.49167680124352425,0.4947962760925293,133240000
2015-01-27,0.4871175977713705,0.4875975390202991,0.4700804843853505,0.4710403382778168,357948000
2015-01-28,0.4767993465353733,0.47871902571219466,0.4631216502788909,0.46336162090301514,272728000
2015-01-29,0.4636015220022219,0.4772791876021153,0.46144187252515245,0.4746396541595459,235340000
2015-01-30,0.47128024970864396,0.47679931626459204,0.46000217459324777,0.46072202920913696,298200000
2015-02-02,0.4636016531664282,0.4727201090146528,0.4544831973182037,0.4708004295825958,259604000
2015-02-03,0.47415968088639515,0.48303819157103106,0.47176008958900917,0.4825582504272461,183468000
2015-02-04,0.48111870676714413,0.48927730854003115,0.47967891144634867,0.48375824093818665,181516000
2015-02-05,0.4842380038371033,0.4919167195901579,0.48375811985927153,0.49167677760124207,140448000
2015-02-06,0.49119698035489606,0.49695604746273364,0.48735762135326816,0.4895172715187073,210524000
2015-02-09,0.4866375946713739,0.49047689488034363,0.48351812034351016,0.4890371859073639,273944000
2015-02-10,0.4895175556946981,0.502955291395909,0.48735790427553266,0.5027153491973877,226204000
2015-02-11,0.5039148292062338,0.5039148292062338,0.4959961690755561,0.49935564398765564,320832000
2015-02-12,0.5279107441056518,0.5399087038603924,0.5247912688483407,0.5351095199584961,676904000
2015-02-13,0.533909721574991,0.5360693716000473,0.525751119983606,0.5353494882583618,310084000
2015-02-17,0.5343896132807641,0.539668738226283,0.5310301961385168,0.5370291471481323,203340000
2015-02-18,0.5363092166464393,0.53726909906894,0.5298303249538344,0.5307901501655579,170948000
2015-02-19,0.5375091450714966,0.538468970468936,0.5298304274704041,0.532230019569397,169432000
2015-02-20,0.531750209269332,0.5363093948425642,0.5279108499359814,0.5360694527626038,157752000
2015-02-23,0.5358295035378727,0.5358295035378727,0.5291106104914,0.5317502021789551,125008000
2015-02-24,0.5337976956400355,0.5374109148979187,0.5289800316754683,0.5374109148979187,149356000
2015-02-25,0.5352428797477492,0.5376517688499637,0.530907005712133,0.5333158373832703,123820000
2015-02-26,0.5337974906637863,0.5378924977180926,0.5304250812387141,0.5347610116004944,152864000
2015-02-27,0.5333157420283231,0.5345201863640799,0.5294616005573947,0.5313887000083923,157492000
2015-03-02,0.529943702503336,0.547287320641634,0.5292210469616485,0.544396698474884,301512000
2015-03-03,0.5403015144995439,0.5429512123440684,0.5325932294940953,0.5342794060707092,160344000
2015-03-04,0.5323523509738534,0.5415058889496457,0.5301843850988969,0.540301501750946,226840000
2015-03-05,0.5403014952301592,0.5516229989442712,0.5388561846642981,0.5506594777107239,323056000
2015-03-06,0.5475277824076422,0.5501774791500075,0.542710120640946,0.5431919097900391,257392000
2015-03-09,0.5434330542914438,0.5487325079244993,0.542228609516668,0.5446374416351318,222388000
2015-03-10,0.5470462780839467,0.5576451854339574,0.5460827567151516,0.5540319085121155,527212000
2015-03-11,0.5540317658116692,0.5612582603629563,0.5496958920533265,0.5511412024497986,262120000
2015-03-12,0.545841749930061,0.5499367577644431,0.5357246345897164,0.546082615852356,406972000
2015-03-13,0.5434331469296799,0.5482508119878677,0.5359657258877205,0.5468055009841919,359288000
2015-03-16,0.5511411749295403,0.5566814928853218,0.5475278991187825,0.5533090829849243,236956000
2015-03-17,0.5521048525852859,0.560294870171025,0.5482507097710889,0.5600540041923523,299900000
2015-03-18,0.5600539959121773,0.562944559906774,0.5458418696210473,0.550900399684906,413844000
2015-03-19,0.5528273397709064,0.5612582207704702,0.5487323322238226,0.5593311786651611,310756000
2015-03-20,0.5639080213642866,0.5687256844508554,0.5586085689966314,0.565353274345398,462084000
2015-03-23,0.5484914352992638,0.5557179296887594,0.5468052590181554,0.5470461249351501,426012000
2015-03-24,0.5453599797884725,0.5492141218357831,0.5371699638323598,0.5395787954330444,330480000
2015-03-25,0.5393379694937137,0.5393379694937137,0.50513247782418,0.5068187117576599,542552000
2015-03-26,0.49646063041540933,0.5073003425462751,0.4928473547510752,0.5051323771476746,311920000
2015-03-27,0.5080230003348596,0.516935670445384,0.49983298536097953,0.5150086283683777,318288000
2015-03-30,0.5174176132954514,0.519826445322398,0.5106728491613498,0.5171767473220825,253252000
2015-03-31,0.5157311710905617,0.5162129027892753,0.5036870171568771,0.5041687488555908,357276000
2015-04-01,0.5060961246490479,0.5077823013785665,0.49742431758931815,0.5060961246490479,330768000
2015-04-02,0.5089866129753424,0.510431923508743,0.5029645623276116,0.5073004364967346,192204000
2015-04-06,0.505132357269496,0.5236804092313867,0.4998329630784411,0.5219942331314087,515864000
2015-04-07,0.5219944160773211,0.532352399629589,0.5191037946465166,0.5265712141990662,413964000
2015-04-08,0.5270527790085294,0.532352230807387,0.5219942505398936,0.5304251313209534,366432000
2015-04-09,0.5263303876698213,0.5443966600754897,0.5260895216499487,0.5427104830741882,379432000
2015-04-10,0.5431919091629632,0.5484913026415761,0.5412648099998745,0.5482504367828369,258728000
2015-04-13,0.5470459932585492,0.5501774791500075,0.5407830214756326,0.5431919097900391,236724000
2015-04-14,0.5410242377473462,0.5431922039456989,0.5333159517739299,0.5386154055595398,220276000
2015-04-15,0.5400607548578213,0.5492142948515795,0.5374109990605781,0.5451192855834961,243560000
2015-04-16,0.5419876014922098,0.5465643985471488,0.5378925937071333,0.5417467355728149,155284000
2015-04-17,0.5304250812387141,0.5400604628989827,0.5301842153623028,0.5347610116004944,293636000
2015-04-20,0.5371699953599491,0.5405423483126227,0.5311478872892501,0.5321114659309387,231624000
2015-04-21,0.5386151937297329,0.5386151937297329,0.5287389454421539,0.5313887000083923,230456000
2015-04-22,0.5345203509778291,0.5381335702357123,0.526330276293197,0.5374109148979187,207420000
2015-04-23,0.527534570262106,0.540301381863328,0.5215124633116119,0.5352427959442139,259380000
2015-04-24,0.5350019266241625,0.5352427925227007,0.5246439463831375,0.5306660532951355,240960000
2015-04-27,0.5323521805431929,0.544155469953289,0.5277753843050013,0.5347610116004944,248456000
2015-04-28,0.5337976956400355,0.5393380149423964,0.5287391082754807,0.5374109148979187,234484000
2015-04-29,0.5335567033210609,0.5388561559699937,0.5311478716499236,0.5333158373832703,195156000
2015-04-30,0.5306660045461881,0.5374107085342072,0.5294615603020061,0.5347610116004944,218844000
2015-05-01,0.5390972002219759,0.549696109025584,0.5366883677540826,0.5480099320411682,256968000
2015-05-04,0.5475280631497236,0.5511413400429632,0.542951264895316,0.5446374416351318,200720000
2015-05-05,0.5427102096880637,0.5434328648147462,0.5282572220165498,0.5306660532951355,292928000
2015-05-06,0.5335564764899055,0.538615061050489,0.5253664637760788,0.532352089881897,316484000
2015-05-07,0.53018430997577,0.5434329118707245,0.5284981336778605,0.5417467355728149,534564000
2015-05-08,0.5060961169442606,0.5260894288441451,0.49357016722300256,0.5017601847648621,1146552000
2015-05-11,0.4947744056925035,0.5020009571507905,0.49092032148950965,0.4969423711299896,544144000
2015-05-12,0.4933293012456204,0.5058551935357918,0.49308837783715165,0.5017601847648621,388800000
2015-05-13,0.5053737253815661,0.5092278701869427,0.49983340299217177,0.5046510696411133,308524000
2015-05-14,0.5060959243749269,0.5154903830912819,0.5048914800841335,0.5128406286239624,293052000
2015-05-15,0.5150087720266209,0.5174176040103406,0.5099502420901346,0.5130817294120789,215824000
2015-05-18,0.5118772337729375,0.5154905101045387,0.5094684020288962,0.5123590230941772,324972000
2015-05-19,0.5130363755574124,0.514730413993047,0.5081964141047495,0.5091644525527954,253808000
2015-05-20,0.509406433316361,0.5154564139806357,0.5086804333287724,0.5091644525527954,196824000
2015-05-21,0.509406450916617,0.5115844509546339,0.5050504508405833,0.5055344700813293,239692000
2015-05-22,0.5067445646665057,0.5086805265234995,0.5035985833762143,0.5048085451126099,212592000
2015-05-26,0.5023886718425331,0.5057766346683668,0.4977906893235219,0.5016626715660095,259732000
2015-05-27,0.5050507002422382,0.530944559622612,0.5033567186084537,0.5285245776176453,432332000
2015-05-28,0.5285245374922055,0.5374784644611105,0.5275565563030922,0.5357844829559326,327656000
2015-05-29,0.5357844093332979,0.5391723718781105,0.5348164282771957,0.5355424284934998,335168000
2015-06-01,0.5389305751190345,0.5469165225292034,0.5355426114170064,0.541592538356781,372660000
2015-06-02,0.5382045321730136,0.5411085338009207,0.5304605662965447,0.5309445858001709,224304000
2015-06-03,0.5323964752536142,0.5365104382346884,0.5241684915945533,0.5251365303993225,250788000
2015-06-04,0.5219905804055842,0.5362684901334254,0.5219905804055842,0.5345745086669922,323712000
2015-06-05,0.5328804783618116,0.5411084626601548,0.527314514438043,0.5386884808540344,313320000
2015-06-08,0.5369943485939351,0.5406242914355212,0.5202964615106962,0.5263463854789734,342812000
2015-06-09,0.5268304476237294,0.5328803720839728,0.5258624666337193,0.5290084481239319,256888000
2015-06-10,0.5227165111073838,0.5261044735891561,0.5166665286497256,0.519570529460907,529460000
2015-06-11,0.5195705669080075,0.5287664739780119,0.5195705669080075,0.5251365303993225,283052000
2015-06-12,0.5217483006206373,0.5248942812315043,0.5096483973853371,0.510858416557312,323728000
2015-06-15,0.5081963987417367,0.5123104177793341,0.5043244758541696,0.5098904371261597,306548000
2015-06-16,0.5089226558244923,0.5169086017843039,0.5038407111944008,0.5161826014518738,256892000
2015-06-17,0.5159405098306502,0.5251364736029744,0.514730548000922,0.5222324728965759,233544000
2015-06-18,0.5265886410552352,0.5343325492347791,0.5251366402412817,0.5309445858001709,299404000
2015-06-19,0.5309443643879624,0.5353003073164009,0.5244104211468543,0.5292503833770752,355656000
2015-06-22,0.5302182912335931,0.5331222912503911,0.5190863680983913,0.5270723104476929,514236000
2015-06-23,0.5280405498172058,0.5321545133911306,0.50940669444228,0.5135206580162048,414064000
2015-06-24,0.5127946508013108,0.5154566713170861,0.5060187244635276,0.5084387063980103,253368000
2015-06-25,0.5084385828244848,0.5154565460378788,0.5084385828244848,0.5123105645179749,350460000
2015-06-26,0.508196630531206,0.508680649961359,0.49972672323039946,0.5019046664237976,421296000
2015-06-29,0.49609656205280145,0.501178562494303,0.48617465735231835,0.48690065741539,391724000
2015-06-30,0.48980476386055544,0.4919827647785344,0.48327081880353556,0.4866587817668915,315916000
2015-07-01,0.49875866372421024,0.5057765693291323,0.4893207190455682,0.49367666244506836,302892000
2015-07-02,0.4934346222629156,0.4973066035394503,0.49101464117719396,0.49416062235832214,145764000
2015-07-06,0.49004674091657563,0.4968226659927745,0.48448077773387954,0.4881107211112976,214776000
2015-07-07,0.48520672931679026,0.4871426912311184,0.46366885011114417,0.478914737701416,594252000
2015-07-08,0.47625283973450233,0.479156811845235,0.471654857448091,0.4755268394947052,332492000
2015-07-09,0.4830288624619942,0.48520686349057185,0.4668149605824919,0.46971893310546875,357588000
2015-07-10,0.47576884683655274,0.4823028205101296,0.47455885598566183,0.47794684767723083,216708000
2015-07-13,0.4827866723563141,0.4837546532195031,0.47794671034347075,0.4810926914215088,212472000
2015-07-14,0.48181882490264893,0.4823028154682543,0.4750428704388025,0.4813348054885864,249216000
2015-07-15,0.48012481966945153,0.4832708016514594,0.47359087484433204,0.47794684767723083,265732000
2015-07-16,0.4808506888097324,0.488594651222229,0.47915670785016734,0.488594651222229,282848000
2015-07-17,0.48690067269952914,0.4873846342921703,0.47939869104459576,0.4856906533241272,220372000
2015-07-20,0.48569070914007156,0.4876267288238237,0.47552679331531794,0.47673678398132324,188412000
2015-07-21,0.47576875631795484,0.48569069094692036,0.47576875631795484,0.478914737701416,149720000
2015-07-22,0.4755269069998824,0.4755269069998824,0.46391098805951503,0.46971893310546875,356472000
2015-07-23,0.47068687636066536,0.4825447744996806,0.4697188664247839,0.4755268394947052,169916000
2015-07-24,0.4789147942390042,0.47939878477472303,0.4680248773672813,0.46996086835861206,188844000
2015-07-27,0.4658468351896975,0.47262278863157575,0.46197488240037615,0.46729883551597595,192420000
2015-07-28,0.4685087855965261,0.480608691106092,0.4636688233926997,0.4774627387523651,198308000
2015-07-29,0.476494839723666,0.4871427763553712,0.4745588486225872,0.4832707941532135,232680000
2015-07-30,0.48206078780965456,0.48932076141720776,0.48206078780965456,0.4844807982444763,190180000
2015-07-31,0.486416716887562,0.4866586977154612,0.4798827729590277,0.48278674483299255,218340000
2015-08-03,0.48665868820854435,0.4914986508534212,0.48036675407927615,0.491014689207077,397132000
2015-08-04,0.4893207345399957,0.4944026782831511,0.4873847147590968,0.4929506778717041,260100000
2015-08-05,0.5050506857263639,0.5055347051922148,0.497064739569809,0.4980327785015106,234628000
2015-08-06,0.49682277809313136,0.5004527799865128,0.48665883048858616,0.4948868155479431,655676000
2015-08-07,0.5435285958713235,0.5655504191323315,0.5294926628678326,0.55611252784729,1405248000
2015-08-10,0.5522403984666666,0.5795861990396305,0.5488523777317355,0.5754722356796265,662304000
2015-08-11,0.5670022737445856,0.5781342018184639,0.5670022737445856,0.5725682377815247,435008000
2015-08-12,0.5633722988886316,0.5781341700868134,0.5633722988886316,0.5740202069282532,384048000
2015-08-13,0.5747460935896319,0.5759561130601241,0.5677281306727282,0.5691801309585571,276884000
2015-08-14,0.5686960820692981,0.5730520827003533,0.5653081200430781,0.5696641206741333,214652000
2015-08-17,0.5686961600935735,0.5686961600935735,0.5590162342923584,0.566034197807312,273880000
2015-08-18,0.564284367584289,0.5681726397954862,0.5565078231618946,0.5608821511268616,287084000
2015-08-19,0.5601531276944182,0.566471563147408,0.5526195817590888,0.5586950182914734,249248000
2015-08-20,0.5523765503187124,0.5550497121069644,0.5358514079576414,0.5385246276855469,426932000
2015-08-21,0.534636461023485,0.5436280596676825,0.52127053356449,0.5217565894126892,382664000
2015-08-24,0.4925947256846678,0.530505355548717,0.4860332883434848,0.5032874941825867,682284000
2015-08-25,0.5254017839864634,0.5273459493600418,0.4928376078605652,0.4928376078605652,622684000
2015-08-26,0.5088766329489749,0.5305051006432501,0.5049883606307286,0.5300190448760986,614976000
2015-08-27,0.5356086220713501,0.550189605162154,0.532449403274375,0.5499466061592102,463764000
2015-08-28,0.5499464053562758,0.5557787848750748,0.5460581330305249,0.5523765683174133,320944000
2015-08-31,0.5497034609192392,0.5535917336303291,0.5441140797607338,0.5463011860847473,219352000
2015-09-01,0.530505336502664,0.5394969376451632,0.5200556253500989,0.5239438414573669,353408000
2015-09-02,0.5382816185276572,0.5399827269017653,0.5292900208618033,0.539739727973938,344044000
2015-09-03,0.5477592106280172,0.5504324302932936,0.5402257232523567,0.5411977767944336,262556000
2015-09-04,0.5319632129963873,0.5404688132880098,0.5283179971140218,0.528560996055603,287972000
2015-09-08,0.5414409331120832,0.5533487517986139,0.53925382649145,0.5511615872383118,238448000
2015-09-09,0.5528627976012249,0.5574800681187555,0.5390108122296126,0.5402259230613708,289392000
2015-09-10,0.5370669173613576,0.555536180573148,0.5346367526740088,0.5487316846847534,357076000
2015-09-11,0.5426559579771391,0.554077718974097,0.5404687937629366,0.5504325032234192,301584000
2015-09-14,0.55310552453713,0.5548066325131333,0.5484881983510381,0.5514044165611267,192460000
2015-09-15,0.5516474792432519,0.5603960769458561,0.5499463710704748,0.5574798583984375,327976000
2015-09-16,0.5565082550815698,0.5645278046351908,0.5523769807569314,0.5613685846328735,173508000
2015-09-17,0.5710889661718029,0.5761923502780871,0.5652565851328627,0.5664716958999634,268712000
2015-09-18,0.5586951294956342,0.5708459470392774,0.5552929121713477,0.5659856200218201,326412000
2015-09-21,0.5667144909733671,0.5730329256337058,0.5637982725333187,0.5718178153038025,281840000
2015-09-22,0.5594241551142365,0.5633124281129872,0.5533487176900014,0.5562649369239807,228356000
2015-09-23,0.5567510997733722,0.5623404830012371,0.5545639926396252,0.5589382648468018,161632000
2015-09-24,0.5555358789837925,0.5754632417777634,0.5467872792708379,0.5696308612823486,382440000
2015-09-25,0.5766782201134869,0.5849408208509392,0.5681726783921268,0.573762059211731,369692000
2015-09-28,0.5737620549200283,0.5774072705048716,0.5625832933644364,0.5662285089492798,395584000
2015-09-29,0.5723039278575538,0.5771642537805333,0.5642843842906722,0.5761922001838684,380736000
2015-09-30,0.5815385428315492,0.5997647946047836,0.5781363261628448,0.5990357398986816,556380000
2015-10-01,0.5990358121364644,0.6007369206759534,0.5703598500372747,0.5873710513114929,489296000
2015-10-02,0.584211731452746,0.6026809811592102,0.5781362952070856,0.6026809811592102,386144000
2015-10-05,0.6065693780167382,0.6252816304765677,0.6034101597903124,0.6177481412887573,482024000
2015-10-06,0.6111867850822579,0.628440930144417,0.6087566213577422,0.6257677674293518,453216000
2015-10-07,0.6272258398006526,0.6386476028299211,0.617019129591255,0.6323291659355164,310152000
2015-10-08,0.6296557935928667,0.6376753365269607,0.6189630310543077,0.6359742283821106,460068000
2015-10-09,0.632572213969661,0.6386476523591962,0.621636505984042,0.6335443258285522,423248000
2015-10-12,0.6342731172371238,0.6439938270977077,0.6296558481324418,0.6403485536575317,227588000
2015-10-13,0.6352452777271916,0.645451928266805,0.6330581134945631,0.6415637135505676,298444000
2015-10-14,0.6422929194101881,0.6753432187727793,0.6415639223683629,0.6648935079574585,612148000
2015-10-15,0.666108330301522,0.6802033111434406,0.6593038967500157,0.666594386100769,526048000
2015-10-16,0.6687817272271838,0.6833627097863748,0.6670805604495713,0.6770442724227905,448396000
2015-10-19,0.6792313878984105,0.682390606350946,0.6680526238263115,0.6758291125297546,294712000
2015-10-20,0.6729130910963333,0.6780164183023436,0.6678097059506409,0.6748571991920471,264824000
2015-10-21,0.6789881193908504,0.6831194483410914,0.6648931981747028,0.666108250617981,386280000
2015-10-22,0.6738850962209006,0.6923543535480632,0.6729130422436138,0.6901671886444092,306884000
2015-10-23,0.696242512542525,0.6994017309023112,0.6857928036462326,0.69478440284729,381776000
2015-10-26,0.6952702723070282,0.6969713805154717,0.6853065640208766,0.6916249990463257,247436000
2015-10-27,0.6882231203610577,0.6955136125204717,0.6877370643745575,0.6911393404006958,208268000
2015-10-28,0.6955133573906043,0.6967284679412842,0.6853066489356011,0.6967284679412842,217036000
2015-10-29,0.6855497573979443,0.6925971905394392,0.6714547752356259,0.6726698279380798,327168000
2015-10-30,0.6799605063256768,0.6942984901905319,0.6748571217654972,0.6894381046295166,301160000
2015-11-02,0.6916253485453623,0.698186785790665,0.6874940753886785,0.6974577307701111,190088000
2015-11-03,0.6933262055581219,0.6972144782742862,0.6848206633099447,0.6925971508026123,376768000
2015-11-04,0.6906531253586371,0.6957564513130403,0.6780162520166848,0.6811754703521729,442264000
2015-11-05,0.6845777360050767,0.6865219017009712,0.6714548638013947,0.6733989715576172,478800000
2015-11-06,0.7399855735296552,0.7761950301704331,0.7246755363711966,0.7667173743247986,1172272000
2015-11-09,0.7591838094922311,0.7655022461008036,0.7526223159789436,0.7633150815963745,492568000
2015-11-10,0.7533513866857778,0.7574827168166298,0.7326950257298608,0.7487341165542603,552260000
2015-11-11,0.7492200623901067,0.7545664449396488,0.7387703541839551,0.7414435744285583,619896000
2015-11-12,0.7397423001167928,0.7465467912734931,0.735611028815065,0.7387702465057373,291080000
2015-11-13,0.7394994970094757,0.7426587155366708,0.7205441858463048,0.7241894602775574,292940000
2015-11-16,0.7336669215929542,0.7392563022810931,0.7278344840473093,0.7387702465057373,344280000
2015-11-17,0.7407144116675043,0.7450886818870819,0.735611028815065,0.7387702465057373,257048000
2015-11-18,0.741819747868542,0.7579198039963787,0.7337697488844686,0.7569440007209778,350216000
2015-11-19,0.7596271412772508,0.7667013348327154,0.7535286343808328,0.7591392397880554,254072000
2015-11-20,0.764749927321522,0.7701166116403094,0.7601150662352819,0.7657256722450256,239744000
2015-11-23,0.7720681640079476,0.7720681640079476,0.7515772863163455,0.7542605996131897,242552000
2015-11-24,0.7542607186496786,0.7669455801633659,0.7508455815220527,0.7603592276573181,195428000
2015-11-25,0.7588954773765141,0.7679212206231285,0.7567000074539264,0.7593833208084106,138300000
2015-11-27,0.7608468894678292,0.7681650636336239,0.7569438516141364,0.7657256722450256,86996000
2015-11-30,0.7664574042504129,0.7771907716104547,0.7657255811049704,0.773775577545166,327244000
2015-12-01,0.7806059748189429,0.7996332619216131,0.7798741516104036,0.7989014387130737,409496000
2015-12-02,0.8001209233257345,0.8084148402567604,0.7910951833525989,0.7928027510643005,294240000
2015-12-03,0.7991454334899041,0.8074393530657185,0.7871923975367116,0.7910954356193542,246656000
2015-12-04,0.7910952516401637,0.8247588818444119,0.7910952516401637,0.8232952356338501,458756000
2015-12-07,0.8230512784654503,0.8230512784654503,0.8052437193780164,0.8076831102371216,333588000
2015-12-08,0.7976817206054724,0.8220756338938416,0.792559016262818,0.8186604976654053,314488000
2015-12-09,0.8184164627183628,0.8232952447008536,0.7896316141258657,0.7979255318641663,372676000
2015-12-10,0.8003650064637532,0.8089029049048391,0.7976816935409776,0.8045120239257812,236596000
2015-12-11,0.7964620654860731,0.8020726714391312,0.790851459533015,0.792559027671814,227320000
2015-12-14,0.7932908767045891,0.7989014828401734,0.7849968992695865,0.794510543346405,275892000
2015-12-15,0.8035362984589342,0.8098787279428407,0.7991454170560576,0.8042681217193604,307296000
2015-12-16,0.8059755477118894,0.8118301327621542,0.7989013543756032,0.8091467618942261,236356000
2015-12-17,0.8103665442506117,0.8186604627833286,0.796462020084663,0.7969498634338379,254160000
2015-12-18,0.7913391328501347,0.7993891284371899,0.7830452156270066,0.7840209603309631,395896000
2015-12-21,0.7925589623268477,0.8032922718113614,0.7854847105067413,0.8025604486465454,284216000
2015-12-22,0.8049999022101202,0.8113423313570532,0.7984135513758981,0.8032923340797424,130012000
2015-12-23,0.8045121092650245,0.8096348139772659,0.8030484627301895,0.8064635992050171,122524000
2015-12-24,0.8040240581349146,0.8110983096308712,0.8028043335295526,0.8091467618942261,52448000
2015-12-28,0.8006088605950441,0.808414876461029,0.7893876509930456,0.808414876461029,142024000
2015-12-29,0.8089029426443608,0.8240271923394954,0.8067074729725644,0.8215878009796143,203660000
2015-12-30,0.8208559333295209,0.8279301853382088,0.8142695828302742,0.8145135045051575,180344000
2015-12-31,0.8132937010959534,0.8169527582420925,0.8040239810943604,0.8040239810943604,148528000
2016-01-04,0.7876802345560503,0.7947544287064437,0.7815817271467573,0.789631724357605,358076000
2016-01-05,0.804511956220081,0.8157331666395935,0.7928028443285448,0.8023164868354797,490272000
2016-01-06,0.7891438745163671,0.7928029908335508,0.7601150983188733,0.769140899181366,449344000
2016-01-07,0.7498695074956118,0.7549922694973756,0.7288907324856072,0.7386483550071716,645304000
2016-01-08,0.7481620463388509,0.7488938695864183,0.7213287405135319,0.722792387008667,398472000
2016-01-11,0.7235239951892124,0.7291345996463623,0.7110830618383025,0.7240118384361267,409372000
2016-01-12,0.7369410371829241,0.7469425855495585,0.7310865077486112,0.7362092137336731,469356000
2016-01-13,0.7418196065345821,0.7466984475029839,0.7130348112269875,0.7137666344642639,481672000
2016-01-14,0.699130099896736,0.7074240756810257,0.6786392274830625,0.6993740797042847,600236000
2016-01-15,0.671321279657639,0.6793712783329928,0.6498545971367997,0.6613197326660156,841452000
2016-01-19,0.6749801550119163,0.6940074405920622,0.6640028659218826,0.6666862368583679,457140000
2016-01-20,0.6540015659157299,0.6788833856167259,0.6452197437765731,0.6703454852104187,481180000
2016-01-21,0.6776637044534066,0.6886409382753077,0.6637591191008116,0.678151547908783,481456000
2016-01-22,0.6910802823429248,0.6986424369762998,0.6896166357584211,0.6940075755119324,257996000
2016-01-25,0.6937634723232139,0.7018134682725461,0.6918119246678094,0.6932755708694458,270728000
2016-01-26,0.6947394572979901,0.7030333777622431,0.6876652036503917,0.7001060843467712,227944000
2016-01-27,0.6991302727086223,0.7013257425612309,0.6786393952299883,0.6918120980262756,231700000
2016-01-28,0.6974228213529191,0.6998622133226581,0.6708334314348556,0.6842501163482666,276776000
2016-01-29,0.6901043138964279,0.7159618679848384,0.6874210014667681,0.7144982218742371,310504000
2016-02-01,0.7137666771157668,0.7184014803492338,0.7076681691606042,0.7147424221038818,289884000
2016-02-02,0.7074242873419349,0.7110833457936043,0.6796151755746931,0.6844939589500427,341908000
2016-02-03,0.6898604355195467,0.6940073943198266,0.6720528757632263,0.6879088878631592,326772000
2016-02-04,0.6888844355925268,0.7037647568480383,0.6813223432558906,0.6881526708602905,348140000
2016-02-05,0.6835182868130093,0.6910803844034916,0.6427803889398965,0.644731879234314,600428000
2016-02-08,0.6349743603658737,0.6381455759584044,0.6061894982674255,0.6152153015136719,608852000
2016-02-09,0.6078968532038578,0.6476589330486996,0.6049695606863302,0.6218013763427734,425372000
2016-02-10,0.6257044683215086,0.6437559519978481,0.6169226481612239,0.6203377842903137,335800000
2016-02-11,0.6044818375404466,0.6235091281982368,0.6044818375404466,0.6171666979789734,340144000
2016-02-12,0.6269240406785245,0.6288755882874196,0.6037497981306847,0.6276558637619019,340816000
2016-02-16,0.6366817677892473,0.6593681728820985,0.6347302778387369,0.6583923697471619,485352000
2016-02-17,0.6666863234369255,0.6810787503228112,0.6640029521519669,0.6747363209724426,771468000
2016-02-18,0.7301104357058019,0.7557240704846842,0.7293786125841479,0.7327937483787537,1068660000
2016-02-19,0.7288909006749165,0.7491379153734189,0.7232802940562307,0.7425515055656433,525628000
2016-02-22,0.7532846095121436,0.7774345958050355,0.7518209634047567,0.7688966989517212,449668000
2016-02-23,0.7627983964745868,0.7781665672126941,0.7591392805085254,0.7708483934402466,369380000
2016-02-24,0.7676774123438308,0.7774349803398116,0.7464546496088489,0.7762152552604675,336852000
2016-02-25,0.7791422953878557,0.7818256082656844,0.764018046651685,0.7779225707054138,349616000
2016-02-26,0.781581729568397,0.7835332193759982,0.7649938335650789,0.7727999091148376,361964000
2016-02-29,0.7739016859178575,0.7839396116928631,0.7672913388590419,0.7677809596061707,323344000
2016-03-01,0.7697396184986832,0.8018121123313904,0.7685154498864618,0.8018121123313904,348700000
2016-03-02,0.7974050344916311,0.8094016162626716,0.7959360557651263,0.8064636588096619,233812000
2016-03-03,0.8054845196319828,0.8089120984291639,0.7885913776538525,0.7993638515472412,302004000
2016-03-04,0.8054844777053743,0.8062189671767639,0.7907948050207246,0.7969155311584473,175304000
2016-03-07,0.7925085239062435,0.797894760093945,0.7814912411859883,0.7917740345001221,239968000
2016-03-08,0.7836947426755944,0.7883464896546614,0.7748809277995186,0.7773292064666748,274940000
2016-03-09,0.7841843900139956,0.7854085001122381,0.7668015713207432,0.776839554309845,222788000
2016-03-10,0.7814913711795354,0.7858983083493151,0.7599465395880851,0.7756155133247375,286084000
2016-03-11,0.78712221335467,0.7890808710431367,0.7778187790420229,0.7888360023498535,277400000
2016-03-14,0.785163742866614,0.793977557981976,0.7814912955803925,0.7907947897911072,190312000
2016-03-15,0.786632702575909,0.791774070279526,0.772922330328029,0.7868775129318237,226216000
2016-03-16,0.7810016513541987,0.8130741426596316,0.7773292041784909,0.8103809952735901,363644000
2016-03-17,0.8074430628431646,0.8113602618414364,0.7925085227688838,0.8035258054733276,353680000
2016-03-18,0.8130741827728908,0.8385362704182295,0.8079327564732461,0.8277638554573059,545512000
2016-03-21,0.8204189424292447,0.83045686698053,0.8116051279681228,0.8302120566368103,337780000
2016-03-22,0.8275189305265628,0.8346188971476572,0.8184602477575372,0.828743040561676,242012000
2016-03-23,0.8324154694098326,0.8490637391053676,0.8287430226407815,0.8429430723190308,429008000
2016-03-24,0.835353418115285,0.845636211308379,0.8326603292389174,0.8441672325134277,244956000
2016-03-28,0.8426983696422319,0.8564087429952033,0.8417190697680709,0.8527363538742065,265388000
2016-03-29,0.8490637956861612,0.8684052137584142,0.8471051961931888,0.8664466142654419,261812000
2016-03-30,0.8696293523206575,0.8875017909729098,0.8691396732784681,0.8755052089691162,376700000
2016-03-31,0.879422585387164,0.8813811850782607,0.8654674020662803,0.8723225593566895,379884000
2016-04-01,0.8669362663996955,0.8855432541156978,0.8603259199066774,0.8850535750389099,348292000
2016-04-04,0.8923985953403432,0.8970503432304442,0.8730571725703665,0.876484751701355,393940000
2016-04-05,0.868650244024335,0.883339918068292,0.8652226067168176,0.875260591506958,339568000
2016-04-06,0.8642433559681253,0.8769744308793158,0.8478398915227554,0.876484751701355,453376000
2016-04-07,0.8708531976947889,0.8786877097593389,0.8637532331560572,0.8674256205558777,378104000
2016-04-08,0.8745261657894614,0.8801572137544162,0.8644881802667609,0.8730571866035461,255936000
2016-04-11,0.878198491567762,0.8928882239878941,0.8755054021703328,0.8784433603286743,387524000
2016-04-12,0.8813808964867268,0.8826050646715097,0.860325694029497,0.877463698387146,292764000
2016-04-13,0.881381095107055,0.8997432134158614,0.881381095107055,0.8994984030723572,350716000
2016-04-14,0.8970503439777145,0.9058641605872979,0.8933778960688967,0.9019469022750854,416564000
2016-04-15,0.9017021103594365,0.9171262751495568,0.8987641519721449,0.9090469479560852,436972000
2016-04-18,0.907332841093576,0.907332841093576,0.8963155593651452,0.9051293730735779,307320000
2016-04-19,0.9085571423690617,0.9102709317326991,0.8833398642916416,0.8889709115028381,309152000
2016-04-20,0.8875018004036829,0.8977845934264248,0.8865225006804607,0.8923983573913574,200172000
2016-04-21,0.8926432825055205,0.8968054090146181,0.8875019145188532,0.8914191722869873,178280000
2016-04-22,0.8943571438631542,0.9004778117924271,0.8850536492253214,0.8879916071891785,223540000
2016-04-25,0.8882362897889904,0.897294914379032,0.8857880112951532,0.8923983573913574,191972000
2016-04-26,0.8977844923456589,0.9080672842106704,0.8892154893962231,0.893132746219635,214536000
2016-04-27,0.8909295093610032,0.9139433772775154,0.8892157200009819,0.9134536981582642,352396000
2016-04-28,0.9078225624586607,0.9132087987590519,0.884074265735764,0.8862776756286621,381224000
2016-04-29,0.8826054928970289,0.8845640928970995,0.8603261114454306,0.8698744177818298,321904000
2016-05-02,0.8781983265062571,0.886767330609785,0.8740362588119373,0.881381094455719,256076000
2016-05-03,0.8713431030929211,0.8750154914473752,0.8632637786672495,0.8708534240722656,224024000
2016-05-04,0.8603259173774179,0.861060406804657,0.8422086671630333,0.851022481918335,525764000
2016-05-05,0.8581225770606883,0.8662019030439811,0.849798382334079,0.8561639189720154,246884000
2016-05-06,0.8546948642624179,0.8671811260601169,0.8529810750689233,0.8649776577949524,183240000
2016-05-09,0.867181075788845,0.8708534643129942,0.8566534725165535,0.8637534976005554,333336000
2016-05-10,0.869139697205725,0.8818707689375055,0.8608155618602831,0.8804017901420593,269676000
2016-05-11,0.8830948003925488,0.8926430443385588,0.8781981857101734,0.882849931716919,328176000
2016-05-12,0.8892155409592177,0.8931327980097797,0.8551844542415777,0.8708534240722656,670540000
2016-05-13,0.9594810629010341,1.0037949365594743,0.9548293754563218,1.0033053159713745,2110256000
2016-05-16,0.9957155722137617,1.047864015225442,0.9925328050357216,1.0329294204711914,973032000
2016-05-17,1.0282779689790489,1.0424780202000776,1.0150572759172114,1.0351332426071167,628392000
2016-05-18,1.028278035585966,1.073571339563359,1.028278035585966,1.0615746974945068,541072000
2016-05-19,1.0574127265298308,1.0738163078988787,1.0559438640945211,1.066226601600647,398880000
2016-05-20,1.0728367142058133,1.0897299126811137,1.0711229249973782,1.0853229761123657,391084000
2016-05-23,1.0899744474099422,1.0941364558309172,1.0804261456303808,1.0870364904403687,413636000
2016-05-24,1.0903504925824774,1.1168606589845307,1.087404905532661,1.1134240627288818,415788000
2016-05-25,1.1168603025539554,1.1215240106737963,1.099923240945888,1.1087599992752075,458076000
2016-05-26,1.1107240994497967,1.128642951760525,1.1075330661459835,1.1205426454544067,309964000
2016-05-27,1.121770265485534,1.128397779796396,1.1180882220545765,1.126679539680481,277416000
2016-05-31,1.1315887185660594,1.1492621275885713,1.1308522631233648,1.1468074321746826,412524000
2016-06-01,1.1414072038165841,1.1600623963491603,1.137970724061802,1.1490166187286377,387132000
2016-06-02,1.1551528489582064,1.1669351962340313,1.1438615108497312,1.1571166515350342,329208000
2016-06-03,1.1458252598326601,1.147297936126971,1.1207878900888952,1.140915870666504,461076000
2016-06-06,1.143861789184145,1.1526985517912516,1.1291339685519477,1.135025143623352,322512000
2016-06-07,1.1418977987298067,1.1482798643401753,1.1367430804398049,1.1372339725494385,193400000
2016-06-08,1.137479325872544,1.1416522596030847,1.1242243036227737,1.1335519552230835,234616000
2016-06-09,1.1296249618169927,1.1647262144883708,1.1271702665566186,1.1630079746246338,472168000
2016-06-10,1.1492614422382283,1.159570875917468,1.1325698276980902,1.1340426206588745,400024000
2016-06-13,1.1352703333753202,1.170862587793884,1.1352703333753202,1.148525357246399,475588000
2016-06-14,1.1458257464328045,1.1561351871487917,1.1330616100912987,1.1507350206375122,298344000
2016-06-15,1.1603078197123036,1.1725809434940158,1.1475436867059876,1.1625169515609741,301036000
2016-06-16,1.153925751431864,1.1691444623525629,1.1426344120241523,1.1671807765960693,246456000
2016-06-17,1.1686537765822775,1.1688992227144026,1.14214360452535,1.1468074321746826,471000000
2016-06-20,1.1652169776832297,1.1823993726918085,1.1644805224421262,1.1674261093139648,293768000
2016-06-21,1.1723354421325074,1.175526475233638,1.1585894083713701,1.160307765007019,212508000
2016-06-22,1.1627621976292806,1.1703716103155122,1.157362033457979,1.1593257188796997,202620000
2016-06-23,1.1703716759540048,1.1914815587755452,1.1696352207256324,1.1902542114257812,297880000
2016-06-24,1.141407013416637,1.16251689770772,1.1119513772494927,1.1225062608718872,1017684000
2016-06-27,1.1131784246421204,1.121769738229925,1.0940322291670466,1.110478401184082,449088000
2016-06-28,1.131588813875428,1.1328160446394178,1.1112152615909165,1.126679539680481,381920000
2016-06-29,1.1364977133098937,1.1539256719212962,1.133552126354968,1.1450889110565186,318932000
2016-06-30,1.1470528191144984,1.161044301340483,1.1377252813434888,1.153925895690918,430940000
2016-07-01,1.1475440894912727,1.1625173596018419,1.141407466923327,1.1453348398208618,218488000
2016-07-05,1.1389521319518698,1.1642349465620505,1.129870043330379,1.16227126121521,371084000
2016-07-06,1.154171257267222,1.1765084911501755,1.148280082646481,1.1696354150772095,273104000
2016-07-07,1.1774900889448607,1.2042456995530815,1.1720899244292147,1.2000727653503418,395400000
2016-07-08,1.2128368027705996,1.2540747812846262,1.2081729768049492,1.2481836080551147,481932000
2016-07-11,1.2661025869074702,1.2862305691005078,1.264629793448676,1.2769030332565308,448776000
2016-07-12,1.2911398459566403,1.3078313476375811,1.2749391193240718,1.2960491180419922,436760000
2016-07-13,1.2985036816071447,1.3058676481791753,1.2935944095745504,1.2955580949783325,324604000
2016-07-14,1.3024312655305967,1.3205955616863985,1.291630819443718,1.308813214302063,316892000
2016-07-15,1.2921220433874638,1.2994860123937477,1.2724849487657957,1.2935948371887207,428616000
2016-07-18,1.309549451917921,1.311513137140226,1.295312529225242,1.3002218008041382,252992000
2016-07-19,1.2994861570117782,1.3188778076656933,1.2970314613877316,1.313723087310791,382652000
2016-07-20,1.3181414196909886,1.3380240807161397,1.3127412529062863,1.330905556678772,296460000
2016-07-21,1.3279595923038,1.3321325270774824,1.301940433369656,1.306358814239502,361308000
2016-07-22,1.311022465549693,1.3419508934020996,1.3014493668041518,1.3419508934020996,315768000
2016-07-25,1.350051344778453,1.3699338826103813,1.3441601704373043,1.3667428493499756,312528000
2016-07-26,1.3787708716245806,1.3971806189089002,1.376807185535615,1.3900622129440308,514508000
2016-07-27,1.4020899005412735,1.4045445959510272,1.3677249841289574,1.3760707378387451,446676000
2016-07-28,1.379261368606376,1.3893253593436408,1.3748429883877162,1.3790159225463867,221916000
2016-07-29,1.3841706152857276,1.405280497655171,1.3593788079921314,1.401598572731018,409588000
2016-08-01,1.4074897545206504,1.412644472854023,1.383434285251961,1.3925163745880127,301120000
2016-08-02,1.3991441798271775,1.3998806351986037,1.3623246885524951,1.3755797147750854,282748000
2016-08-03,1.3738612099919842,1.3819615152375084,1.3662517968685262,1.3792613744735718,299828000
2016-08-04,1.3858886990827968,1.411171512694258,1.3831886757299,1.4047894477844238,272712000
2016-08-05,1.420990301821459,1.429336053443811,1.4141173436673207,1.4285997152328491,371588000
2016-08-08,1.448236900991265,1.4516733802951267,1.4266360067294233,1.4418548345565796,305064000
2016-08-09,1.448973331405356,1.4595283331210547,1.4418549262583837,1.4455368518829346,372344000
2016-08-10,1.4583007476296126,1.460509879234643,1.4315451370757355,1.436208963394165,375740000
2016-08-11,1.4438186327611067,1.4715560324854184,1.440873045400837,1.4654194116592407,681064000
2016-08-12,1.519421093901709,1.5557496820210244,1.488247223645047,1.5474039316177368,1425744000
2016-08-15,1.5491223722192362,1.5586954710851961,1.5250669020211534,1.545931339263916,573304000
2016-08-16,1.5437225718200143,1.5461771501090429,1.5319403385307822,1.5366041660308838,287652000
2016-08-17,1.5366038639083708,1.54004034306513,1.4889838137731812,1.5010114908218384,595212000
2016-08-18,1.4988025859067013,1.5267854325937642,1.4929114110057151,1.5243308544158936,331684000
2016-08-19,1.52359402070147,1.5397946306100443,1.516966509106715,1.5282578468322754,291560000
2016-08-22,1.5329217151079748,1.5368492031901342,1.5147574192360567,1.5346399545669556,244748000
2016-08-23,1.550256092575362,1.5571417178981404,1.5426326546754219,1.547059178352356,339764000
2016-08-24,1.552468936632222,1.5532066317209923,1.5160732818941147,1.5232048034667969,298448000
2016-08-25,1.523696770986217,1.5244344661009044,1.4941868556830806,1.513122320175171,406032000
2016-08-26,1.5170569129264786,1.5340250716967228,1.5050069556803327,1.5254180431365967,300024000
2016-08-29,1.5315663258196697,1.5377141377803099,1.5219755843752356,1.5244346857070923,274652000
2016-08-30,1.5224672315855898,1.5305824645286765,1.5114009835246562,1.5155816078186035,285544000
2016-08-31,1.5185328062365124,1.5227133137730984,1.5040237445407163,1.5084501504898071,388544000
2016-09-01,1.5096794749332805,1.5586167676471658,1.5084498658407863,1.552960753440857,428492000
2016-09-02,1.5561580318643486,1.557879438092964,1.5202542822252278,1.5377142429351807,323148000
2016-09-06,1.5431239041182991,1.552222728729248,1.535254571169667,1.552222728729248,306812000
2016-09-07,1.547304655149008,1.5549280909715557,1.5204998564773726,1.5293527841567993,397988000
2016-09-08,1.5278772278703452,1.5428782006649748,1.510417271440491,1.5404189825057983,315808000
2016-09-09,1.5234509054161292,1.532057934916034,1.4509056074541256,1.4636932611465454,697760000
2016-09-12,1.444266187378573,1.496892203528326,1.4095919291520844,1.4939411878585815,598260000
2016-09-13,1.4902521624588236,1.507466338725467,1.4639391599359972,1.4723002910614014,471768000
2016-09-14,1.4757432971994364,1.49025235870659,1.4634475559000506,1.485334038734436,319048000
2016-09-15,1.4877930138572155,1.5433700321729409,1.4843500849043845,1.5416486263275146,515212000
2016-09-16,1.5470588445426399,1.5554199759536438,1.5276314649580771,1.545337438583374,902444000
2016-09-19,1.5615680667882261,1.6048493531735089,1.554436543825298,1.565748691558838,417128000
2016-09-20,1.5837005757552276,1.5837005757552276,1.5428785077364853,1.551485538482666,331112000
2016-09-21,1.5561577864641332,1.5979635607298956,1.555911888079109,1.5950125455856323,336212000
2016-09-22,1.6043575205720877,1.6092758404655927,1.5898484592969484,1.598947286605835,308732000
2016-09-23,1.6009146129020742,1.605586916849574,1.5900942628768377,1.5972257852554321,276132000
2016-09-26,1.5790280514174677,1.5886187924516246,1.5623057878378057,1.58222496509552,230040000
2016-09-27,1.5760773326913229,1.6387860088073365,1.5753396373631174,1.636326789855957,402752000
2016-09-28,1.6387853152605831,1.6434577354811886,1.6213252433334713,1.642228126525879,319788000
2016-09-29,1.6395234785554484,1.662639687922232,1.6242767218455252,1.6574753522872925,336684000
2016-09-30,1.6665741571185435,1.7014943080158884,1.6567375180160213,1.6850179433822632,429932000
2016-10-03,1.6850176073024605,1.7093633018147083,1.680345187071387,1.6832960844039917,242596000
2016-10-04,1.6857556778833225,1.7140359866474835,1.6670659927952234,1.6796077489852905,281624000
2016-10-05,1.6938708149567994,1.7110849914408546,1.6727220298682661,1.6778862476348877,305440000
2016-10-06,1.6577211856362206,1.668049621246147,1.629440761006875,1.655999779701233,360212000
2016-10-07,1.6670655938390642,1.671492115657747,1.6392770885131542,1.6439495086669922,286260000
2016-10-10,1.6525565900498869,1.6614096339730184,1.6346047211224977,1.6500974893569946,287876000
2016-10-11,1.6446876153085268,1.647146716362184,1.6137020742937696,1.6262438297271729,388540000
2016-10-12,1.619604545082733,1.6422288437892252,1.6060791924528575,1.6336218118667603,419920000
2016-10-13,1.6144398774253013,1.618128587615603,1.566486175903447,1.6070623397827148,390116000
2016-10-14,1.62673567415088,1.6378019223715505,1.6132103248044976,1.6228010654449463,330636000
2016-10-17,1.6225550733700895,1.6378018278026985,1.6112429274162248,1.613456130027771,195328000
2016-10-18,1.6358347306867174,1.6473927764761935,1.6291950047494013,1.6380479335784912,269372000
2016-10-19,1.626981730869045,1.6422284865668948,1.6186204819493963,1.634605050086975,199060000
2016-10-20,1.6537866990118897,1.6710008781143144,1.6304247076876006,1.6655906438827515,312084000
2016-10-21,1.6596888647484414,1.663869372708043,1.6451798015845067,1.6609184741973877,279508000
2016-10-24,1.672230786993023,1.740841382750796,1.6719847712695206,1.738874077796936,339836000
2016-10-25,1.7359230341916077,1.7779747192499908,1.7275619003238507,1.7674002647399902,397460000
2016-10-26,1.752644766731573,1.793958743801399,1.7509233607921624,1.774531364440918,333792000
2016-10-27,1.7880568245314725,1.7914996366239375,1.7310042920840698,1.738135814666748,388664000
2016-10-28,1.7464971749731981,1.7730560798131039,1.7319881132242128,1.7351850271224976,290856000
2016-10-31,1.7408408554181312,1.7614978443313347,1.7398571446081739,1.7499397993087769,252388000
2016-11-01,1.7563334672958677,1.7659242070915835,1.6793616505654259,1.6980513334274292,473224000
2016-11-02,1.7110849479451506,1.734201036748313,1.6879687418800076,1.6909197568893433,295848000
2016-11-03,1.698789261920494,1.7002647695734783,1.638785713993112,1.6712466478347778,309664000
2016-11-04,1.660180514316426,1.6901823489938101,1.6373103200005352,1.6616560220718384,328780000
2016-11-07,1.710347090110841,1.763710905448627,1.7091174810126302,1.752644658088684,487580000
2016-11-08,1.7592845243244277,1.764940656273204,1.7337093331473998,1.7499397993087769,429884000
2016-11-09,1.7024774339673505,1.7435455023395334,1.689935798776606,1.7204293012619019,456532000
2016-11-10,1.758055128633395,1.758301027033849,1.641736742355067,1.666574239730835,869280000
2016-11-11,1.9552800089323428,2.182998351090328,1.9304423935683401,2.163325071334839,2175344000
2016-11-14,2.166276422548114,2.168735641529756,2.056351960737872,2.0568437576293945,1348796000
2016-11-15,2.0728274531792437,2.1505369621700132,2.0639744088005125,2.119551658630371,626092000
2016-11-16,2.14783265682644,2.276200786428079,2.1234869528132996,2.253330707550049,987984000
2016-11-17,2.2700524415844194,2.3310396951683643,2.229230262102111,2.272019863128662,832988000
2016-11-18,2.272020213574996,2.319727789510866,2.257511151704664,2.2958741188049316,576060000
2016-11-21,2.3138265030212732,2.3202203322806234,2.2722664955734717,2.286529779434204,436436000
2016-11-22,2.2943986638538325,2.3052188985082336,2.271774366286252,2.3030056953430176,330368000
2016-11-23,2.308176904347201,2.345858380486744,2.284780059801447,2.3143341541290283,443236000
2016-11-25,2.3254174726535464,2.3421647729132378,2.3005425539460145,2.319014072418213,195564000
2016-11-28,2.3118720111000446,2.3332987306305584,2.3052222261336106,2.3177828788757324,278736000
2016-11-29,2.3150732939747107,2.3259099617834944,2.2788696445740886,2.2966020107269287,444568000
2016-11-30,2.305222326873481,2.319014430577857,2.2682797539737245,2.270742654800415,440500000
2016-12-01,2.2682791566377922,2.270003139787446,2.0877527543594585,2.1584362983703613,1035524000
2016-12-02,2.1242026320655594,2.187005172850767,2.0963725196999676,2.1783852577209473,478292000
2016-12-05,2.2163129960701964,2.280839523135714,2.191930848526838,2.2628607749938965,602284000
2016-12-06,2.2709882172034175,2.308423548496476,2.2552259848102922,2.3000497817993164,498796000
2016-12-07,2.286504809904457,2.3470906179092035,2.26827967326067,2.341426134109497,480804000
2016-12-08,2.34438086537551,2.3795994428628853,2.2916760736819706,2.3022661209106445,381544000
2016-12-09,2.3199987142649343,2.3217226972869707,2.2340454773625784,2.261383056640625,382312000
2016-12-12,2.212865545746098,2.215328446445904,2.155973854881347,2.2064621448516846,601332000
2016-12-13,2.2187767212243568,2.2729593697596457,2.2177916547578587,2.245375394821167,387796000
2016-12-14,2.2791153361871914,2.391667466135565,2.255225723830536,2.375412702560425,983980000
2016-12-15,2.3864955412106705,2.4613662032526538,2.3791070755684016,2.4310731887817383,746548000
2016-12-16,2.4586567664076604,2.4800834798520044,2.4069370403738763,2.4729413986206055,1089528000
2016-12-19,2.455455489584722,2.5231836044160665,2.438215422179845,2.502988338470459,744656000
2016-12-20,2.575641986053991,2.6138159976315287,2.5643127866591597,2.59017276763916,848056000
2016-12-21,2.6017487290777597,2.609383580167024,2.5542158739374825,2.6064281463623047,576136000
2016-12-22,2.6308100105772274,2.681298293985237,2.623667693426183,2.6379523277282715,718612000
2016-12-23,2.6199721900369495,2.7051867206278093,2.6172631417363745,2.7037088871002197,647692000
2016-12-27,2.759862764177327,2.890393416080657,2.739174732165708,2.8894083499908447,1194272000
2016-12-28,2.94556197932559,2.9536893641529187,2.676865746833463,2.690657615661621,2295764000
2016-12-29,2.5835234057477128,2.745824929722262,2.53180367022833,2.744347095489502,2175368000
2016-12-30,2.7423767041252156,2.7564149536356055,2.618003060572771,2.6288394927978516,1212932000
2017-01-03,2.5712097691331226,2.6197279338443606,2.447575000621117,2.512347936630249,1501996000
2017-01-04,2.546581464181411,2.59830121241455,2.500526200524357,2.5709636211395264,1199220000
2017-01-05,2.5744111523946316,2.606181772323059,2.4887040414799677,2.505697727203369,984296000
2017-01-06,2.5330347111055405,2.567514607504611,2.492397799398636,2.539191961288452,822856000
2017-01-09,2.5490438560726627,2.659871798755142,2.5490438560726627,2.642139196395874,916248000
2017-01-10,2.6551918225179927,2.689178950904246,2.601501728478383,2.62218976020813,880920000
2017-01-11,2.6106142734622613,2.6155398384583823,2.565051564154047,2.589926242828369,525664000
2017-01-12,2.5670230026675385,2.5785983553468177,2.502742602815412,2.5475664138793945,625616000
2017-01-13,2.5515058218080493,2.5859857159085187,2.538206491124669,2.547319173812866,457820000
2017-01-17,2.536728984175688,2.5416545492973515,2.476881876490777,2.4901812076568604,580612000
2017-01-18,2.468754622170597,2.5423935978575547,2.440924508398854,2.5354976654052734,654424000
2017-01-19,2.538452902499823,2.6219432373658855,2.5362363865078152,2.589926242828369,644872000
2017-01-20,2.612585081913785,2.6303176841909814,2.5396850099967576,2.5616042613983154,492024000
2017-01-23,2.5564325697239374,2.608152312618286,2.553969668901552,2.588203191757202,369904000
2017-01-24,2.5983002066641543,2.649527401827975,2.5835230407995584,2.6433701515197754,428052000
2017-01-25,2.6857327097040513,2.6918899638237535,2.6187434759833415,2.654700994491577,522760000
2017-01-26,2.657408541153996,2.7078968219805355,2.627854442734199,2.7005083560943604,458800000
2017-01-27,2.70740426361079,2.755676027708006,2.6808055987689814,2.752720594406128,471996000
2017-01-30,2.731786345976869,2.734002862180776,2.6576548358790237,2.709620714187622,496004000
2017-01-31,2.683268651127189,2.710359850576059,2.6647971332244382,2.6889331340789795,362756000
2017-02-01,2.7234129712995765,2.8105976769515433,2.7056806042411856,2.806411027908325,590004000
2017-02-02,2.790401736056758,2.850495226053222,2.7598625754848274,2.8418750762939453,483240000
2017-02-03,2.8433531422068725,2.8544359579266114,2.8051791296583737,2.8170006275177,372744000
2017-02-06,2.8076413892163803,2.8896541197417243,2.8076413892163803,2.8891615867614746,506768000
2017-02-07,2.923395665358678,2.9780708297080065,2.9036929330548786,2.933985948562622,746224000
2017-02-08,2.916007582710902,2.938419367317622,2.866257977461445,2.9211795330047607,449580000
2017-02-09,2.9273367200548885,2.9322625215026337,2.847048176382849,2.866258144378662,842568000
2017-02-10,2.953688932346041,2.9726527492123926,2.773162508932874,2.798283576965332,1651092000
2017-02-13,2.7926175658368733,2.807148343035458,2.664796003265849,2.66922926902771,1180724000
2017-02-14,2.659624858249507,2.7128224193211814,2.617756496571598,2.679081439971924,850632000
2017-02-15,2.6820363606211632,2.704201752384533,2.6539598688958477,2.6844990253448486,373020000
2017-02-16,2.69410416517179,2.695335614937024,2.602240079585574,2.641399383544922,647176000
2017-02-17,2.6278550512610095,2.6453412713117777,2.5808147259466634,2.6409080028533936,563740000
2017-02-21,2.665535921433529,2.7394212848468977,2.6652895374583605,2.735480785369873,551952000
2017-02-22,2.7475641918641918,2.756934837251335,2.7123009241869833,2.7312889099121094,433772000
2017-02-23,2.601580262348909,2.6235271802790603,2.458061863324538,2.4780359268188477,1592888000
2017-02-24,2.3936994727247347,2.5152709098320987,2.3599159107462406,2.5019547939300537,1029904000
2017-02-27,2.5202035886794993,2.5897433494570548,2.5044214602713906,2.5747010707855225,715400000
2017-02-28,2.584317635468878,2.5941816694333446,2.485186492875425,2.502448081970215,625360000
2017-03-01,2.5594115094064676,2.573714170228552,2.4933240823470366,2.534752130508423,504804000
2017-03-02,2.5219293117005193,2.5359852784062205,2.438580056001615,2.4412925243377686,754332000
2017-03-03,2.430688635858518,2.4356204168854005,2.3727386213851815,2.427236318588257,864692000
2017-03-06,2.3909871420922486,2.419099074596916,2.3468466246713158,2.4084954261779785,883568000
2017-03-07,2.4084959050827774,2.4543625905405304,2.395672940531443,2.4348814487457275,603400000
2017-03-08,2.4832136451345,2.498009460945951,2.4282230196425965,2.4304423332214355,638712000
2017-03-09,2.414413142022007,2.4523886285871623,2.4018366429476243,2.429948568344116,478060000
2017-03-10,2.4563356033498915,2.4681720239657428,2.42600434927329,2.4442522525787354,499740000
2017-03-13,2.4546084136393542,2.521435681447206,2.453868564170303,2.5115718841552734,774136000
2017-03-14,2.5243960513364323,2.533766463349011,2.477542815415587,2.5098469257354736,522016000
2017-03-15,2.521435838065215,2.5396837348444383,2.4738427721246508,2.5288336277008057,615036000
2017-03-16,2.5394376009873247,2.560398203620792,2.5253816342559614,2.5599048137664795,523100000
2017-03-17,2.577413439272623,2.616868876342989,2.559905152275003,2.615635871887207,1119688000
2017-03-20,2.6331443503025764,2.70293080840644,2.6171155263837393,2.6989850997924805,748568000
2017-03-21,2.68172269957466,2.7115607891494196,2.6037986230555106,2.611689567565918,913484000
2017-03-22,2.600592919149881,2.669639745975987,2.596647446661064,2.664954423904419,616764000
2017-03-23,2.657063838580182,2.677038135585424,2.6311714491026152,2.6407885551452637,533940000
2017-03-24,2.687147824381226,2.695038768755006,2.624266023604212,2.650158405303955,439500000
2017-03-27,2.603551861020597,2.673338296326445,2.554232871173468,2.6693928241729736,506644000
2017-03-28,2.6706258947108945,2.68517501471537,2.645226667221751,2.655583620071411,432444000
2017-03-29,2.662981451668602,2.675311258423002,2.6447335540298735,2.6469528675079346,349992000
2017-03-30,2.6541043927118655,2.712547578020195,2.648432760644002,2.697751760482788,525532000
2017-03-31,2.6881346105447057,2.709835064179784,2.6730923334830905,2.686161756515503,440808000
2017-04-03,2.6866545649784834,2.703916152105134,2.6489252978464672,2.6725986003875732,445232000
2017-04-04,2.5497942988132642,2.5749470664821166,2.4743362309782064,2.4851863384246826,1271280000
2017-04-05,2.4664443223214096,2.524394325275221,2.4536213649604446,2.466691017150879,747048000
2017-04-06,2.4718712758627066,2.4967773592412326,2.426744197703723,2.484694242477417,635120000
2017-04-07,2.49110475138303,2.5086130349189992,2.4590473473855865,2.4740896224975586,429068000
2017-04-10,2.4748292587007774,2.481487198665772,2.4067689841979654,2.410961151123047,756332000
2017-04-11,2.3808777355944706,2.4388277859840595,2.3759459515109693,2.419593334197998,618148000
2017-04-12,2.4195926835597756,2.4338951122447328,2.3944399094998974,2.39961838722229,414092000
2017-04-13,2.375451902470665,2.3971521205444386,2.3547377586364746,2.3547377586364746,506892000
2017-04-17,2.3675597929253778,2.44721000833061,2.3623813177911157,2.4469635486602783,497292000
2017-04-18,2.4326622374812694,2.454609389194925,2.406769847488625,2.448444366455078,370116000
2017-04-19,2.465951924407154,2.4901181479095116,2.451402804290408,2.4580609798431396,380828000
2017-04-20,2.472610186360758,2.5017084276110357,2.4514028899502294,2.497023105621338,404016000
2017-04-21,2.486666813153625,2.510093431543188,2.4748303916291046,2.507380962371826,341896000
2017-04-24,2.5389444177682456,2.5517673812504866,2.5179840486004146,2.5386979579925537,371820000
2017-04-25,2.5532471347615835,2.5973876582157707,2.531793375244113,2.582838535308838,388440000
2017-04-26,2.596402266586806,2.598868041125411,2.5631118410135265,2.56508469581604,327004000
2017-04-27,2.572481876138927,2.613416545774829,2.554480432857186,2.605032444000244,319700000
2017-04-28,2.598127425606541,2.605032061998376,2.566316477009321,2.571988344192505,348248000
2017-05-01,2.582838373247199,2.6348700746854905,2.5756870421329077,2.6296913623809814,307732000
2017-05-02,2.602812985944052,2.6040459904368745,2.5290808223712373,2.551767587661743,629972000
2017-05-03,2.5448633306842163,2.580373065797162,2.5300677449039197,2.570755958557129,336904000
2017-05-04,2.576920215417591,2.588017020050486,2.5530004469943095,2.560891628265381,209788000
2017-05-05,2.5493014963096337,2.568289245756579,2.5337658297724195,2.5611379146575928,228428000
2017-05-08,2.5729739431770984,2.574453406921893,2.5229151079870262,2.5342586040496826,365240000
2017-05-09,2.5399301783910304,2.5875230044503645,2.531545845174638,2.5384504795074463,847672000
2017-05-10,2.8183372823875237,3.004023582425113,2.8116793399925175,2.9909539222717285,2129096000
2017-05-11,2.960375786090132,3.2163416630473027,2.956923467895782,3.119429588317871,1939792000
2017-05-12,3.1226349762744743,3.195873732155107,3.101674375321812,3.1537058353424072,962620000
2017-05-15,3.19488817473188,3.3144867876240656,3.1904493115550605,3.312020778656006,1087540000
2017-05-16,3.3630650231241934,3.389204334773842,3.2885935010298835,3.373668670654297,1120700000
2017-05-17,3.306841081482317,3.325582366453966,3.1453213163820153,3.1495134830474854,1271368000
2017-05-18,3.193407365789288,3.290319415053929,3.132991578091581,3.2814419269561768,1156032000
2017-05-19,3.382652586727232,3.412028190674344,3.33797191174462,3.357226610183716,1018372000
2017-05-22,3.4009203030465924,3.4431323771610103,3.3900585322442156,3.4288148880004883,836608000
2017-05-23,3.4485635538807826,3.4507852050082906,3.3500683920678025,3.38265323638916,681248000
2017-05-24,3.4796670121661792,3.4823825727056126,3.408572766192753,3.420668840408325,815996000
2017-05-25,3.4559692658349523,3.4567098947116603,3.3680889176871975,3.4130165576934814,608228000
2017-05-26,3.4048704587394423,3.586308766436123,3.3846284069883996,3.5013906955718994,779140000
2017-05-30,3.547305676166224,3.6112410662133083,3.531260207670861,3.5761878490448,989652000
2017-05-31,3.621114783303022,3.6287673198138513,3.5065741612196413,3.5633509159088135,887316000
2017-06-01,3.579149232213864,3.5801368157033946,3.518176133615163,3.5635974407196045,503340000
2017-06-02,3.5606354532691866,3.586802062633987,3.539899729575302,3.5458242893218994,487456000
2017-06-05,3.5295317812474463,3.6665361037893893,3.517929616785973,3.6536996364593506,817376000
2017-06-06,3.649009423553053,3.6951713626311835,3.6238303980733484,3.637160539627075,758728000
2017-06-07,3.661599660600236,3.6998621134172236,3.6460478659476494,3.681101083755493,612612000
2017-06-08,3.7882354418634336,3.9496786253590663,3.7470107164117334,3.948197603225708,1161744000
2017-06-09,4.06668888232618,4.159506212632277,3.523854495807492,3.6929502487182617,3692928000
2017-06-12,3.6011198195776872,3.7447893353090635,3.5080555460462275,3.7020833492279053,1697532000
2017-06-13,3.811439892318658,3.8205736864016018,3.5954418355560147,3.7373836040496826,1672504000
2017-06-14,3.7403459123525233,3.8030469914548806,3.66579571403556,3.7452828884124756,1184640000
2017-06-15,3.6277800891797294,3.7916916540713896,3.616424643706455,3.76132869720459,963824000
2017-06-16,3.7709565636518216,3.818846488559915,3.7087491463970266,3.7428150177001953,924960000
2017-06-19,3.78700086933396,3.8887052486620126,3.7832981965546715,3.883521318435669,778176000
2017-06-20,3.925733771669151,3.992631432543005,3.8736475096138614,3.8778438568115234,1095444000
2017-06-21,3.9054916179372525,3.940298109952327,3.8435309347204343,3.9365952014923096,682652000
2017-06-22,3.944740676908758,3.9580710507138472,3.885495565100318,3.909440517425537,469132000
2017-06-23,3.917094282356891,3.9328930308844106,3.782311363475353,3.7973697185516357,1088588000
2017-06-26,3.8302002756614697,3.8657473916431977,3.6615984883013173,3.755897045135498,1063960000
2017-06-27,3.738370886702435,3.7470107711545637,3.612721776914631,3.6183993816375732,999492000
2017-06-28,3.6860383678935507,3.750714389281881,3.597911058970328,3.7460241317749023,994948000
2017-06-29,3.717634654200526,3.7205966981043184,3.5566851644696804,3.6208674907684326,1064424000
2017-06-30,3.6381475946520716,3.6517246898562945,3.5423680057258617,3.5685346126556396,731060000
2017-07-03,3.580631157223315,3.595442322716252,3.4209159238220406,3.439429998397827,709072000
2017-07-05,3.502871279886619,3.560141709083626,3.483863533541544,3.531259775161743,820188000
2017-07-06,3.5021307027578765,3.5887767353968387,3.4500442071149733,3.5418741703033447,746284000
2017-07-07,3.5986513483545512,3.6411103812741406,3.5756937371308393,3.622843027114868,654972000
2017-07-10,3.696404671902228,3.801564753855933,3.6702380698980046,3.794159173965454,958492000
2017-07-11,3.7978629734524487,3.855627075168561,3.755897618519998,3.8479745388031006,757956000
2017-07-12,3.9077142439352857,4.0237359129363535,3.8647615309255605,4.0116400718688965,1145208000
2017-07-13,4.02373520168021,4.105197310374596,3.9188220439568884,3.965230703353882,1369132000
2017-07-14,3.981523518442927,4.0733534981489825,3.974611609800453,4.071872711181641,941948000
2017-07-17,4.105937038668872,4.134819202501792,3.9928774594537177,4.054591178894043,930792000
2017-07-18,3.9936185023548454,4.1113685850635955,3.9817693841257227,4.096804141998291,776640000
2017-07-19,4.105936870287648,4.132350427759158,4.063478085423241,4.075573921203613,687044000
2017-07-20,4.096062918264009,4.135065750027798,4.0461983178949,4.134819030761719,699596000
2017-07-21,4.114330856906233,4.179253820619241,4.100013132350442,4.149631023406982,648332000
2017-07-24,4.156790525688948,4.166417759155565,4.090880207460141,4.101494789123535,652524000
2017-07-25,4.078536390393546,4.096063347727026,4.038052297112025,4.081745624542236,496556000
2017-07-26,4.139265534187375,4.19480801651618,4.094090919114792,4.128897666931152,640404000
2017-07-27,4.153828164595767,4.16543056572546,3.8894464884194577,3.9926319122314453,782856000
2017-07-28,3.956836363404235,4.082485678553972,3.93190429953451,4.058046817779541,513348000
2017-07-31,4.071625838458082,4.107666642286403,3.9649846848944192,4.0116400718688965,559672000
2017-08-01,4.002257172320226,4.0622429031764105,3.9743628328369853,4.0605149269104,431384000
2017-08-02,4.091619470292017,4.095568861760583,3.9810285049214507,4.058046817779541,478444000
2017-08-03,4.057555987753296,4.113345180237447,4.040522931289771,4.109642505645752,442420000
2017-08-04,4.132352204119779,4.1982625310789565,4.109641780070424,4.127662181854248,589096000
2017-08-07,4.156790208359982,4.255038173596336,4.147162504789908,4.254544734954834,717412000
2017-08-08,4.292560656061143,4.309099798133275,4.164689880216592,4.203939914703369,755336000
2017-08-09,4.1577769507547915,4.251088161790069,4.139015926666147,4.248619556427002,530784000
2017-08-10,4.249854576557256,4.262197606140044,4.0565673945913,4.066688537597656,1328088000
2017-08-11,3.8790782487230704,3.9249932329859694,3.774658767476853,3.849949359893799,1497196000
2017-08-14,3.9415328581435687,4.1607399316074005,3.929930692827564,4.157037258148193,1279020000
2017-08-15,4.1622209072966045,4.188387280755274,4.087670708614158,4.121983528137207,764532000
2017-08-16,4.137042841585588,4.160493895408559,4.044472223198076,4.076809883117676,596632000
2017-08-17,4.0684173454567505,4.08544992933384,3.9837459814981924,3.9859673976898193,525444000
2017-08-18,4.040274970141902,4.057308021370515,3.9407922234447343,3.9867072105407715,601204000
2017-08-21,4.011145602799101,4.022500811989156,3.8847558670717386,3.9286959171295166,623672000
2017-08-22,3.965262801494588,4.022089310394205,3.9459911475032845,4.016159534454346,450456000
2017-08-23,3.982805411030953,4.107576706648514,3.9741574475694765,4.096458435058594,579520000
2017-08-24,4.128577365504947,4.1330250508642745,4.054950218070611,4.081386566162109,469700000
2017-08-25,4.105598902779844,4.115728953490288,4.040865729827228,4.047289848327637,357200000
2017-08-28,4.066315390373041,4.0791631594876385,4.010724036391325,4.075951099395752,389496000
2017-08-29,4.017147789388182,4.0910223372313865,4.008994171631435,4.069279670715332,324096000
2017-08-30,4.089045776319248,4.104611732327096,4.058656087691045,4.093493461608887,384400000
2017-08-31,4.1137533790285135,4.190345654087682,4.106341512210096,4.186392784118652,612684000
2017-09-01,4.198993266889194,4.247172282198338,4.190345304234766,4.2115936279296875,445432000
2017-09-05,4.160201748698081,4.165143306044885,4.041113326908894,4.099174976348877,695364000
2017-09-06,4.132037158294557,4.1458731460479665,4.061868530756849,4.096705436706543,397672000
2017-09-07,4.113505966267506,4.1480959307570755,4.075457005328979,4.115729808807373,352868000
2017-09-08,4.104117944583119,4.118942150466855,4.020113325820267,4.044326305389404,498856000
2017-09-11,4.090034204476284,4.1861452938673205,4.084598302108398,4.175520896911621,567444000
2017-09-12,4.200227996809428,4.200227996809428,4.125365233982941,4.190592288970947,411488000
2017-09-13,4.165390456531842,4.238276781756746,4.133024338129026,4.209369659423828,580960000
2017-09-14,4.170333164064796,4.26347961838505,4.1458732483267315,4.1854047775268555,513712000
2017-09-15,4.270890465109202,4.450017929077148,4.265701970813389,4.450017929077148,1364792000
2017-09-18,4.574297273108343,4.724023333102845,4.567379277770578,4.633841514587402,1684460000
2017-09-19,4.5834368519968995,4.690666198118022,4.561447251227351,4.6288981437683105,874280000
2017-09-20,4.632604486713424,4.680042217166512,4.55131760311584,4.591590404510498,724920000
2017-09-21,4.487820478448399,4.514010360773237,4.388250386560858,4.466078281402588,1075600000
2017-09-22,4.4547127726971585,4.504374347008947,4.41271047195476,4.422593116760254,491232000
2017-09-25,4.391708614719822,4.392944239720994,4.204181078786831,4.224935054779053,874580000
2017-09-26,4.359589155761579,4.414686151731882,4.208874960414165,4.248653411865234,1125620000
2017-09-27,4.339082497546673,4.355142324175168,4.268172606628035,4.341800212860107,713720000
2017-09-28,4.348965765107258,4.352919106018207,4.2931274755378945,4.3405656814575195,435244000
2017-09-29,4.424571832396655,4.440631195680559,4.379357453317067,4.41691255569458,619092000
2017-10-02,4.467066196517253,4.496220729135472,4.373178950226963,4.422593116760254,503480000
2017-10-03,4.42877086841683,4.4616318128982,4.3875098388172145,4.431735992431641,390332000
2017-10-04,4.437910324374498,4.491030879022409,4.401343465749698,4.468794345855713,427848000
2017-10-05,4.493255966935384,4.49671496322046,4.436428993498266,4.466324806213379,437364000
2017-10-06,4.43865303184321,4.492761820942074,4.422593203559563,4.479419708251953,318800000
2017-10-09,4.5162331557236515,4.613579863799632,4.4974556133409465,4.580471992492676,563492000
2017-10-10,4.729704875914277,4.767259970469307,4.6266757737161,4.6679368019104,974876000
2017-10-11,4.684491031450927,4.719081477223225,4.638535846911517,4.717598915100098,529508000
2017-10-12,4.721056607020154,4.770718183134275,4.692643354200425,4.719821453094482,528292000
2017-10-13,4.7820832986068655,4.81790888805464,4.735139910281769,4.807778835296631,628728000
2017-10-16,4.83767546821618,4.8932668282783185,4.774424833156459,4.890301704406738,576640000
2017-10-17,4.869547477517253,4.914267499890443,4.851264275822633,4.885854244232178,478596000
2017-10-18,4.894748484790562,4.895489294368424,4.77640085595674,4.881653308868408,567316000
2017-10-19,4.804074273729553,4.892031771255073,4.754907028841743,4.887090682983398,570772000
2017-10-20,4.904136531048056,4.93131415372265,4.855957054198643,4.864851951599121,451620000
2017-10-23,4.886594662100638,4.913031478109982,4.8376743705960825,4.857934474945068,428696000
2017-10-24,4.867077176045384,4.910562048639118,4.841134697191034,4.908832550048828,407244000
2017-10-25,4.869300923934547,4.922174569450265,4.723281292946227,4.784801959991455,828160000
2017-10-26,4.812473645132922,4.846569266446872,4.788507605720304,4.834957122802734,322744000
2017-10-27,4.887089633803852,4.987647945153264,4.861146687495084,4.987401008605957,572192000
2017-10-30,4.9874003945781045,5.091911562829262,4.971587503691173,5.036320686340332,504056000
2017-10-31,5.06819272649439,5.136384431355318,5.062509888067281,5.109700679779053,411908000
2017-11-01,5.172458137547226,5.187776687027378,5.055098708306823,5.119337558746338,502576000
2017-11-02,5.089689329974683,5.134409354686632,5.031627190319589,5.088206768035889,342308000
2017-11-03,5.119336063137459,5.156149864196777,5.073380899375743,5.156149864196777,353640000
2017-11-06,5.1193356675684285,5.188021707038896,5.106982246423753,5.1793742179870605,389944000
2017-11-07,5.202106807631671,5.260168942857903,5.1900003189786466,5.238673210144043,427700000
2017-11-08,5.234224962541194,5.237931366373717,5.1203250285672075,5.167762756347656,522988000
2017-11-09,5.071652266734777,5.0978416768543555,4.950586918745969,5.072887420654297,978564000
2017-11-10,5.2646149821469415,5.402728356343318,5.228789397289866,5.340219020843506,1253256000
2017-11-13,5.340220892018734,5.365669026581667,5.238180003423221,5.253498554229736,582376000
2017-11-14,5.262638812941497,5.30711189398796,5.218907012746199,5.291793346405029,529292000
2017-11-15,5.236696931066687,5.237932556375872,5.1341621792942735,5.188023567199707,501948000
2017-11-16,5.262143518518869,5.292286261224458,5.219399947252944,5.228294372558594,441768000
2017-11-17,5.28536947697987,5.32070072105653,5.207047715355063,5.222118854522705,515664000
2017-11-20,5.237685317490583,5.301430296166498,5.200871504888959,5.289323806762695,396100000
2017-11-21,5.329101102127369,5.349608142892242,5.297228855412355,5.337995529174805,399176000
2017-11-22,5.365194115573078,5.365194115573078,5.281378239670514,5.314014434814453,356640000
2017-11-24,5.330333622872751,5.365195213191434,5.305856235716968,5.364205837249756,180752000
2017-11-27,5.372857449445769,5.374093461458703,5.291266509182589,5.294480800628662,422896000
2017-11-28,5.299672643960498,5.309067938178098,5.148606612255148,5.2096757888793945,512752000
2017-11-29,5.192370531344146,5.195090135816489,4.728046286792786,4.856366157531738,1396788000
2017-11-30,4.925099256874031,5.011140041542623,4.862052260268358,4.962432861328125,823768000
2017-12-01,4.927819196907374,4.948093382263791,4.758704328252264,4.887518405914307,811548000
2017-12-04,4.946113882804839,4.952295357407622,4.561650024475069,4.615054607391357,1240844000
2017-12-05,4.509728670971915,4.764390057264316,4.464730477433526,4.641757011413574,981488000
2017-12-06,4.5913193993863395,4.7010957573699805,4.570056313413401,4.679338455200195,467032000
2017-12-07,4.7460948662742,4.786643238070649,4.700601973656601,4.7468366622924805,542600000
2017-12-08,4.796779865616673,4.815818039229236,4.726068266188637,4.7344746589660645,466876000
2017-12-11,4.748566993822628,4.815817659154044,4.7327435852625275,4.812850475311279,372748000
2017-12-12,4.769335426796087,4.792576321242568,4.694914859998337,4.718402862548828,455016000
2017-12-13,4.759444240376741,4.760680252164653,4.59576864505551,4.603186130523682,554280000
2017-12-14,4.5967587932961385,4.681316452837012,4.56412260292886,4.610357284545898,438164000
2017-12-15,4.654366103124421,4.756477849197474,4.5893408437272845,4.736203670501709,670036000
2017-12-18,4.776751805391361,4.895923445297067,4.747082803135675,4.892956733703613,477704000
2017-12-19,4.883561620641266,4.888753719807482,4.8202670551652185,4.848700046539307,373100000
2017-12-20,4.888012316478996,4.897160031984308,4.810130351151754,4.865760326385498,288820000
2017-12-21,4.86922173990202,4.89419333390785,4.8348548506838664,4.843261241912842,300904000
2017-12-22,4.806421212722924,4.837326698066805,4.728539257613863,4.8279314041137695,466276000
2017-12-26,4.772548662582061,4.889247808315259,4.742632080347197,4.881583213806152,355080000
2017-12-27,4.868232274578322,4.944135951826949,4.8536448814501885,4.874907493591309,329488000
2017-12-28,4.89864496030407,4.929550458135113,4.874415155638558,4.880596160888672,240248000
2017-12-29,4.906801744817595,4.906801744817595,4.784168720245361,4.784168720245361,279964000
2018-01-02,4.840541563460769,4.932516715160278,4.808894747076867,4.928807735443115,355616000
2018-01-03,5.046248337768554,5.283602744699066,5.037594838349351,5.2531914710998535,914704000
2018-01-04,5.334535968418951,5.391154860385219,5.258631793957302,5.2808837890625,583268000
2018-01-05,5.2957174181485325,5.362967602648375,5.2188243590666055,5.325634002685547,580124000
2018-01-08,5.44925631745904,5.5629882962686255,5.404257647837403,5.4888153076171875,881216000
2018-01-09,5.494254667107702,5.533813658357433,5.4057413888179005,5.487331867218018,497000000
2018-01-10,5.394861431577689,5.533812561215367,5.340467947288537,5.530351161956787,582664000
2018-01-11,5.562987923899448,5.594388100131074,5.518731053147994,5.540241718292236,406032000
2018-01-12,5.52837450275534,5.562741394413743,5.4724974152956465,5.513045310974121,359916000
2018-01-16,5.53950057999058,5.62504667663531,5.35752902721096,5.442086219787598,702348000
2018-01-17,5.456672926762429,5.565954593562471,5.362720450032951,5.556065082550049,538408000
2018-01-18,5.5367789307243624,5.603534887941926,5.5056263393216,5.5491414070129395,408632000
2018-01-19,5.6393845459555,5.713557506635315,5.612435153231612,5.689327716827393,609380000
2018-01-22,5.6972423686919855,5.77957465234744,5.639634575263648,5.777843952178955,550944000
2018-01-23,5.831247646426046,5.929650904230752,5.81270463531198,5.906904697418213,475228000
2018-01-24,5.910117763962626,5.945968241091196,5.774380921550895,5.830010890960693,579972000
2018-01-25,5.884404329221869,5.927672292448381,5.828774831842524,5.84360933303833,409884000
2018-01-26,5.887371713449403,6.016432868578666,5.874515019552599,6.016185760498047,516356000
2018-01-29,6.001598153590899,6.134368283112587,5.948935367891821,6.103215217590332,455116000
2018-01-30,5.961298256702426,6.092584814081034,5.894542284154586,6.001104354858398,570832000
2018-01-31,6.076513453163384,6.163048915411116,6.043877264803013,6.0772552490234375,478576000
2018-02-01,5.8972618214159125,6.104452536396298,5.88588871801141,5.946216106414795,519224000
2018-02-02,5.8596814105670205,5.883664102289417,5.715538152114375,5.773640155792236,718464000
2018-02-05,5.612437105332238,5.76646986569513,5.068500299222557,5.283602714538574,1165204000
2018-02-06,5.053666033531897,5.580295394048884,5.043776050027549,5.577328681945801,1114800000
2018-02-07,5.6762257379756615,5.809490096221582,5.6050194654003045,5.656940460205078,802932000
2018-02-08,5.782540304337546,5.8156707069049585,5.3778017939679295,5.378049373626709,1144000000
2018-02-09,5.890586266347382,5.90640967265506,5.378049659025071,5.738036632537842,1674604000
2018-02-12,5.819133949547668,5.822101133750463,5.563731164231727,5.637904167175293,1093172000
2018-02-13,5.601558866511819,5.797870714033193,5.5691697813623104,5.751636028289795,625524000
2018-02-14,5.711334097904961,5.997889871758147,5.700208103710082,5.9689621925354,744988000
2018-02-15,6.05228346364218,6.14079673098658,5.9714347911679075,6.09456205368042,698900000
2018-02-16,6.0673667629979695,6.181098753707593,6.0196484844418965,6.028796672821045,637656000
2018-02-20,6.051294202325834,6.227331822695804,6.047585223362366,6.158350944519043,686240000
2018-02-21,6.222881786182141,6.229804585103552,5.967478607173479,5.971187114715576,892292000
2018-02-22,6.0050809137428764,6.0768259579304695,5.92517151634906,5.990731716156006,534364000
2018-02-23,6.050603026730384,6.084249019622803,5.999886539765119,6.084249019622803,415300000
2018-02-26,6.130512317096563,6.134965386795255,6.037985484544022,6.100329875946045,469312000
2018-02-27,6.073610134071277,6.157973078877785,6.0644567335614035,6.087464809417725,455436000
2018-02-28,6.09834958508042,6.137933155797601,5.975393065454423,5.987020969390869,523116000
2018-03-01,5.984794638354639,6.038727410775939,5.643633459552477,5.744819164276123,1040120000
2018-03-02,5.63720050077664,5.858374163554195,5.488514612110588,5.8519415855407715,913428000
2018-03-05,5.801720703194585,5.869507681660066,5.678269174837483,5.8299241065979,620776000
2018-03-06,5.915276543559208,6.01027741392644,5.872229414261493,5.99098014831543,636808000
2018-03-07,5.888061886205242,6.035263740078089,5.886825105998669,5.983062744140625,581208000
2018-03-08,6.010524269478625,6.010524269478625,5.92245050762224,5.966734886169434,411912000
2018-03-09,6.014235052240544,6.08226929253062,5.998154549250474,6.0694050788879395,505524000
2018-03-12,6.110719364422827,6.259157509410138,6.1025550116369125,6.1790008544921875,605060000
2018-03-13,6.221801272962455,6.296268085687083,6.086969583995925,6.128284931182861,619772000
2018-03-14,6.171332602663355,6.19854648766157,6.091423195064818,6.1537675857543945,505496000
2018-03-15,6.167373792677732,6.249756751019984,6.126552970049063,6.168610572814941,401952000
2018-03-16,6.184938418560677,6.21586311065348,6.147333887276196,6.196813583374023,399456000
2018-03-19,6.139914248361764,6.168859441095484,5.863323705305069,5.962282657623291,713772000
2018-03-20,5.965250114657616,6.21338994269121,5.965250114657616,6.174548625946045,554696000
2018-03-21,6.168115243793203,6.234418169269618,6.118883280774693,6.149313449859619,438688000
2018-03-22,6.085980442807895,6.132491118984359,5.9459534190538905,5.983310222625732,551196000
2018-03-23,5.996916463943072,5.999390496030157,5.752487944968875,5.763620853424072,735620000
2018-03-26,5.888061808351075,6.049612386727085,5.836108546640599,6.048375606536865,611424000
2018-03-27,6.129274102045191,6.184938644217826,5.439035194724634,5.579309463500977,1409000000
2018-03-28,5.5449222445589,5.6750531474100026,5.368527924148816,5.4761457443237305,945904000
2018-03-29,5.544426617424963,5.826212426921583,5.4600641464899695,5.729480266571045,916628000
2018-04-02,5.658972775390556,5.805184657215482,5.380897740182267,5.468723773956299,922092000
2018-04-03,5.635716849251113,5.6988030223661,5.476145302366815,5.575104236602783,667432000
2018-04-04,5.319295383964221,5.607513799414749,5.2943082691937375,5.597123146057129,789168000
2018-04-05,5.655509276858671,5.668621225060564,5.405390382981901,5.476888179779053,701240000
2018-04-06,5.374215872229443,5.4823286493977665,5.271298419993786,5.3004913330078125,662988000
2018-04-09,5.363581375071712,5.491486015100381,5.309153587560353,5.329193115234375,499524000
2018-04-10,5.55951786777156,5.665403896386763,5.502368810031343,5.638437747955322,761676000
2018-04-11,5.6235947746996855,5.664910126442635,5.564466672112196,5.597123146057129,460244000
2018-04-12,5.690144779636995,5.821760200441321,5.645860397996157,5.803947448730469,593920000
2018-04-13,5.867528691346398,5.875940307962306,5.679011933836491,5.727254390716553,503036000
2018-04-16,5.733934492037788,5.760406123472956,5.632748770096775,5.7270073890686035,350792000
2018-04-17,5.779206915896396,5.897957626583024,5.723542372801609,5.876681327819824,447224000
2018-04-18,5.826212320616114,5.91898640516015,5.758673081517054,5.84773588180542,391364000
2018-04-19,5.733438957925266,5.766837689190903,5.6109774151580485,5.666394233703613,471996000
2018-04-20,5.6577348326724195,5.742097304889119,5.627057870331245,5.658229827880859,386200000
2018-04-23,5.676042055989757,5.72725305699322,5.5127597144781655,5.538736343383789,427508000
2018-04-24,5.5644663536746855,5.660456260895691,5.4071215765692315,5.4724345207214355,414596000
2018-04-25,5.442745252668669,5.481834293532448,5.202769836402667,5.360114574432373,588492000
2018-04-26,5.521913270808961,5.580051846377553,5.455858075521565,5.571887493133545,375824000
2018-04-27,5.677774866805812,5.697566655087498,5.557044627976112,5.599349498748779,400848000
2018-04-30,5.6156775231081255,5.665404489554887,5.544674727172917,5.563971519470215,327844000
2018-05-01,5.555806940921153,5.622109397250276,5.4971733707150605,5.619388103485107,253788000
2018-05-02,5.61592455623797,5.660455718725476,5.5726297019989435,5.598854064941406,268248000
2018-05-03,5.630768166613306,5.790339695985172,5.585494276318055,5.764115333557129,443144000
2018-05-04,5.735418267855929,5.917502902821362,5.718100512661951,5.9142866134643555,400660000
2018-05-07,6.018934602460001,6.209430813115384,6.009038474796862,6.152281761169434,687616000
2018-05-08,6.152529848005863,6.197556479914993,6.103545141999272,6.194835186004639,506616000
2018-05-09,6.214873876350741,6.330161035593528,6.18765999506549,6.327934265136719,596760000
2018-05-10,6.380877572327685,6.4447059968584774,6.363064824130704,6.435552597045898,994080000
2018-05-11,6.253715086630739,6.4271408178134255,6.19829827837746,6.297009468078613,1214456000
2018-05-14,6.3351104272001155,6.394980789822957,6.29379507331839,6.317544937133789,523140000
2018-05-15,6.253963038192697,6.25668480407542,5.974651251946578,6.075094699859619,963528000
2018-05-16,6.036500453888233,6.148324069519449,5.999638175408817,6.0862274169921875,553828000
2018-05-17,6.087959102510373,6.222048534622718,6.071878128998751,6.128284931182861,519784000
2018-05-18,6.180238656660252,6.243572088369101,6.079547479993925,6.084495544433594,483716000
2018-05-21,6.181971499596819,6.185682312630695,5.949664883082498,6.042438983917236,640624000
2018-05-22,6.055797958693602,6.081032333749572,5.943726605047766,6.004339218139648,518264000
2018-05-23,5.948145535373018,6.129105239192557,5.947402819389906,6.127867221832275,442956000
2018-05-24,6.124154137254527,6.173911858823892,6.070930722527704,6.131580352783203,437372000
2018-05-25,6.144204512312691,6.187278254687541,6.108557456340994,6.170939922332764,292112000
2018-05-29,6.152869484785957,6.221936401808043,6.107072760196834,6.153859615325928,352684000
2018-05-30,6.187526980861685,6.2714463294259915,6.162771828324576,6.262782096862793,390996000
2018-05-31,6.230849598099896,6.317492416121554,6.220205101941944,6.242979526519775,493868000
2018-06-01,6.287783882075815,6.383586201882856,6.279119650590062,6.377397060394287,421968000
2018-06-04,6.411559140173212,6.578408157720231,6.379377776478071,6.5563764572143555,642024000
2018-06-05,6.5595942668071325,6.599450203723649,6.514787677741375,6.561822414398193,391712000
2018-06-06,6.471714918506621,6.567021951300534,6.455376583518102,6.563803672790527,371356000
2018-06-07,6.560089233659413,6.571971742542208,6.417747485949788,6.508103847503662,369448000
2018-06-08,6.435324548866315,6.535334810758755,6.416510653074924,6.492756366729736,360456000
2018-06-11,6.480131276136385,6.521719590545876,6.438790376313072,6.451663017272949,265372000
2018-06-12,6.478151401852612,6.51231303122899,6.4278983801092044,6.50018310546875,319160000
2018-06-13,6.501668794877426,6.57667650031359,6.486568004646721,6.4957275390625,338208000
2018-06-14,6.540781875258711,6.6640618682623085,6.525928499974208,6.607372760772705,430016000
2018-06-15,6.550187602914215,6.621482190765573,6.519243782857745,6.566525936126709,432260000
2018-06-18,6.5224619104842585,6.579893726061983,6.495231670535371,6.562317848205566,356268000
2018-06-19,6.459089635011484,6.526423707705365,6.313035224131755,6.440523624420166,594932000
2018-06-20,6.481616768461422,6.546474803038329,6.443246259809949,6.493499279022217,369780000
2018-06-21,6.525434135399539,6.543752732956447,6.35709964751134,6.364773750305176,359516000
2018-06-22,6.385566320458842,6.3989342614048175,6.196933020674174,6.212280750274658,434160000
2018-06-25,6.1058369102163015,6.10955001881337,5.830808127401599,5.919431209564209,665816000
2018-06-26,6.032808114433804,6.081080404164454,5.938986039986265,5.990476608276367,478884000
2018-06-27,6.034045779420783,6.100389252291489,5.829816348789656,5.835262775421143,453892000
2018-06-28,5.825360665009383,5.974386422063286,5.817686562350516,5.962503910064697,338012000
2018-06-29,6.027609272504962,6.040234027171733,5.863235325589192,5.864473342895508,392300000
2018-07-02,5.794910701344775,6.000377631093375,5.774363961153397,5.996664524078369,357572000
2018-07-03,6.031322466663235,6.037263722189158,5.854571177138875,5.862987995147705,222732000
2018-07-05,5.918191941407091,6.013746391248437,5.879326600185148,6.008795738220215,306216000
2018-07-06,5.984287492361402,6.131085083979674,5.962998033564039,6.122668266296387,296352000
2018-07-09,6.196932891374385,6.206587252875487,6.091476214199907,6.170197010040283,303880000
2018-07-10,6.18257564991396,6.2912501473942735,6.142224880107605,6.269218444824219,360016000
2018-07-11,6.176386852998671,6.211043781383894,6.116974301245094,6.12761926651001,367508000
2018-07-12,6.172921454685342,6.267237881743086,6.16301920486554,6.219213008880615,345508000
2018-07-13,6.23777846467562,6.23777846467562,6.129846225795139,6.171929836273193,246988000
2018-07-16,6.144205093383789,6.197181089306234,6.131827753706514,6.144205093383789,197036000
2018-07-17,6.0949413424178855,6.2952097141719285,6.069443480554574,6.28010892868042,362136000
2018-07-18,6.272683076460253,6.286545845754016,6.1798516273693735,6.230846881866455,277640000
2018-07-19,6.212034181772214,6.2726842812465815,6.19693386467628,6.239017009735107,235752000
2018-07-20,6.236542116675809,6.275407456734712,6.199904452371621,6.21079683303833,222352000
2018-07-23,6.18430775924391,6.186040605492268,6.022409397971963,6.174158096313477,301584000
2018-07-24,6.22218316442713,6.3088259518268925,6.139253484204503,6.156829833984375,354620000
2018-07-25,6.166237370670052,6.2476816269391895,6.108310249045602,6.235056400299072,319112000
2018-07-26,6.215003844908436,6.345462608151321,6.198170212404753,6.308577537536621,325124000
2018-07-27,6.345215869469275,6.352147254846701,6.1848029309991555,6.238769054412842,295420000
2018-07-30,6.252880217227306,6.258821472625982,6.008547446431852,6.043452262878418,340340000
2018-07-31,6.033055652430824,6.136284205729846,5.994190310810802,6.061523914337158,283988000
2018-08-01,6.092961143485842,6.148164803494376,6.0375095967765615,6.101377487182617,283556000
2018-08-02,6.0300842238203725,6.208073051846958,5.97116744429252,6.204112529754639,269668000
2018-08-03,6.228619434635231,6.264514378971808,6.2117862723855755,6.240749359130859,214288000
2018-08-06,6.2281252743189555,6.291993181793711,6.181585832270276,6.288527488708496,207508000
2018-08-07,6.337295526743153,6.37937914810995,6.310560110743287,6.360812664031982,258132000
2018-08-08,6.362048357871821,6.442254576578007,6.327143550532902,6.397200107574463,262100000
2018-08-09,6.415024911114542,6.417747887869633,6.341007348762948,6.348681449890137,204280000
2018-08-10,6.266741966648329,6.339769393836749,6.255602173613988,6.307340145111084,256396000
2018-08-13,6.316004948189965,6.461069685328649,6.3142721018313415,6.340264797210693,375208000
2018-08-14,6.44572179995376,6.48582515491678,6.3625446984803915,6.471714496612549,466220000
2018-08-15,6.492508100232021,6.526422782455124,6.334818615118527,6.413539886474609,591136000
2018-08-16,6.483348819385215,6.485824381462059,6.312786227962617,6.372941017150879,801260000
2018-08-17,6.261544174406769,6.262286890319612,6.033549747938451,6.060533046722412,1143188000
2018-08-20,6.019935483093313,6.267980903915233,5.90952765860184,6.135293960571289,854388000
2018-08-21,6.151632744006176,6.275408048826561,6.131828714121528,6.270952224731445,673988000
2018-08-22,6.238273677641328,6.511074189973505,6.234807985256849,6.506123065948486,749856000
2018-08-23,6.4675060989606745,6.670992793509114,6.45364332738539,6.605639457702637,720684000
2018-08-24,6.614056561594955,6.753427471474214,6.609600737990808,6.738821983337402,531512000
2018-08-27,6.7685265332213955,6.904184310293047,6.737087887060319,6.829919338226318,505776000
2018-08-28,6.823979611720709,6.846754504144084,6.672230883596816,6.792293071746826,475384000
2018-08-29,6.78461350842841,6.9228224066728545,6.763807979588557,6.897806167602539,420108000
2018-08-30,6.86659835242483,6.977809683034335,6.844059026394995,6.880964279174805,346608000
2018-08-31,6.860902232403797,6.96493036892682,6.850994565866584,6.952050685882568,306592000
2018-09-04,6.938922298818097,7.06449907805735,6.9104384689570955,7.026851177215576,391720000
2018-09-05,7.009265539520306,7.0446845479587985,6.8150796317058235,6.896072864532471,393156000
2018-09-06,6.879726019882007,6.882202936542024,6.721950255269683,6.754892349243164,322796000
2018-09-07,6.662752592718692,6.859167860718644,6.617921491985042,6.733591079711914,295420000
2018-09-10,6.756130294379826,6.8343990569451245,6.7122898664498605,6.804676532745361,220140000
2018-09-11,6.758359379569885,6.846040237909605,6.737553848253378,6.756873607635498,243112000
2018-09-12,6.71699378395084,6.7365610871837225,6.487388943642542,6.642935752868652,419092000
2018-09-13,6.708822697645261,6.8113645858075245,6.691484754287333,6.720711708068848,305536000
2018-09-14,6.811116130221441,6.912914882643333,6.774210881799551,6.846782684326172,386936000
2018-09-17,6.82127267403862,6.870314490752761,6.76554322949447,6.784862518310547,205528000
2018-09-18,6.788824633410302,6.8916140620207935,6.706097612774852,6.712784767150879,299520000
2018-09-19,6.6942085468819785,6.754396242722005,6.6441760661074705,6.736562728881836,224860000
2018-09-20,6.614453950541359,6.656808135150557,6.541386568941393,6.595382213592529,430584000
2018-09-21,6.607271047597377,6.652845269611771,6.492097034372639,6.525286674499512,435128000
2018-09-24,6.494325410251126,6.584483175020165,6.407140133867323,6.581015586853027,293912000
2018-09-25,6.647147851104597,6.673154762619334,6.561448345629221,6.648138523101807,280388000
2018-09-26,6.653092314890422,6.693465151176857,6.595381537700021,6.611233234405518,268548000
2018-09-27,6.646404660447398,6.667705761649816,6.591666371884321,6.623122215270996,214428000
2018-09-28,6.755139370663643,6.98276245063564,6.727150641733874,6.960470676422119,709396000
2018-10-01,7.03824495455493,7.2339166346562855,6.999605907352073,7.167041778564453,622060000
2018-10-02,7.1395483216912465,7.251254275391931,7.073416118129481,7.095707893371582,383964000
2018-10-03,7.166050970211979,7.173481720092355,6.997872441337604,7.101900577545166,320552000
2018-10-04,7.065738202650397,7.090011323366915,6.8405915439342335,6.917622089385986,391220000
2018-10-05,6.892852298402108,6.9550213347000245,6.626589717868741,6.68405294418335,426636000
2018-10-08,6.600830429653313,6.716251983331009,6.441816001665867,6.582749366760254,408612000
2018-10-09,6.562191572602329,6.656807599988099,6.509187076728588,6.577053070068359,273500000
2018-10-10,6.4710431252931295,6.516865367120257,6.083166923481313,6.0853962898254395,684940000
2018-10-11,5.998210703157674,6.131713799401774,5.802291489073457,5.823840141296387,725436000
2018-10-12,6.080938263373666,6.180755676857309,5.935794178537706,6.106449604034424,608236000
2018-10-15,6.0930749150113614,6.0930749150113614,5.829041676567927,5.8300323486328125,449760000
2018-10-16,5.942729099055491,6.100009736461533,5.893439741629045,6.088863849639893,408712000
2018-10-17,6.151033249915487,6.189177195188039,5.9712132783901515,6.020255088806152,329668000
2018-10-18,6.089607296619251,6.127998319168064,5.872386503168687,5.932821750640869,524020000
2018-10-19,5.988056299700383,6.007623136530561,5.639809783631796,5.676219463348389,613608000
2018-10-22,5.728482189558338,5.828547172807989,5.624206494943401,5.726995944976807,368844000
2018-10-23,5.459740992960799,5.552871242748401,5.367601887548083,5.475345611572266,626436000
2018-10-24,5.436954850346148,5.483519745276379,4.925235633520547,4.939105987548828,884288000
2018-10-25,4.8415183712045335,5.1952138479097965,4.797182366382953,5.1479058265686035,951720000
2018-10-26,4.911860132001553,5.073599034113915,4.7833113413738975,4.911365032196045,664784000
2018-10-29,5.052545107770443,5.056012695521993,4.3595198226424685,4.597546100616455,758016000
2018-10-30,4.620582953069957,5.037933771708032,4.59754805076815,5.028026103973389,807192000
2018-10-31,5.192735979115608,5.265555803364496,5.053040834990605,5.221962928771973,745772000
2018-11-01,5.258372569855793,5.411690515801922,5.131805129621694,5.402278423309326,566528000
2018-11-02,5.392867257324554,5.4986291867736385,5.206607191866129,5.323267459869385,452960000
2018-11-05,5.310138961187519,5.333421879261396,5.084497231052926,5.245245456695557,379332000
2018-11-06,5.237319344413625,5.321532602285575,5.190506433151357,5.227659702301025,299012000
2018-11-07,5.294288830568396,5.384941723760526,5.230633529146773,5.295279502868652,483812000
2018-11-08,5.236081904534893,5.236825026786725,5.0485836095310965,5.102084159851074,511352000
2018-11-09,5.013163520414732,5.184562056237323,4.979478310923851,5.094156742095947,413240000
2018-11-12,5.002761388752705,5.024805614719028,4.672843483561452,4.694640159606934,617116000
2018-11-13,4.7924763434195174,5.057995371032563,4.7862838158697665,4.936629295349121,644712000
2018-11-14,5.109762747551906,5.12412867756934,4.776130097110828,4.884120941162109,526580000
2018-11-15,4.878175238577216,5.08499327491161,4.842260658551557,5.012916564941406,840708000
2018-11-16,4.045207343380851,4.227008655673465,4.002852688296146,4.072700500488281,1963520000
2018-11-19,4.007311290184121,4.008053939877579,3.582282052120768,3.5840158462524414,1697820000
2018-11-20,3.3204788447631786,3.820804486345421,3.3019024403565638,3.6925032138824463,1692032000
2018-11-21,3.8297206549782383,3.8465632621927033,3.5570184283935222,3.584263801574707,1025496000
2018-11-23,3.5495880252218392,3.7051346559119653,3.5367083423264782,3.591446876525879,411968000
2018-11-26,3.712565652154972,3.80123719386007,3.6300861661632844,3.790834426879883,814832000
2018-11-27,3.7648275038395145,3.8889183015651603,3.7289131533205135,3.8076772689819336,738060000
2018-11-28,3.9253275868488884,3.9699111420354014,3.79281561583539,3.964709758758545,804524000
2018-11-29,3.9669409066160366,4.0041308830363205,3.8712385366904876,3.901486396789551,549172000
2018-11-30,3.9111548799441427,4.062642418971194,3.8608243107913096,4.051981449127197,729564000
2018-12-03,4.279337267668514,4.330907541332571,4.148923852142171,4.2158660888671875,890804000
2018-12-04,4.171238049105715,4.176196838535952,3.880163824676703,3.8952879905700684,812112000
2018-12-06,3.7547100293816817,3.929503365020712,3.739090265795116,3.9245448112487793,692308000
2018-12-07,3.9287588793414794,3.9389242558198987,3.6104120219115874,3.6597506999969482,681676000
2018-12-10,3.614875469311584,3.789916846581745,3.611156376486315,3.7651233673095703,629472000
2018-12-11,3.856857999860896,3.8650398130884245,3.5950399765799887,3.674130916595459,671912000
2018-12-12,3.679833408506472,3.7879325115930356,3.590577326912966,3.6917343139648438,654136000
2018-12-13,3.738593913379882,3.8028087245183233,3.655536080346519,3.691486358642578,471384000
2018-12-14,3.6498335296235354,3.7336352307758833,3.6074369655938896,3.630990743637085,471820000
2018-12-17,3.6009908702541114,3.673139466762221,3.5018171996427663,3.5598337650299072,662868000
2018-12-18,3.603717553451435,3.727188615222916,3.576444922023647,3.643139123916626,564372000
2018-12-19,3.609420042926333,3.662973880016673,3.382560632989532,3.434130907058716,745364000
2018-12-20,3.4257017334658286,3.51570169052835,3.28983391504949,3.349586009979248,749588000
2018-12-21,3.376114178890128,3.4090894642134386,3.1849572578139753,3.212477922439575,863740000
2018-12-24,3.136115145911929,3.222644049352493,3.086776223443109,3.150743246078491,463840000
2018-12-26,3.1968579845931746,3.3009901849862864,3.0857836690335976,3.2999985218048096,695100000
2018-12-27,3.2476851911102784,3.282147977897831,3.10363555642209,3.252147912979126,637044000
2018-12-28,3.272725337744362,3.406361751036066,3.230824616804402,3.3136343955993652,628728000
2018-12-31,3.357023574871529,3.389502794196484,3.2791723310839056,3.3099162578582764,465140000
2019-01-02,3.2390074103562365,3.4333873843731295,3.224379311402081,3.377354383468628,508752000
2019-01-03,3.3171061385596943,3.35107308894559,3.165866610229452,3.173304557800293,705552000
2019-01-04,3.24644513111555,3.414792156100815,3.2157014402835227,3.376610517501831,585620000
2019-01-07,3.4338832997362645,3.5923129862711196,3.3825608204208364,3.555370807647705,709160000
2019-01-08,3.636941197186312,3.639172794552733,3.3942139598390235,3.4668586254119873,786016000
2019-01-09,3.5181809199379885,3.582395974416625,3.4676025381289186,3.5350406169891357,617260000
2019-01-10,3.5157014179979367,3.6094202238187583,3.455205461973821,3.6007425785064697,523156000
2019-01-11,3.5784286963612915,3.7128090166786722,3.550660229825054,3.6899991035461426,874764000
2019-01-14,3.6376845517021295,3.7552051625470253,3.6141307754347096,3.7299158573150635,730168000
2019-01-15,3.7626431165814336,3.8020646876423267,3.697436645051733,3.7157838344573975,617012000
2019-01-16,3.7430570380961385,3.776032093517072,3.6847926735360543,3.690247058868408,470104000
2019-01-17,3.6572715056758924,3.8015689193275306,3.629998636933588,3.7616515159606934,493436000
2019-01-18,3.811486760994646,3.9168586848306943,3.7599164795456503,3.8908255100250244,651336000
2019-01-22,3.8605767530812427,3.8722296232343667,3.6582628007634317,3.6885106563568115,661552000
2019-01-23,3.7438004161672387,3.832560666001168,3.6701640957404,3.7014036178588867,591020000
2019-01-24,3.785949567881503,3.9309906264719285,3.7812388120318072,3.9133875370025635,708972000
2019-01-25,3.853882980738401,3.988758889220741,3.751238495256053,3.9706597328186035,1154572000
2019-01-28,3.3855360204280474,3.5117342828971707,3.2479329202767175,3.42173433303833,2511528000
2019-01-29,3.3756184141885828,3.423965662878717,3.248180464278207,3.2628085613250732,1153932000
2019-01-30,3.3389249302879227,3.4207430762470104,3.2593381453189685,3.406363010406494,974228000
2019-01-31,3.403139216263978,3.5997507698448317,3.3813209686109746,3.5640482902526855,842852000
2019-02-01,3.582643109291416,3.6394199681743107,3.5350399630359073,3.588345527648926,625048000
2019-02-04,3.604213212436548,3.735866080974761,3.5821471688897573,3.698676109313965,528592000
2019-02-05,3.710576850594622,3.754461140974291,3.676857935984103,3.7177670001983643,542424000
2019-02-06,3.750990847286024,3.8578505040786135,3.7455364619117537,3.7933876514434814,702464000
2019-02-07,3.7470230495303545,3.749254409956487,3.6121471598327095,3.6550395488739014,637120000
2019-02-08,3.587849982332469,3.6842962162740016,3.5734699182729486,3.673635244369507,461604000
2019-02-11,3.6295030121564062,3.683800482239057,3.5826434901328312,3.630990743637085,495180000
2019-02-12,3.669420290634607,3.7636351630942637,3.6550399902442248,3.7480151653289795,591060000
2019-02-13,3.7775191426404544,3.863552195828177,3.7638827088769813,3.7904117107391357,605372000
2019-02-14,3.789420270490346,3.859585533497492,3.7462796061148245,3.8313210010528564,827264000
2019-02-15,4.04008131671056,4.062890991905326,3.8781805745021547,3.9009904861450195,1516748000
2019-02-19,3.890329840476403,3.96421420728204,3.871239018218415,3.8836355209350586,551892000
2019-02-20,3.912890826050541,3.998180012588728,3.9017340234478843,3.930989980697632,540988000
2019-02-21,3.9436354218560936,3.968180628205051,3.8474369774909136,3.862065076828003,448548000
2019-02-22,3.9138831152836784,3.9657011898270236,3.900246680320439,3.9468581676483154,401740000
2019-02-25,4.030411506901344,4.097849333668331,3.925783236196073,3.9344611167907715,656020000
2019-02-26,3.9297508526167686,3.985783850201681,3.8615689152614534,3.8950400352478027,488464000
2019-02-27,3.8806588676923988,3.9071876275026245,3.796113327245298,3.8531382083892822,500256000
2019-02-28,3.846934318137376,3.869271393984341,3.806231380983356,3.82856822013855,324944000
2019-03-01,3.878454376883171,3.925113899783818,3.8201299732573615,3.8829219341278076,357188000
2019-03-04,3.921391600952124,3.9442250220185993,3.8345252376826946,3.8911125659942627,409992000
2019-03-05,3.875475884898595,3.9228800376831297,3.8211224619707895,3.8846590518951416,362924000
2019-03-06,3.875724468615191,3.8841627672757784,3.770988592510421,3.7737185955047607,403524000
2019-03-07,3.7501408143283324,3.7598203253832203,3.6583107876136225,3.7044739723205566,450104000
2019-03-08,3.6151252134153578,3.749395710902994,3.593780824537837,3.7387235164642334,422416000
2019-03-11,3.7623025516746305,4.022156554060257,3.7151464414169393,3.9993233680725098,859728000
2019-03-12,4.027119985748351,4.079984149653908,3.950925822453151,4.033573150634766,579576000
2019-03-13,4.071049193088349,4.21425434063873,4.063603343422483,4.184967994689941,768900000
2019-03-14,4.1941502023353925,4.20606336972168,4.101327285949279,4.109021186828613,519384000
2019-03-15,4.152206019253151,4.257190154822188,4.148731384917851,4.214501857757568,661484000
2019-03-18,4.246021822564041,4.299879130717905,4.166104755650299,4.19315767288208,486992000
2019-03-19,4.287719328046137,4.405361320517953,4.27084272733063,4.360935211181641,854972000
2019-03-20,4.389972822984952,4.443333567074416,4.293675241273707,4.3284220695495605,719148000
2019-03-21,4.351503583598241,4.591502421308385,4.346539683584772,4.565194129943848,824312000
2019-03-22,4.537892428579704,4.586537310394908,4.3914607305269895,4.405359268188477,747644000
2019-03-25,4.364658446594636,4.428939214300065,4.246768399116495,4.313035011291504,525212000
2019-03-26,4.454751087600173,4.510841846498255,4.333386399789377,4.389725685119629,703508000
2019-03-27,4.415288150691982,4.46169914748176,4.311048619229574,4.3805413246154785,474372000
2019-03-28,4.406600515454553,4.464925148496249,4.346042459106816,4.399155139923096,480264000
2019-03-29,4.465918877115412,4.4808105784246814,4.41553666049816,4.456487655639648,456896000
2019-04-01,4.548316889691609,4.554273474189046,4.476590296155322,4.523994445800781,483824000
2019-04-02,4.54806855191015,4.586289532773509,4.505131724980891,4.541863441467285,440920000
2019-04-03,4.591501076435517,4.740414719537137,4.586537177875998,4.681345462799072,783504000
2019-04-04,4.665959706681561,4.714853134820737,4.609620900822744,4.672412872314453,457376000
2019-04-05,4.7155970281119926,4.756548492685493,4.6791133575303165,4.739174842834473,481744000
2019-04-08,4.708646803348021,4.7850892376978535,4.6845724141548954,4.760022163391113,424192000
2019-04-09,4.726518600144837,4.737687140925352,4.655040033826278,4.697232246398926,439972000
2019-04-10,4.696486386496377,4.793528118683609,4.692019066028412,4.767716407775879,444772000
2019-04-11,4.770198047862929,4.801718288833608,4.704428036606606,4.753817558288574,374600000
2019-04-12,4.792536580476754,4.796507795945185,4.7071594716665235,4.715846061706543,471708000
2019-04-15,4.708150052706649,4.713113951477477,4.5443451803368236,4.584055423736572,440092000
2019-04-16,4.623271867805199,4.690034588061539,4.59051087698702,4.671172142028809,394964000
2019-04-17,4.706164938371236,4.727012746281841,4.625999815060123,4.648336887359619,351004000
2019-04-18,4.655039571052807,4.689041296093805,4.595970289969916,4.623767375946045,380988000
2019-04-22,4.60019002615052,4.693261041743073,4.568670248205501,4.6776251792907715,279936000
2019-04-23,4.690779266884131,4.763499048061883,4.681099990724972,4.732226848602295,346856000
2019-04-24,4.742650214485939,4.785339003334173,4.681844087408871,4.744636058807373,318204000
2019-04-25,4.704428926409337,4.726766004906826,4.559238389559255,4.638906955718994,499296000
2019-04-26,4.485029281195309,4.489497075526725,4.301121176260781,4.420003890991211,868988000
2019-04-29,4.427946255243696,4.478577001876419,4.355723060888487,4.450779914855957,391920000
2019-04-30,4.418513686996752,4.517789305671061,4.399403195492177,4.4922261238098145,362920000
2019-05-01,4.544595983080852,4.58678819700055,4.478825474880816,4.479074001312256,354280000
2019-05-02,4.4887527217962235,4.5882764207529725,4.445567827647048,4.546580791473389,394684000
2019-05-03,4.555019161307543,4.564946488846649,4.480562074538037,4.542113304138184,336824000
2019-05-06,4.355722806843526,4.475846737404881,4.31849449984335,4.463685512542725,422176000
2019-05-07,4.415288506687981,4.415288506687981,4.248257000546208,4.296405792236328,555220000
2019-05-08,4.268857503073603,4.396674881623727,4.256944329580253,4.31650972366333,419168000
2019-05-09,4.247512463958678,4.257191738438508,4.105051929834627,4.223934173583984,660248000
2019-05-10,4.193158928885538,4.258680898184271,4.070304999758619,4.189932346343994,569500000
2019-05-13,4.057895852056923,4.080977563202971,3.9166760553201314,3.9325602054595947,656912000
2019-05-14,3.972269850799725,4.056902783679465,3.9335525195611027,4.021659851074219,524880000
2019-05-15,3.9660656278825552,3.9970892960732205,3.906748531465362,3.9606056213378906,502320000
2019-05-16,3.955144963582412,4.018433268461454,3.912704707344669,3.9757444858551025,781088000
2019-05-17,3.93380090618027,4.0631075221199,3.8454455195047093,3.8849074840545654,1022068000
2019-05-20,3.7861281485912404,3.8412262085621105,3.7414539947355543,3.766273021697998,572064000
2019-05-21,3.8270798005656923,3.864308108434011,3.788362227835228,3.848423957824707,361848000
2019-05-22,3.8097066224018588,3.8357663905755324,3.7665214917697853,3.77744197845459,325868000
2019-05-23,3.7151456064881194,3.7151456064881194,3.5965111984397193,3.656324863433838,591844000
2019-05-24,3.6751880314035623,3.710430970571461,3.5957675101060733,3.602468729019165,357584000
2019-05-28,3.62008918611892,3.6528501656605656,3.555311622613023,3.5572972297668457,428356000
2019-05-29,3.5096450774908123,3.54463972003167,3.448342380625787,3.483088970184326,559800000
2019-05-30,3.486318880995167,3.5220989465741828,3.4182373508682944,3.4565021991729736,394300000
2019-05-31,3.4075531302728064,3.4748891812634963,3.364070378436393,3.365809679031372,389720000
2019-06-03,3.376990899598896,3.4157526580768924,3.294746627086541,3.324066400527954,478644000
2019-06-04,3.388172347229134,3.558376185167301,3.3660583480395427,3.5531582832336426,641836000
2019-06-05,3.6269546556211023,3.632421130669849,3.474144059991226,3.51042103767395,511616000
2019-06-06,3.5146447903049864,3.5971376326517728,3.5121600076111754,3.5725388526916504,408140000
2019-06-07,3.5785031590309986,3.6495661614858474,3.55937061170994,3.615277051925659,348856000
2019-06-10,3.671430644852535,3.7566568374497575,3.671430644852535,3.6880784034729004,402780000
2019-06-11,3.7479604108841413,3.7857283502627457,3.706217198259694,3.7457242012023926,383872000
2019-06-12,3.7022421977230424,3.7084541558272526,3.617513127054581,3.6326699256896973,358892000
2019-06-13,3.6547833800896883,3.7022416428682114,3.637141800856831,3.683854818344116,308080000
2019-06-14,3.59067756654442,3.615027774987893,3.549182688177805,3.593907594680786,394428000
2019-06-17,3.592168734328627,3.6406210580078437,3.56930925061679,3.6035985946655273,276040000
2019-06-18,3.6649710195419645,3.8540585972699657,3.654038306151122,3.798649311065674,581920000
2019-06-19,3.8339324118515234,3.845362034270252,3.7785228895428085,3.804612636566162,331644000
2019-06-20,3.8953050376710774,3.909219442880647,3.8145514884859004,3.828962802886963,350168000
2019-06-21,3.8140552811776662,3.8632528546182003,3.76436056149221,3.7708208560943604,434428000
2019-06-24,3.792189269826934,3.822751439092685,3.7449793378027785,3.7931830883026123,282948000
2019-06-25,3.79815218806245,3.8731909238839837,3.7611297293284847,3.7638628482818604,311868000
2019-06-26,3.8913292177525474,4.018298866079521,3.878408631953363,3.957174301147461,584072000
2019-06-27,4.042897970147851,4.074950866034937,4.006869326569596,4.055818557739258,445440000
2019-06-28,4.099798374218473,4.108992024511703,4.033953279257894,4.0806660652160645,397668000
2019-07-01,4.287891358201381,4.322180695987506,4.091349454011313,4.12886905670166,709756000
2019-07-02,4.112221996858911,4.133342417670749,4.017802602313374,4.030971527099609,400228000
2019-07-03,4.054327233500396,4.060042281438798,3.9840097272590325,4.043891429901123,246636000
2019-07-05,3.9855013115045588,3.98997373175345,3.917916439783292,3.9812772274017334,396552000
2019-07-08,3.9216434501117856,3.940527422747279,3.87617305628239,3.906238079071045,329788000
2019-07-09,3.8639974931763446,3.936800023336797,3.85132547908479,3.9087226390838623,342860000
2019-07-10,3.952205096109559,4.034449368898275,3.9382906915718086,3.9770524501800537,452076000
2019-07-11,4.050103023821908,4.172351682065839,4.012832230139886,4.1316022872924805,682560000
2019-07-12,4.159431108052494,4.2357124701066695,4.159431108052494,4.16464900970459,506392000
2019-07-15,4.185770910050978,4.201921292932884,4.12787682523172,4.15620231628418,289840000
2019-07-16,4.141292730431857,4.178563525212649,4.095822104880401,4.151480197906494,341444000
2019-07-17,4.153220175787872,4.2237865034490785,4.123900396965536,4.216829299926758,348204000
2019-07-18,4.227263933939426,4.291369712611232,4.1706120290197095,4.228506088256836,442192000
2019-07-19,4.266770993145716,4.273231048389911,4.179308356852263,4.185271739959717,344896000
2019-07-22,4.206642159996999,4.269754142855945,4.199187809672312,4.256833553314209,315940000
2019-07-23,4.296092061064879,4.366657913637138,4.280437879474153,4.364670276641846,428176000
2019-07-24,4.407904430288153,4.444926894123487,4.3318718656363995,4.439211845397949,366236000
2019-07-25,4.397716353540302,4.410388603872012,4.284661340679692,4.308017730712891,392700000
2019-07-26,4.335101694508555,4.39672270003066,4.335101694508555,4.350009918212891,274160000
2019-07-29,4.342804818899132,4.359949491159782,4.255590966821345,4.343798637390137,248160000
2019-07-30,4.297334561084034,4.371627831398361,4.282923006900058,4.359452724456787,197772000
2019-07-31,4.327896165506087,4.328890457931536,4.149989857789644,4.192230224609375,359416000
2019-08-01,4.202664962671635,4.293109058279627,4.045630305131023,4.097809791564941,421212000
2019-08-02,4.005130290985107,4.07445446353543,3.9576722582600006,4.005130290985107,428348000
2019-08-05,3.821508812433995,3.8227512039331475,3.699757289060435,3.746718645095825,589156000
2019-08-06,3.8215093856802174,3.8669797839526403,3.7377741291645963,3.7854807376861572,361272000
2019-08-07,3.724604862828124,3.8356722593987147,3.7072118536406844,3.8237454891204834,372560000
2019-08-08,3.881391114400766,3.933570377377517,3.8239939488225367,3.93232798576355,309300000
2019-08-09,3.8913300728660314,3.894808674656235,3.7805112509167436,3.83095121383667,341816000
2019-08-12,3.7787714963989343,3.8309507539501024,3.7412521266214847,3.763117790222168,279200000
2019-08-13,3.7616263422085123,3.923381996131976,3.722616249840098,3.8774144649505615,351956000
2019-08-14,3.78920800849391,3.80038929698413,3.685098047021363,3.7288291454315186,419880000
2019-08-15,3.7477122019917184,3.7675899906671715,3.6622376632948845,3.6965267658233643,477200000
2019-08-16,3.959411032945737,4.013826261916594,3.898038127498344,3.9646289348602295,1007960000
2019-08-19,4.077932050532183,4.259316915944544,4.061781200511573,4.243414402008057,815112000
2019-08-20,4.237949550658794,4.238446696913457,4.149990207881851,4.1711106300354,463188000
2019-08-21,4.237204176544138,4.309758148292772,4.215587081507359,4.254597187042236,427244000
2019-08-22,4.2642870692177,4.306775767729217,4.221549560663926,4.26080846786499,303488000
2019-08-23,4.184278432152691,4.238693894962377,4.0163108143059425,4.03618860244751,568056000
2019-08-26,4.114955304774386,4.139057179481086,4.072714940004575,4.1109795570373535,318208000
2019-08-27,4.149244594136765,4.15197771364096,3.990967733735244,4.02028751373291,290968000
2019-08-28,3.9939227058149274,4.062568795649351,3.9546249387354337,4.009840488433838,255612000
2019-08-29,4.101368129013066,4.185932459458111,4.097886085090961,4.153599262237549,357976000
2019-08-30,4.199860663123843,4.249604554679204,4.148127167711998,4.16628360748291,290616000
2019-09-03,4.093410883294995,4.126490313840776,4.060331452749214,4.0832133293151855,296140000
2019-09-04,4.143900285493805,4.204836549248497,4.143900285493805,4.1973748207092285,227728000
2019-09-05,4.299599685208063,4.476687346481227,4.297858662159486,4.4704694747924805,695676000
2019-09-06,4.447089526336101,4.504046123454336,4.4053049727373415,4.443358898162842,376976000
2019-09-09,4.474446413040609,4.5759238111937055,4.47295397278728,4.4893693923950195,417524000
2019-09-10,4.456539595077907,4.582639914927239,4.446839679949437,4.556027412414551,352812000
2019-09-11,4.570701831882752,4.632881480774574,4.541601611985885,4.584630012512207,361512000
2019-09-12,4.631140397873783,4.685858317404362,4.575178619721449,4.583137512207031,327840000
2019-09-13,4.516480473289425,4.5535395808335615,4.481410970029011,4.525185585021973,324592000
2019-09-16,4.450072607648018,4.516729095679811,4.439626473475402,4.482157230377197,231832000
2019-09-17,4.488872792333727,4.507775456606697,4.4423623518716875,4.503547191619873,223048000
2019-09-18,4.496582658938873,4.512251858843622,4.389882191407051,4.476436138153076,258152000
2019-09-19,4.4824054396218065,4.500810938256271,4.3901307877096345,4.4008259773254395,245476000
2019-09-20,4.39983158970363,4.423459682822821,4.284923638142132,4.295120716094971,350244000
2019-09-23,4.295370141032199,4.39411126135759,4.291639039614132,4.34859561920166,249712000
2019-09-24,4.379933152496349,4.409530526419011,4.255573896372255,4.291140556335449,317268000
2019-09-25,4.290643314950293,4.452559324286397,4.245873902702652,4.432910442352295,308432000
2019-09-26,4.423212354835849,4.431917469210402,4.35978883651479,4.410776138305664,234564000
2019-09-27,4.3689913648862495,4.419730082058175,4.211303563014144,4.27199125289917,362056000
2019-09-30,4.297856947271272,4.339641483764673,4.26651807050821,4.32944393157959,186184000
2019-10-01,4.352576389588463,4.501807674967274,4.3229789991742065,4.327704429626465,366008000
2019-10-02,4.305815936429541,4.3177545112391185,4.231449137403116,4.303826332092285,293372000
2019-10-03,4.308302924847908,4.515734108148081,4.277959325726504,4.50951623916626,450588000
2019-10-04,4.511755075321942,4.555281113251461,4.446591020999785,4.525932312011719,265524000
2019-10-07,4.590847882522774,4.68436593783087,4.582142769629365,4.584630012512207,480984000
2019-10-08,4.492852026390042,4.492852026390042,4.389882648862326,4.408039093017578,444436000
2019-10-09,4.484893229125015,4.544088466129214,4.456042068059754,4.494593143463135,292412000
2019-10-10,4.492354705322868,4.603282970710126,4.48713163832642,4.552295684814453,309124000
2019-10-11,4.636363092350418,4.70923745186966,4.617460427723012,4.625916957855225,446404000
2019-10-14,4.617210950919804,4.660239343503863,4.586121132212511,4.639347076416016,200040000
2019-10-15,4.729633232543965,4.956713348062926,4.71570457683445,4.884087085723877,664124000
2019-10-16,4.850013116029871,4.9549725943515925,4.818923288363012,4.830364227294922,428944000
2019-10-17,4.874883871195083,4.919901869835701,4.777883310201542,4.832353115081787,263436000
2019-10-18,4.832849692766231,4.865431949211282,4.663472434661619,4.737839221954346,307440000
2019-10-21,4.79927285293051,4.888563097644511,4.7803701906689335,4.875132083892822,261868000
2019-10-22,4.9320888972435,5.03729692887387,4.857473520945944,4.8651838302612305,328720000
2019-10-23,4.783107316807916,4.866427814808763,4.751271273511901,4.852251052856445,279916000
2019-10-24,4.89353779078349,4.929850680091859,4.859463562210446,4.896274089813232,232020000
2019-10-25,4.976859636010571,5.108183036821627,4.969149324645292,5.0872907638549805,423092000
2019-10-28,5.131064263826471,5.195731153660349,5.101715462840059,5.143251895904541,330792000
2019-10-29,5.129323244258218,5.135790170441866,5.027597717384836,5.046997547149658,211236000
2019-10-30,5.073859343481417,5.079580049651367,4.980838450486276,5.04898738861084,205960000
2019-10-31,5.028094597744975,5.048986866895939,4.919902150789599,4.9997406005859375,209732000
2019-11-01,4.964422004976594,5.071122474910561,4.939301473301272,5.03878927230835,283640000
2019-11-04,5.119871437285352,5.247961820959408,5.0967409826442855,5.235525608062744,376716000
2019-11-05,5.235277422547031,5.261392760018002,5.1653874662725405,5.213390350341797,300868000
2019-11-06,5.18926457418773,5.214882273134978,5.076594802274836,5.164144039154053,269012000
2019-11-07,5.2506983850035285,5.26537278621327,5.137033802523521,5.181803226470947,280340000
2019-11-08,5.1648894532108,5.199461315529386,5.127332710304524,5.167873859405518,189100000
2019-11-11,5.167128828342587,5.200954478298367,5.080823443644113,5.177824020385742,243436000
2019-11-12,5.21612617506832,5.26935212663177,5.181056668755122,5.213390350341797,283504000
2019-11-13,5.182051241417072,5.2096590182042215,5.121115456684281,5.187523365020752,300188000
2019-11-14,5.196476515642784,5.220105081221384,5.136535539362813,5.21786642074585,518080000
2019-11-15,5.2156282776414935,5.267361786095575,4.9902892175304405,5.078584671020508,1053628000
2019-11-18,5.071122057396968,5.306409572597525,5.0681376513810985,5.279797077178955,574588000
2019-11-19,5.248707786319236,5.2723358780861025,5.114897178163659,5.173097133636475,414564000
2019-11-20,5.150216326999719,5.3362576420754735,5.137531530156,5.252439498901367,472588000
2019-11-21,5.247962302277596,5.303675023106709,5.2059287052998755,5.227567195892334,288388000
2019-11-22,5.25019991705231,5.296710356261851,5.221597339470652,5.24522590637207,224100000
2019-11-25,5.3733155188035076,5.506877541898856,5.360382142958082,5.501903057098389,506476000
2019-11-26,5.484243102660461,5.48896900495652,5.3907250770203605,5.397192001342773,385244000
2019-11-27,5.442742821340498,5.477090960811388,5.405656363553785,5.432039737701416,215784000
2019-11-29,5.4011765173015664,5.429550965694259,5.3708100466652695,5.394704818725586,141556000
2019-12-02,5.387734360424529,5.401175285328456,5.193093037870997,5.20827579498291,372036000
2019-12-03,5.024586275333187,5.1726828396090925,4.987251058891021,5.168700695037842,465232000
2019-12-04,5.252332503928127,5.274733733331084,5.183884513971594,5.212508201599121,273424000
2019-12-05,5.2344121110522055,5.2500928773173,5.164968107208451,5.195583343505859,184884000
2019-12-06,5.264777971640151,5.313811816689796,5.254821658541626,5.280956268310547,232236000
2019-12-09,5.2580575077729605,5.335715040866158,5.24934597118332,5.280956268310547,211880000
2019-12-10,5.311072898219936,5.377779049060028,5.2583056790915785,5.32600736618042,256388000
2019-12-11,5.336461031358274,5.415114089309581,5.333971953447674,5.409637928009033,233796000
2019-12-12,5.380765279472877,5.595318755142743,5.371804979121072,5.577148914337158,404348000
2019-12-13,5.580136752348934,5.699360889940444,5.5211465970346065,5.575158596038818,454704000
2019-12-16,5.62269749960882,5.6764602451169,5.594571350715029,5.604029655456543,320976000
2019-12-17,5.622697973541322,5.704835640197259,5.613239668002575,5.682185649871826,321196000
2019-12-18,5.717032221002479,5.773035287670211,5.70856945097392,5.712552070617676,343548000
2019-12-19,5.747148964437648,5.87408907998168,5.74217080898658,5.860648155212402,445360000
2019-12-20,5.927105668248703,5.983357501349498,5.907940290008705,5.957969665527344,603044000
2019-12-23,5.986593524986868,6.018701824822155,5.933577539188427,5.94428014755249,355060000
2019-12-24,5.928848124681204,5.956476273805437,5.89449951231203,5.93930196762085,138864000
2019-12-26,5.9427871731341915,5.981615939948392,5.923870557911135,5.953490257263184,182852000
2019-12-27,5.968671493888834,5.9821124182844105,5.869359526693474,5.895743370056152,254644000
2019-12-30,5.873840805015465,5.8790677262525515,5.751132063886078,5.782493591308594,258056000
2019-12-31,5.747149040447486,5.866124393689156,5.727983663924737,5.856666088104248,231004000
2020-01-02,5.942537349164542,5.971409797668457,5.892010445596926,5.971409797668457,237536000
2020-01-03,5.851688071391556,5.9196385190543355,5.826797767959651,5.875831604003906,205384000
2020-01-06,5.78249329637556,5.9056995619617005,5.756358691523111,5.900472640991211,262636000
2020-01-07,5.928847945646861,6.017706082693678,5.88379672631697,5.971908092498779,314856000
2020-01-08,5.967676046816965,6.0244258788447835,5.927602987861085,5.983108043670654,277108000
2020-01-09,6.069477028787541,6.1212487048790996,5.995055363091682,6.048818111419678,255112000
2020-01-10,6.156094517633905,6.186460503979579,6.066987630728175,6.081174850463867,316296000
2020-01-13,6.1643098136228245,6.296974398363853,6.14165934572188,6.2718353271484375,319840000
2020-01-14,6.229023390430331,6.254411699514828,6.141658799771101,6.154850959777832,359088000
2020-01-15,6.16754428868986,6.1899455131991035,6.086402159866249,6.112287998199463,263104000
2020-01-16,6.165803238299261,6.201894160112747,6.1424064728927465,6.195920467376709,284192000
2020-01-17,6.215085171047561,6.222552404840877,6.157091032007724,6.204631328582764,253792000
2020-01-21,6.168043104649625,6.2048807947316265,6.137179106871274,6.171278953552246,217916000
2020-01-22,6.2165778106644005,6.311907155351384,6.197661200927459,6.225289344787598,239240000
2020-01-23,6.2653639205825,6.302201135372716,6.176505782975215,6.29373836517334,244516000
2020-01-24,6.409229123297355,6.459009733569713,6.180239170582056,6.234499931335449,373512000
2020-01-27,5.929843561099861,6.029653547594997,5.780253438788895,5.978628635406494,470536000
2020-01-28,6.044587078302899,6.2043822657718435,5.991321857565568,6.172025203704834,310976000
2020-01-29,6.157588979316764,6.193679896862206,6.071717453105673,6.111542224884033,258848000
2020-01-30,6.0137238599092555,6.131703694762876,5.958716799815882,6.118262767791748,290504000
2020-01-31,6.072463949146722,6.084411332665252,5.842976483471893,5.884791851043701,370420000
2020-02-03,5.866621532412214,6.001277639266256,5.860399075803358,5.981863498687744,255564000
2020-02-04,6.123739366569737,6.170284134023084,6.07370998442975,6.151118278503418,271544000
2020-02-05,6.272082704047129,6.282287779401079,6.158085517859378,6.2414679527282715,208220000
2020-02-06,6.2758154186337185,6.328333377838135,6.194673310670706,6.328333377838135,218284000
2020-02-07,6.28826248219082,6.310414943243129,6.236739566476,6.262127876281738,189752000
2020-02-10,6.284777510513011,6.546124504221286,6.279799354982195,6.5453782081604,529608000
2020-02-11,6.65365087473123,6.782582072275336,6.591674116500765,6.667838096618652,638556000
2020-02-12,6.720604676855418,6.7900486622411735,6.6817759196296365,6.783576965332031,374644000
2020-02-13,6.725581763645354,6.806972644309669,6.698202388290001,6.739768981933594,528016000
2020-02-14,7.1499612483061235,7.341864732956123,7.118599722338029,7.212933540344238,1041924000
2020-02-18,7.109638988755365,7.400108152666693,7.090224846302637,7.381689071655273,620164000
2020-02-19,7.50414923299064,7.850620995328489,7.50414923299064,7.832948684692383,694332000
2020-02-20,7.784911107523746,7.873271239306523,7.376213808927724,7.683608055114746,810052000
2020-02-21,7.571353398915434,7.596492470112274,7.234588686390505,7.319464206695557,768180000
2020-02-24,6.725085008489684,7.0158029274771545,6.670575487693853,6.801995754241943,856916000
2020-02-25,6.877165340750058,6.939142105122098,6.420678945544084,6.522480010986328,1055496000
2020-02-26,6.522728008722888,6.856008081626583,6.521234941797233,6.661864280700684,747732000
2020-02-27,6.3483101172593965,6.6496620830203605,6.1986305037172595,6.2910284996032715,906416000
2020-02-28,6.038490300140997,6.785643260786491,6.021804024627924,6.7261199951171875,1133252000
2020-03-02,6.89622042284202,6.913404997910496,6.500229403950127,6.884514808654785,890744000
2020-03-03,6.940303040064496,7.0000752116813985,6.536591373721847,6.622015953063965,652792000
2020-03-04,6.729358633199795,7.0952145451375515,6.654643042641037,7.085750579833984,597408000
2020-03-05,6.886259621539514,7.053123800037345,6.7617341293777615,6.806314468383789,540328000
2020-03-06,6.626748580774733,6.6842795827074015,6.425515243639986,6.6257524490356445,515412000
2020-03-09,5.974733154517468,6.460382771892419,5.931896639128573,6.112707614898682,614160000
2020-03-10,6.389152813651046,6.502222061157227,6.1264044641429605,6.502222061157227,580648000
2020-03-11,6.36225543839977,6.390647326448551,6.04122887468643,6.1383585929870605,499964000
2020-03-12,5.615102713156774,5.880591027364499,5.374519589452378,5.387221336364746,816540000
2020-03-13,5.740625318821386,6.002626980343142,5.4694090819834775,5.998144149780273,634836000
2020-03-16,5.2900907938596005,5.6310418746785755,4.831588114627378,4.891360282897949,726972000
2020-03-17,5.003683989379058,5.500540987795627,4.7568746201324865,5.411131381988525,833632000
2020-03-18,4.983510181129494,5.228576159943391,4.499853317187117,5.0512518882751465,874268000
2020-03-19,5.0298325317869885,5.397681063684744,4.8163962655111225,5.304038047790527,765512000
2020-03-20,5.454216962280671,5.736142694810276,5.108783431931575,5.124224662780762,804636000
2020-03-23,5.123227679196731,5.391455985630141,4.944160052402405,5.297065258026123,643876000
2020-03-24,5.703266811798288,6.292521656398445,5.679607141928256,6.2058515548706055,1101644000
2020-03-25,6.320913789305479,6.520652690645078,6.068376105755603,6.117190361022949,793432000
2020-03-26,6.324398909643131,6.530613328344859,6.226273070268415,6.406586170196533,696108000
2020-03-27,6.226274649289893,6.553029611288523,6.193399926742075,6.2942657470703125,638828000
2020-03-30,6.359766000147747,6.623760395482369,6.3156839628633445,6.6145453453063965,602252000
2020-03-31,6.654642839324656,6.858865067257388,6.419289710060804,6.5649847984313965,949960000
2020-04-01,6.3669888090516205,6.513430630446292,6.009102461458389,6.053682327270508,656912000
2020-04-02,6.082820463407939,6.375704534296287,6.034753906574363,6.362504959106445,675764000
2020-04-03,6.324897635369404,6.3664890966542975,5.937125520263196,6.074601650238037,663212000
2020-04-06,6.356776811021011,6.721387595066812,6.299245814449324,6.68452787399292,727884000
2020-04-07,6.906181604009316,6.9298417444207505,6.4080797851838,6.451165676116943,784520000
2020-04-08,6.560250558316909,6.673319800239369,6.490267211611592,6.648414611816406,542444000
2020-04-09,6.774186520309044,6.797098973754002,6.485785263721914,6.548795223236084,525564000
2020-04-13,6.489024099213556,6.729358360297547,6.400611105246954,6.720641613006592,398408000
2020-04-14,6.848901877376461,7.1059223834052565,6.82125720368873,7.071802616119385,530948000
2020-04-15,6.903692465907267,7.0772811110810325,6.858365388629654,6.994347095489502,366148000
2020-04-16,7.149755276394696,7.446623891363686,7.136555700421312,7.339531898498535,745620000
2020-04-17,7.421717882698003,7.443136373919461,7.146267791619093,7.280257225036621,539120000
2020-04-20,7.153740493454517,7.309646268211535,7.1046773255900835,7.149008274078369,449388000
2020-04-21,7.0309579095729084,7.09222404320279,6.652400334557342,6.712172508239746,735160000
2020-04-22,6.904440070768403,7.169430577878194,6.858864076780593,7.126593589782715,483356000
2020-04-23,7.168683884756797,7.300680607092796,7.048142915270509,7.073297023773193,424160000
2020-04-24,7.063086568688113,7.214260139279141,6.988370983072289,7.212267875671387,352328000
2020-04-27,7.34675453477503,7.558696863652003,7.32209825748916,7.398806095123291,479388000
2020-04-28,7.54624282215466,7.576129142105783,7.250868695520186,7.25634765625,442904000
2020-04-29,7.391085793246775,7.485974343887676,7.315872387428984,7.433175563812256,379160000
2020-04-30,7.3791322419308685,7.433176550066634,7.265316223920822,7.279263019561768,375916000
2020-05-01,7.081763516460374,7.195081677888621,6.994346676217267,7.042662620544434,342096000
2020-05-04,6.995342694640935,7.268302694249427,6.995342694640935,7.254604816436768,317556000
2020-05-05,7.358708704883354,7.478253047929909,7.254605114249709,7.315622806549072,368896000
2020-05-06,7.395070628922223,7.521339462754946,7.357214775183152,7.4164886474609375,323464000
2020-05-07,7.555708667714478,7.656076184907936,7.504404320286109,7.592817306518555,373732000
2020-05-08,7.664541924266465,7.789067383556016,7.630671079144231,7.782841205596924,339216000
2020-05-11,7.777859729099312,8.081702140340006,7.7492189317331155,8.034880638122559,469060000
2020-05-12,8.092662098835039,8.141475876196386,7.763167676564852,7.772880554199219,493060000
2020-05-13,7.887444674634261,8.047833283961996,7.565919763396782,7.750466823577881,625852000
2020-05-14,7.811981520060034,8.005494220239203,7.658316935036619,8.000015258789062,602312000
2020-05-15,7.859798329109652,8.468229475653192,7.84410818887275,8.458517074584961,987660000
2020-05-18,8.727243613025756,8.882651547418833,8.647547382576075,8.717032432556152,774460000
2020-05-19,8.756883334611839,9.053004812307378,8.72948756854108,8.772075653076172,717320000
2020-05-20,8.956868560528548,9.00867120384634,8.85500662294641,8.935948371887207,587536000
2020-05-21,9.017138817033219,9.018134473580277,8.704330701490584,8.741937637329102,761068000
2020-05-22,8.791746259843563,9.058480534217885,8.680171933352966,8.991983413696289,1038764000
2020-05-26,9.121986779238386,9.146892438556835,8.639077303190717,8.684653282165527,770780000
2020-05-27,8.59225840000188,8.599978539188397,7.966393195519462,8.492887496948242,1175892000
2020-05-28,8.38031440651218,8.727242743605286,8.347439690975364,8.454781532287598,734896000
2020-05-29,8.522023979073884,8.841805458068848,8.452787853951744,8.841805458068848,745256000
2020-06-01,8.799718404433667,8.807189629886395,8.656513899580409,8.772820472717285,389876000
2020-06-02,8.762858802924514,8.80370257715088,8.625133265614396,8.791748046875,391320000
2020-06-03,8.788763088508057,8.832595747587758,8.66697656717447,8.736212730407715,365440000
2020-06-04,8.698836225871018,8.91336701155603,8.648505048612202,8.737208366394043,424280000
2020-06-05,8.765113570592039,8.966936309509999,8.678902442637584,8.890193939208984,481748000
2020-06-08,8.847585529303746,8.860043569247425,8.656725734021013,8.775577545166016,387736000
2020-06-09,8.77059454872251,9.079309108158784,8.722007525331632,9.015771865844727,468488000
2020-06-10,9.13711386987985,9.468253210298899,9.122910737278414,9.335448265075684,632180000
2020-06-11,9.119421372002767,9.2302995112569,8.75663844926838,8.766854286193848,583652000
2020-06-12,9.131884710415692,9.156551767191573,8.674168804360798,8.902652740478516,570908000
2020-06-15,8.785794364194377,9.151567666376659,8.714532504819088,9.143095970153809,400004000
2020-06-16,9.194178302589004,9.23578876409403,8.80921832621878,9.038200378417969,535716000
2020-06-17,9.083298038139,9.267928380055611,9.039942490508217,9.20513916015625,408304000
2020-06-18,9.196167436092033,9.251482008571207,9.084043174244037,9.1871976852417,254408000
2020-06-19,9.211616224722999,9.413438956839919,9.196416977731053,9.230302810668945,524160000
2020-06-22,9.26892329461873,9.499400359136338,9.242262119774644,9.494915008544922,398468000
2020-06-23,9.51908504087358,9.610279575588297,9.376065168670511,9.41842269897461,375108000
2020-06-24,9.4445852960748,9.524567882424472,9.113943905202312,9.20464038848877,449372000
2020-06-25,9.324487111410805,9.473238411248351,9.15156681443416,9.458288192749023,376072000
2020-06-26,9.468257176021824,9.468257176021824,9.09451018223149,9.124409675598145,592084000
2020-06-29,9.139108650164536,9.17374251463662,8.870259451487689,9.169257164001465,342248000
2020-06-30,9.282879620441916,9.494420194381577,9.235538672534776,9.466015815734863,367892000
2020-07-01,9.488935861413747,9.543752379614716,9.381545975638707,9.498154640197754,326648000
2020-07-02,9.606790803004376,9.704961911915024,9.546243794157816,9.580130577087402,364056000
2020-07-06,9.70919763785932,9.875639423686373,9.680045232466764,9.806371688842773,315892000
2020-07-07,9.913014377468242,10.036350598341052,9.817833500147767,9.838763236999512,357800000
2020-07-08,9.960355494904794,10.190833533205263,9.932200150838643,10.181862831115723,365480000
2020-07-09,10.345564003615122,10.53467966591517,10.199303925315359,10.473883628845215,494548000
2020-07-10,10.55336697172099,10.619644469216341,10.344068660721797,10.444232940673828,497676000
2020-07-13,10.559597316024266,10.756187624161482,9.991501311652467,10.018660545349121,457076000
2020-07-14,10.041333369102032,10.367988370836883,9.752800521431915,10.342324256896973,542676000
2020-07-15,10.37945058300139,10.398137168454314,10.022148051437995,10.193075180053711,403984000
2020-07-16,9.98153456717631,10.172643396239954,9.862433724530087,10.100884437561035,344964000
2020-07-17,10.19133177590211,10.214254686080869,10.054042392101053,10.167411804199219,266284000
2020-07-20,10.239919314607517,10.496060535965746,10.12281162880389,10.475628852844238,284852000
2020-07-21,10.477870511785147,10.524714344075875,10.252376826762578,10.293987274169922,277036000
2020-07-22,10.332855851427313,10.56707022385117,10.257109603158328,10.403867721557617,367292000
2020-07-23,10.415080926468928,10.511756920696598,9.997730378043748,10.095901489257812,411660000
2020-07-24,9.842001448963808,10.330114796666884,9.7443293540735,10.160433769226074,473292000
2020-07-27,10.19805917435,10.406858491880413,10.18360701014886,10.386676788330078,292132000
2020-07-28,10.339585085814322,10.34730874833606,10.175136467650624,10.181365013122559,271636000
2020-07-29,10.356029423457086,10.48110979367714,10.312425803409024,10.430529594421387,284508000
2020-07-30,10.340332414431229,10.587503878305732,10.260848834558969,10.578534126281738,308880000
2020-07-31,10.527952620518944,10.73052434521715,10.398137872090295,10.579280853271484,386080000
2020-08-03,10.696635473408126,11.061661620375814,10.67944305659234,10.973457336425781,412720000
2020-08-04,11.013075655293777,11.190231323242188,10.869556790574324,11.190231323242188,310336000
2020-08-05,11.20642642477082,11.333748968262716,11.128936036183132,11.249032974243164,249924000
2020-08-06,11.31182391232998,11.320046580338172,11.141395787272014,11.297621726989746,244316000
2020-08-07,11.274702166776642,11.466310063368448,11.000621389326387,11.162079811096191,342516000
2020-08-10,11.296379098270961,11.370131247524782,10.820224638056313,11.127694129943848,427796000
2020-08-11,11.036746036376092,11.099536195370392,10.759675109392322,10.81374454498291,354512000
2020-08-12,10.954023383379273,11.428681631902457,10.921631719947081,11.402021408081055,464412000
2020-08-13,11.507417774715831,11.682581223966398,11.317804063272627,11.404762268066406,374460000
2020-08-14,11.491471418090741,11.665637805493732,11.402271013381,11.525358200073242,366436000
2020-08-17,11.81164744884598,12.368281449010436,11.777761618646258,12.295774459838867,621300000
2020-08-18,12.408399510034563,12.454246285161183,12.045865434736124,12.219781875610352,503448000
2020-08-19,12.255411527658788,12.273849086504912,12.057574183040343,12.097939491271973,622624000
2020-08-20,11.934986705835776,12.33364975196691,11.839057786602936,12.100431442260742,921388000
2020-08-21,12.160979177808999,12.765951312859846,12.15450065342275,12.641119956970215,999868000
2020-08-24,12.8407002876966,12.869354640857491,12.465707220741127,12.677746772766113,490564000
2020-08-25,12.588543733917879,12.718607505196225,12.53173404117286,12.707395553588867,289076000
2020-08-26,12.75648215082287,12.825500864865182,12.635388116526201,12.73031997680664,321244000
2020-08-27,12.738791517285438,12.80706314715516,12.524509770273834,12.586053848266602,317604000
2020-08-28,12.632646958673693,13.104066013844308,12.600255290566448,13.103816986083984,537160000
2020-08-31,13.138699399567772,13.529638751359306,12.99418441341534,13.329809188842773,500840000
2020-09-01,13.438975512292684,13.951162079741737,13.395607950206772,13.778938293457031,511316000
2020-09-02,14.65899837990231,14.681929093734013,13.857694577664873,14.302836418151855,874012000
2020-09-03,13.786661755500825,13.842241973479801,12.839553277634595,12.975887298583984,945128000
2020-09-04,12.744841952466354,13.13490178283008,11.669126392300715,12.584083557128906,1463684000
2020-09-08,11.698787339465177,12.511805718247228,11.668629804964997,11.876744270324707,795728000
2020-09-09,12.362264778799862,12.77026963550386,12.194526702146424,12.67630672454834,736200000
2020-09-10,12.949720413162076,13.025489337763984,12.129972375211352,12.274282455444336,698684000
2020-09-11,12.44750274067176,12.613994320712306,11.859547260099818,12.127479553222656,636928000
2020-09-14,13.041190957693448,13.274478080766674,12.592809733807648,12.833075523376465,1201744000
2020-09-15,13.239584697898275,13.258277826160894,12.78871150231095,12.951464653015137,727556000
2020-09-16,12.917817250491455,13.052904841959611,12.475667373665921,12.476414680480957,556384000
2020-09-17,12.095328374077656,12.551436543996568,11.998125242985967,12.425570487976074,792512000
2020-09-18,12.555422945669688,12.594054712024722,11.952264622317736,12.152153968811035,698460000
2020-09-21,11.888708100792234,12.484389539998377,11.868270307160746,12.479155540466309,721044000
2020-09-22,12.536730994685263,12.609508792109303,12.118508237160457,12.599289894104004,646452000
2020-09-23,12.5372289894592,12.688268634970772,12.042490007083687,12.086853981018066,647012000
2020-09-24,12.035510969124187,12.531247296074222,11.977437815005485,12.310420989990234,731240000
2020-09-25,12.409620435413864,12.844293486293763,12.208484591655418,12.834572792053223,588016000
2020-09-28,13.00056385649724,13.012029215529765,12.711197362079012,12.995329856872559,573808000
2020-09-29,12.898127404420933,13.401839758111288,12.893890764359542,13.185500144958496,621460000
2020-09-30,13.11745953391726,13.581044604108897,13.110231764358542,13.489324569702148,689184000
2020-10-01,13.716130321501417,13.720865165944376,13.419784204146744,13.573066711425781,525004000
2020-10-02,13.184754046905367,13.478357223318929,13.011282826082569,13.022499084472656,552496000
2020-10-05,13.195719875702725,13.60272733275789,13.182509848608964,13.600982666015625,479820000
2020-10-06,13.787911060916047,14.098961824596449,13.623413243733525,13.694695472717285,784420000
2020-10-07,13.957146569083967,14.07628307043726,13.821310706094911,13.921504974365234,418084000
2020-10-08,14.032165622756523,14.041637213589913,13.716130905848528,13.796634674072266,378900000
2020-10-09,13.725102840358888,13.782178633228172,13.619176383039175,13.720865249633789,346892000
2020-10-12,13.946926769916578,14.30333889100711,13.87016143335138,14.182706832885742,434744000
2020-10-13,14.252993616274258,14.304835417401629,13.976088839765115,14.204890251159668,344604000
2020-10-14,14.247010177633838,14.299101076743241,13.917516320403053,14.05235481262207,276100000
2020-10-15,13.768719851769514,13.96312610542931,13.725850492780184,13.927485466003418,267224000
2020-10-16,13.994031129475207,14.07852338069987,13.750524170509511,13.769466400146484,242392000
2020-10-19,13.860688970694914,13.940943635695207,13.365949052902085,13.456672668457031,298068000
2020-10-20,13.542159898239708,13.757752181542894,13.465892779113565,13.603971481323242,229212000
2020-10-21,13.583534319654134,13.749527692706033,13.436483176144433,13.483589172363281,219596000
2020-10-22,13.481346730049394,13.570324725736768,13.191481073617357,13.320338249206543,290480000
2020-10-23,13.409065794613781,13.551880288502582,13.250799356069994,13.54888916015625,233484000
2020-10-26,13.386139072977405,13.651080275581299,12.998821141070835,13.101258277893066,336896000
2020-10-27,13.265504460887724,13.401091191687938,13.15135288296143,13.355978965759277,250520000
2020-10-28,13.157835891412729,13.219647487260938,12.570628583171047,12.588573455810547,376520000
2020-10-29,12.799427013024179,13.152598834137944,12.711196333303896,12.984362602233887,320080000
2020-10-30,12.810895580224361,12.897131562141652,12.262569136377055,12.495857238769531,416820000
2020-11-02,12.619230551853802,12.797685727065359,12.357280469603012,12.542465209960938,299652000
2020-11-03,12.669825930824572,13.065118953441976,12.564397661152224,12.979879379272461,272900000
2020-11-04,13.348499763229675,13.785416494085624,13.296408876819303,13.752266883850098,410228000
2020-11-05,14.119399090161183,14.295361309495657,13.948420817451831,14.11690616607666,319028000
2020-11-06,14.066808904462587,14.54435123168051,13.852713125346142,14.517683029174805,383348000
2020-11-09,14.508211652284979,14.646788567995294,13.569328138122051,13.589266777038574,582976000
2020-11-10,13.565090756109772,13.565090756109772,12.589818331459508,12.7311372756958,644068000
2020-11-11,13.014024118289205,13.394114256759353,12.908844961353317,13.377165794372559,404744000
2020-11-12,13.437981606005257,13.724107928158606,13.275477531353394,13.415799140930176,365812000
2020-11-13,13.585778371152378,13.627152166884994,13.019507106004282,13.2565336227417,346312000
2020-11-16,13.132410801829966,13.607959347793312,13.115961496704895,13.47411823272705,413776000
2020-11-17,13.51125271575515,13.55486937240377,13.26326005300574,13.381399154663086,312028000
2020-11-18,13.424270172885084,13.564342646765963,13.144873482628464,13.3878812789917,510924000
2020-11-19,13.172541575530255,13.44645521673334,13.060134641527293,13.399349212646484,565936000
2020-11-20,13.413054668904675,13.453431099655287,13.02523765866418,13.047919273376465,341088000
2020-11-23,13.131164811610757,13.34177124445545,12.975888549093485,13.10000991821289,361356000
2020-11-24,13.102502273394565,13.12194270686261,12.845786248557692,12.918314933776855,346500000
2020-11-25,12.992838294487676,13.229116542601327,12.980376526049833,13.194472312927246,259916000
2020-11-27,13.334298160401824,13.366699524951715,13.130420282356939,13.220893859863281,167276000
2020-11-30,13.224631860632945,13.371683021841918,12.932772409512914,13.360715866088867,286952000
2020-12-01,13.451188755774265,13.487577650555359,13.187991311158573,13.349249839782715,296948000
2020-12-02,13.30986985261737,13.631886804695778,13.193973604108402,13.503279685974121,283360000
2020-12-03,13.550149946445117,13.62245088481355,13.292361370106766,13.359176635742188,199520000
2020-12-04,13.411532721541958,13.522726970662992,13.351947356745299,13.520981788635254,202244000
2020-12-07,13.56386361302514,13.69350639302831,13.462892225669556,13.569348335266113,223244000
2020-12-08,13.547657637897526,13.561369918030191,13.244991722634671,13.31330394744873,271920000
2020-12-09,13.263939141754832,13.377126792285601,12.832877299434081,12.8952054977417,401300000
2020-12-10,12.833625416569115,13.032826279491063,12.814178288836267,12.936591148376465,207764000
2020-12-11,12.931605898725499,12.984211487021058,12.78775249231432,12.977479934692383,209264000
2020-12-14,13.05202320769895,13.351946267194858,13.041552116386985,13.27216625213623,270156000
2020-12-15,13.402806834534603,13.426990207111126,13.150502967637742,13.323775291442871,193016000
2020-12-16,13.385603115420373,13.400313049100214,13.176180337490917,13.206098556518555,223116000
2020-12-17,13.330008033914774,13.342723611361109,13.14227589521306,13.30457878112793,231384000
2020-12-18,13.342224695953595,13.368153252272544,13.034573335471071,13.235519409179688,342064000
2020-12-21,13.038809967226198,13.333248320749014,12.931854563865725,13.295601844787598,302332000
2020-12-22,13.282638382275874,13.300588554199457,13.018117291464907,13.241750717163086,185580000
2020-12-23,13.219560399552407,13.238508224072032,12.969250916494191,12.973488807678223,179144000
2020-12-24,13.001412025804129,13.096400326484508,12.903183488228189,12.95803165435791,97884000
2020-12-28,13.02659283483765,13.02659283483765,12.728165785336067,12.86453914642334,212564000
2020-12-29,12.88947067539617,13.03656525089011,12.806947827204214,12.907670021057129,170372000
2020-12-30,12.954541407319397,13.177427290787712,12.86129923874275,13.109614372253418,225396000
2020-12-31,13.100392438227601,13.114852247724388,12.879500873262884,13.019116401672363,192424000
2021-01-04,13.068229351372885,13.614972534629288,12.926868655114351,13.07745361328125,560640000
2021-01-05,13.063740838543046,13.406545935001123,13.051026213036597,13.367902755737305,322760000
2021-01-06,13.186154937221913,13.208593129131398,12.551405089053157,12.579826354980469,580424000
2021-01-07,12.93185444159313,13.340977401109173,12.851077719708668,13.307319641113281,461480000
2021-01-08,13.325770230121712,13.384108767241065,13.006150826604271,13.240255355834961,292528000
2021-01-11,13.381863034223812,13.922623075761006,13.325768040159632,13.58405590057373,518344000
2021-01-12,13.714695193245172,13.716690501917393,13.308316058932354,13.447681427001953,291476000
2021-01-13,13.452917423562095,13.58754655344523,13.348206512132624,13.494552612304688,210028000
2021-01-14,13.53768624146409,13.562367967731841,13.144270823265234,13.163966178894043,283120000
2021-01-15,13.191634899821324,13.288617536883308,12.813178737499326,12.824148178100586,277780000
2021-01-19,12.980470603146165,13.058007089454371,12.808694289194596,12.989446640014648,226188000
2021-01-20,13.075705681976212,13.393579824304613,13.02085752271587,13.329008102416992,258572000
2021-01-21,13.38161577620076,13.960769900780255,13.21657100711801,13.829381942749023,337780000
2021-01-22,13.702232110393947,13.803702799106055,13.589791977354604,13.67480754852295,246820000
2021-01-25,13.743864634922105,13.790486190835097,13.200113550866883,13.615717887878418,251112000
2021-01-26,13.543170311270954,13.607243696761891,13.350700978936148,13.398320198059082,163980000
2021-01-27,13.193634056363793,13.196376893038126,12.75858344917115,12.882243156433105,371272000
2021-01-28,12.960524380947978,13.303080260716598,12.924872267137651,13.01512336730957,228316000
2021-01-29,13.039061832117106,13.298098247822402,12.876011396011002,12.954046249389648,271552000
2021-02-01,13.0173689240045,13.23427078347325,12.867282328759186,13.200613975524902,217204000
2021-02-02,13.361918849416156,13.534691854028042,13.248979428814112,13.519484519958496,220440000
2021-02-03,13.598516379702051,13.893454023984043,13.479345658396507,13.493307113647461,245408000
2021-02-04,13.493806898674553,13.63591512674711,13.30108838994131,13.626690864562988,201340000
2021-02-05,13.68727472567614,13.699491001067766,13.5085167116583,13.553642272949219,169152000
2021-02-08,13.689515891627082,14.433963887267076,13.689515891627082,14.399060249328613,434624000
2021-02-09,14.301331166039105,14.543164907992347,14.183406307616304,14.224044799804688,287560000
2021-02-10,14.42349486440317,14.864030195216568,14.30207964171064,14.72366714477539,485352000
2021-02-11,14.939072297561736,15.23026945856,14.883974002663003,15.20882797241211,450828000
2021-02-12,15.008630938614067,15.24921783167627,14.734386284539758,14.920125007629395,374756000
2021-02-16,15.022841169340257,15.330244273460584,14.908905038750897,15.28810977935791,321960000
2021-02-17,15.12929646180481,15.181652869069381,14.739371474363644,14.865025520324707,274756000
2021-02-18,14.688510183180234,14.832363557343092,14.534933246488427,14.788235664367676,233868000
2021-02-19,14.983200582071147,15.135281542586627,14.805939546070965,14.885470390319824,271724000
2021-02-22,14.734136872236576,15.091651905517747,14.285623199863032,14.316288948059082,325884000
2021-02-23,14.036561382315485,14.199612757588943,13.352696278721247,14.103128433227539,391780000
2021-02-24,14.083930445946981,14.466874752951664,13.718187832909049,14.459145545959473,448320000
2021-02-25,14.006890071298857,14.335235329433283,13.179920216208293,13.270918846130371,824436000
2021-02-26,13.714695425361032,13.8164152740976,13.324272096448965,13.676800727844238,500932000
2021-03-01,13.836858901331096,13.886721646141039,13.515993674429316,13.80370044708252,353184000
2021-03-02,13.861792465404875,13.882236299326422,13.359178107453289,13.369400024414062,264116000
2021-03-03,13.38934384192077,13.41452391633515,12.763568206502914,12.769552230834961,377592000
2021-03-04,12.765562178598472,12.93933378902407,12.050533110953955,12.3362455368042,573344000
2021-03-05,12.515499967126583,12.515499967126583,11.647143251752237,12.42724323272705,542840000
2021-03-08,12.415778809895029,12.436970172305145,11.534707165074408,11.561384201049805,543112000
2021-03-09,12.101079390427419,12.58640925168187,12.030250030888059,12.490141868591309,521824000
2021-03-10,12.809624121831169,12.948788350784676,12.427545646861628,12.43826961517334,384376000
2021-03-11,12.91886108212724,13.014880178411804,12.703879381185656,12.96225643157959,299916000
2021-03-12,12.617835826632309,12.85775797283578,12.559726418908703,12.82508659362793,243964000
2021-03-15,12.833813930624292,13.174991527812224,12.736548541957104,13.159528732299805,221988000
2021-03-16,13.324383242411827,13.48000826893051,13.085209825652294,13.25929069519043,272128000
2021-03-17,13.008394442841102,13.420899964632993,12.958265221766766,13.30916976928711,243864000
2021-03-18,13.104912906401868,13.152298347489506,12.686421267581059,12.69190788269043,293896000
2021-03-19,12.719342626753512,12.89043046052544,12.582173435760843,12.814862251281738,299208000
2021-03-22,12.88170107346451,13.36229222405252,12.875714983128155,13.154542922973633,297804000
2021-03-23,13.222379048396682,13.312412052854992,12.989939506760008,13.039320945739746,222048000
2021-03-24,13.119627514303462,13.12760865112876,12.606364971908212,12.61259937286377,245840000
2021-03-25,12.469444406077091,12.684176838550286,12.24249148281004,12.505107879638672,295144000
2021-03-26,12.524312903240872,12.825337541765567,12.343748353056053,12.808378219604492,363968000
2021-03-29,12.789423678283432,13.031091637362689,12.66946306671944,12.917116165161133,273520000
2021-03-30,12.811120995907123,12.944050827838632,12.674450333195036,12.840799331665039,200204000
2021-03-31,12.98420332881414,13.43810917129634,12.9512826873844,13.316153526306152,314776000
2021-04-01,13.539614559484464,13.836648110919834,13.47876041797206,13.778538703918457,308276000
2021-04-05,13.834153724268559,13.98030107669591,13.699976648298353,13.953865051269531,255672000
2021-04-06,13.966086787615374,14.020455365723707,13.74038112554351,13.828168869018555,191744000
2021-04-07,13.847371587915674,14.209249360422294,13.678529036394863,14.109490394592285,251284000
2021-04-08,14.218480102035985,14.436704124469879,14.214738319634023,14.282575607299805,244416000
2021-04-09,14.179821934797358,14.373355701924647,14.140916152427023,14.365374565124512,195172000
2021-04-12,14.255389020431952,15.315583398824293,14.105250615328751,15.172428131103516,869324000
2021-04-13,15.194877141066913,15.66225081934004,15.089381322041731,15.641799926757812,676212000
2021-04-14,15.58742960589037,15.682699968030521,15.19088535866127,15.240266799926758,385500000
2021-04-15,15.62483699906746,16.175260396689723,15.593911407308882,16.098445892333984,598480000
2021-04-16,16.014399292378307,16.126879184276163,15.82710088322032,15.874238014221191,335208000
2021-04-19,15.499141107404187,15.769489372927668,15.196370724579516,15.324810981750488,404420000
2021-04-20,15.286404377411316,15.459736511655237,14.927021094143807,15.134770393371582,334132000
2021-04-21,15.082395125198843,15.325559575615895,15.065935280538172,15.323564529418945,216776000
2021-04-22,15.338029776421406,15.401377489777921,14.747951796422132,14.814541816711426,277788000
2021-04-23,14.8983398121262,15.298126350819684,14.864422122239874,15.228544235229492,227500000
2021-04-26,15.148487801646603,15.441780545863962,15.088631654162862,15.44078254699707,197796000
2021-04-27,15.541038414691972,15.632817191315281,15.317577086886569,15.344761848449707,164572000
2021-04-28,15.327556377766147,15.494903383584008,15.17891447818189,15.24001693725586,209416000
2021-04-29,15.362970613895573,15.399382827510305,15.035260691362996,15.287901878356934,173196000
2021-04-30,15.138013828422483,15.328055084208673,14.960939898866016,14.973409652709961,201912000
2021-05-03,15.088630880297941,15.210088002136116,14.751942803190856,14.801074028015137,203912000
2021-05-04,14.602054504104792,14.602303765977911,13.976562277710713,14.316741943359375,405324000
2021-05-05,14.673631097274995,14.777880590434663,14.352904335404277,14.423733711242676,292024000
2021-05-06,14.460395780964397,14.536213251343705,14.183813093414063,14.488079071044922,193380000
2021-05-07,14.772642216658582,14.93475089512991,14.636470089527306,14.776632308959961,229328000
2021-05-10,14.751691893065372,14.77039699677237,14.215734207391902,14.231446266174316,268904000
2021-05-11,13.791759773433274,14.320235943558982,13.716940289403707,14.271852493286133,285584000
2021-05-12,13.97581110567399,14.225958671101957,13.676284010679682,13.725415229797363,303408000
2021-05-13,14.00000367438786,14.04689153989146,13.426635785921249,13.632390022277832,285404000
2021-05-14,13.856599875214851,14.293546368339516,13.715439660069972,14.20875072479248,258616000
2021-05-17,14.12295954801123,14.135180040011685,13.82019008010869,14.131439208984375,216980000
2021-05-18,14.232694152038103,14.369614071089012,13.970326067682649,13.982048034667969,186256000
2021-05-19,13.533877212439926,14.045644121126033,13.510683493175241,14.031927108764648,344000000
2021-05-20,14.268107087291897,14.648440690293638,14.236184447486208,14.577362060546875,321592000
2021-05-21,15.127286253137711,15.185396608759051,14.833744284334905,14.955699920654297,672992000
2021-05-24,15.175919817856029,15.707139640900262,15.139507608167111,15.57446002960205,554816000
2021-05-25,15.728088225317293,15.780461753336073,15.445270222634818,15.610122680664062,435408000
2021-05-26,15.69641555915,15.75577222693224,15.548771675251006,15.662247657775879,370440000
2021-05-27,15.661999810410894,15.712129037283383,15.42282638195373,15.450758934020996,581476000
2021-05-28,15.463723946253047,16.238356385304378,15.463723946253047,16.205434799194336,644536000
2021-06-01,16.230878954641575,16.348844513875818,15.86501009604781,16.225391387939453,472804000
2021-06-02,16.2131712272355,16.878068682105397,16.196461168659535,16.737905502319336,594168000
2021-06-03,16.66059325231189,17.217501361578147,16.543126215762054,16.928945541381836,580008000
2021-06-04,17.07134857602017,17.61852965145424,17.054391161027514,17.535980224609375,617120000
2021-06-07,17.529001604400246,17.769670615907238,17.151411706464682,17.576635360717773,575756000
2021-06-08,17.485110184897593,17.579133309189125,17.2095235251096,17.415029525756836,323848000
2021-06-09,17.47763694033858,17.53675789164765,17.218202467067403,17.320478439331055,381656000
2021-06-10,17.31224549372214,17.453936689122045,17.13862434378659,17.387081146240234,287772000
2021-06-11,17.441468071432727,17.900218878027967,17.405796419322247,17.786466598510742,416308000
2021-06-14,17.86703801249019,18.000246673784147,17.62431741298164,17.979541778564453,321376000
2021-06-15,17.876025599967903,17.977055019123444,17.689432157257347,17.749799728393555,243032000
2021-06-16,17.752037516457413,17.915680208021012,17.54623517817857,17.771493911743164,307124000
2021-06-17,17.735822828314493,18.794014388089117,17.71761302727975,18.61665153503418,809656000
2021-06-18,18.743130315586548,19.332844026543803,18.543564712742768,18.598196029663086,968856000
2021-06-21,18.395135639529343,18.49616692597896,17.783969153847508,18.38715362548828,672384000
2021-06-22,18.4313082043333,18.922487557643105,18.345993528433798,18.845653533935547,580144000
2021-06-23,18.966391501844345,19.11107646002805,18.86660870643495,19.015783309936523,332356000
2021-06-24,19.18591235253873,19.37774332776041,19.046714327887074,19.16370964050293,320924000
2021-06-25,19.23854513411133,19.303404223942387,18.853385408046595,18.989587783813477,278364000
2021-06-28,19.31911966222412,20.03505906064387,19.276961918357816,19.941513061523438,495436000
2021-06-29,19.8392344895817,20.05501338705074,19.61422508105023,19.983171463012695,367632000
2021-06-30,19.95573369553224,20.118628446569623,19.82052857801329,19.95897674560547,326568000
2021-07-01,20.08120776067814,20.411486876492948,19.975437519629107,20.168018341064453,480136000
2021-07-02,20.395771664916364,20.460630755436554,20.243603358233322,20.442419052124023,342764000
2021-07-06,20.692376153982607,20.796648587919076,20.305969782840734,20.653461456298828,446708000
2021-07-07,20.80812339320522,20.829576244042507,20.28775853652261,20.327421188354492,418428000
2021-07-08,19.81329110301645,20.089188211447464,19.657879754896147,19.859439849853516,503300000
2021-07-09,19.91906376493343,20.036557723430114,19.711266844701097,20.006622314453125,296624000
2021-07-12,20.19595885016762,20.48807125144117,20.14382263411727,20.467866897583008,321984000
2021-07-13,20.356106370870194,20.416725133655646,20.070230790182702,20.205934524536133,290708000
2021-07-14,20.313453800297573,20.37332271425502,19.709770667963955,19.79832649230957,380100000
2021-07-15,19.76864135557301,19.803814364622088,18.817464681338382,18.92498016357422,550564000
2021-07-16,18.989094017529073,19.11531795776624,18.03367688079164,18.121484756469727,688224000
2021-07-19,17.876268814899845,19.000566149725685,17.826625787445177,18.738887786865234,749060000
2021-07-20,18.689244046846238,18.797008846585275,18.124475648348096,18.571500778198242,434687000
2021-07-21,18.840916284602333,19.48451334253563,18.701221507326366,19.367767333984375,371017000
2021-07-22,19.59926270153558,19.84372855934598,19.234057925706562,19.551366806030273,323826000
2021-07-23,19.61323396862327,19.657138860708752,19.208117178376295,19.51544761657715,195672000
2021-07-26,19.26897736369216,19.399690903695486,18.87284002793827,19.25201416015625,203943000
2021-07-27,19.223077718380413,19.579301217433812,18.70021780298516,19.166202545166016,248863000
2021-07-28,19.276965899598764,19.60325407695573,18.953671453666907,19.4605655670166,202191000
2021-07-29,19.476532208719433,19.809807072891118,19.285947776819526,19.61922264099121,190781000
2021-07-30,19.375744653053818,19.587283223031676,19.221083159467003,19.45656967163086,183497000
2021-08-02,19.65713508536522,19.917566849820094,19.318872022761557,19.7070255279541,217444000
2021-08-03,19.697049250153903,20.178000859139566,19.178180215430835,19.771886825561523,301811000
2021-08-04,19.946500792603732,20.273788072592087,19.784852655892557,20.229883193969727,231309000
2021-08-05,20.455395286629585,20.687888118052285,20.29773812531201,20.59209632873535,211435000
2021-08-06,20.47934102800234,20.525240462439864,20.16602319439342,20.321683883666992,178497000
2021-08-09,20.401507815113106,20.463373174637802,20.09916765795031,20.250837326049805,146443000
2021-08-10,20.277781775220678,20.385546579623433,19.791840024636087,19.892621994018555,179238000
2021-08-11,19.99938301729079,20.005370478157207,19.38771802271497,19.656131744384766,185925000
2021-08-12,19.826763020027222,19.985415523113826,19.577307028801506,19.86168670654297,151652000
2021-08-13,19.861688332999737,20.170015978629,19.80780498184974,20.144071578979492,183063000
2021-08-16,20.091188339703365,20.242858028146486,19.410671196851336,19.906591415405273,210876000
2021-08-17,19.642166205524603,19.726982240794342,19.225076476781545,19.415660858154297,204585000
2021-08-18,19.45757151254743,19.591280729189958,18.95865942248211,18.998573303222656,285913000
2021-08-19,19.45158159437132,20.450404827675342,18.721174036528456,19.754920959472656,766555000
2021-08-20,19.947504207332017,20.819603167532374,19.889631739517363,20.770709991455078,675741000
2021-08-23,20.925367408903398,21.949133886284063,20.90441319662244,21.910219192504883,575807000
2021-08-24,21.705668697425946,21.91121984527033,21.488142624605064,21.745580673217773,297299000
2021-08-25,21.689699269925534,22.421104046091774,21.674732519315285,22.164663314819336,347701000
2021-08-26,22.15169220642163,22.291386948854083,21.742584543699625,22.01997947692871,237940000
2021-08-27,22.135728184168347,22.67255761615726,22.118764977811992,22.58674430847168,304722000
2021-08-30,22.780323034013886,22.992858902417474,22.50193079339526,22.63863182067871,262580000
2021-08-31,22.649606551136554,22.649606551136554,22.07575777292062,22.340227127075195,259850000
2021-09-01,22.440028877684753,22.65160475476191,22.31228462866073,22.396116256713867,201767000
2021-09-02,22.472963473317794,22.547814234143726,22.25040990145663,22.351207733154297,187834000
2021-09-03,22.280348192688443,22.940025416133064,22.155598207071,22.797311782836914,280532000
2021-09-07,22.78733385604332,22.853201839870717,22.476955038166476,22.616676330566406,198107000
2021-09-08,22.467974756413398,22.56478087939906,21.93304554697287,22.294322967529297,254434000
2021-09-09,22.26737487326851,22.49292269156831,22.08673712828477,22.132644653320312,196856000
2021-09-10,22.303299576171067,22.580743404618428,22.22545647336269,22.433040618896484,248376000
2021-09-13,22.638632124604968,22.91807281122728,21.814283907426397,22.107696533203125,297500000
2021-09-14,22.230450436849587,22.365180670228554,22.041829252239435,22.19751739501953,199755000
2021-09-15,22.26438246471781,22.32226702933247,21.922068046643588,22.29631805419922,166538000
2021-09-16,22.13863537762579,22.23244724402141,21.883146850468606,22.19751739501953,156033000
2021-09-17,22.255396935153808,22.27635484161504,21.78633766897364,21.856197357177734,294503000
2021-09-20,21.103710938413382,21.390137634350292,20.620679615251635,21.070777893066406,349440000
2021-09-21,21.374163983004916,21.382147403645494,20.908098967153816,21.203506469726562,204688000
2021-09-22,21.32327057775638,21.916082533958143,21.153610474925514,21.89712142944336,268726000
2021-09-23,22.095717674072194,22.489928100290907,21.846217693457888,22.437034606933594,248555000
2021-09-24,22.025858944313566,22.104701413701314,21.817277316905088,22.036836624145508,217655000
2021-09-27,21.666579384536945,21.755402086260048,21.282351054358035,21.616680145263672,245215000
2021-09-28,21.171573627077777,21.37616355989033,20.60969797306215,20.657602310180664,343069000
2021-09-29,20.89812176717991,20.974967436696247,20.426066262159164,20.475967407226562,218394000
2021-09-30,20.72646422339066,21.023868566643813,20.646624297322308,20.67456817626953,221009000
2021-10-01,20.708499168075278,20.817280417519896,20.162592306766307,20.700515747070312,240978000
2021-10-04,20.46299270561288,20.500916814054722,19.515891253465572,19.692537307739258,345635000
2021-10-05,19.91010341838359,20.606707465659422,19.814294735554135,20.41010093688965,279282000
2021-10-06,20.07976366290771,20.678562224335398,20.03984274359429,20.65860366821289,297202000
2021-10-07,21.04981646842357,21.27935793051305,20.93005752636599,21.032852172851562,256919000
2021-10-08,21.058797612232954,21.16358715428881,20.733449402440005,20.789337158203125,151258000
2021-10-11,20.533849396085518,21.020872328180136,20.469976319125266,20.653608322143555,163388000
2021-10-12,20.786347179519982,21.01488931555892,20.48694788241498,20.629661560058594,162134000
2021-10-13,20.876167331431958,20.948023847947805,20.671577367761216,20.897125244140625,180652000
2021-10-14,21.245424730235115,21.711489799763136,21.079756359893576,21.7025089263916,243589000
2021-10-15,21.76638130893241,21.887139608488418,21.61867848423863,21.81827735900879,226994000
2021-10-18,21.705499665955237,22.246415411388046,21.600708233184648,22.177553176879883,189494000
2021-10-19,22.23144851974982,22.33424316603566,21.992928087947277,22.24542236328125,161473000
2021-10-20,22.260389680936733,22.38813393623857,21.93803573565235,22.058794021606445,146276000
2021-10-21,22.052806653024465,22.665578987578353,22.038834713601,22.646615982055664,187590000
2021-10-22,22.77735766653415,23.083742924598237,22.515882491930803,22.680551528930664,249384000
2021-10-25,22.92705605520144,23.30829206600936,22.724462916512785,23.119670867919922,230235000
2021-10-26,23.941023526757064,25.208484047502996,23.87615299049718,24.667566299438477,485898000
2021-10-27,24.425052417274276,25.039819627754433,24.23343508120034,24.402097702026367,245990000
2021-10-28,24.828247177362808,24.900103688342274,24.47395759256533,24.89112091064453,234204000
2021-10-29,24.950995478481122,25.65757960533871,24.94999802677778,25.5158634185791,292503000
2021-11-01,25.597703250995217,25.84221219536564,25.176546349928994,25.775346755981445,265740000
2021-11-02,25.770359214997143,26.624646299849378,25.74840194873949,26.34819984436035,294112000
2021-11-03,26.616658209529835,26.730430521344747,26.182528772964595,26.544801712036133,239910000
2021-11-04,27.174541418674576,31.302268996700604,27.063763360503756,29.741397857666016,1153631000
2021-11-05,30.126626726954036,31.337200090334967,29.351180288906395,29.69249725341797,851260000
2021-11-08,30.08870279475301,31.03780102773412,29.847186211043937,30.742393493652344,503101000
2021-11-09,32.21743386511105,32.245377740138764,29.904069333695368,30.59568214416504,646746000
2021-11-10,29.297288898468018,30.788300380706787,28.72044387817383,29.400081634521484,636206000
2021-11-11,30.407068663994348,30.528824422142886,29.717450582770404,30.3292236328125,332172000
2021-11-12,29.94998441732581,30.61864458698814,29.570743298304915,30.3292236328125,413054000
2021-11-15,30.490898945279636,30.582714009858144,29.188508516860704,29.96495246887207,384909000
2021-11-16,29.699483039745203,30.329219659551242,29.646587638275633,30.142593383789062,264484000
2021-11-17,30.357162043693286,30.447981547626284,28.74239807841578,29.202476501464844,428508000
2021-11-18,32.30226783384212,32.6944795952981,31.258358361821458,31.611650466918945,781711000
2021-11-19,32.17850895917253,33.021820044529704,31.84118566714984,32.91902542114258,533867000
2021-11-22,33.449964882586336,34.577705968394476,31.83620017907103,31.892087936401367,754335000
2021-11-23,31.471928131145,32.29527884765058,30.818237481527007,31.682506561279297,532163000
2021-11-24,31.398080594044345,32.789291790947665,30.86614561342591,32.6086540222168,435162000
2021-11-26,32.53480299709784,32.644583621480066,31.287304727322027,31.439998626708984,283069000
2021-11-29,32.30127517888127,33.34518099885783,31.971933289782967,33.30925369262695,454964000
2021-11-30,33.102659303581106,33.28629321448128,31.800270958309547,32.61064529418945,622066000
2021-12-01,33.15662516153625,33.22649341521758,31.32107571883393,31.375972747802734,484368000
2021-12-02,31.155387614153444,32.41701403682196,30.96674143360622,32.065673828125,472890000
2021-12-03,31.939911404270404,32.068670786513344,30.07342199392584,30.635366439819336,544325000
2021-12-06,29.823887970339566,30.184210114917633,27.985347978050683,29.980594635009766,658938000
2021-12-07,30.8988671987533,32.388065980483816,30.593440169959802,32.36610412597656,593053000
2021-12-08,31.93891081636006,32.229364723806796,31.36199520064279,31.7662353515625,475551000
2021-12-09,31.6744104366792,32.14452858589128,30.37086303414785,30.43274688720703,488507000
2021-12-10,31.091506489093447,31.246216117140634,29.804927400904397,30.141294479370117,488825000
2021-12-13,30.192202518974877,30.237118099396156,28.063206291526964,28.108121871948242,598344000
2021-12-14,27.64698250111509,28.624144094719565,27.198826287635338,28.283784866333008,667035000
2021-12-15,28.346672107086977,30.44272925630748,27.78572711681189,30.401805877685547,698297000
2021-12-16,31.09350158478168,31.101485983221526,28.040245918442288,28.33369255065918,707366000
2021-12-17,27.93244712698208,28.867687793733282,27.707869277352547,27.74879264831543,713758000
2021-12-20,27.25372806025843,28.09115141620582,27.094028654204006,27.666950225830078,461847000
2021-12-21,28.320719052629702,29.065318482209555,27.349544702087133,29.020402908325195,524385000
2021-12-22,28.83675022926519,29.49950295143825,28.39557886127162,29.34479331970215,395184000
2021-12-23,29.699126787134812,30.002556804799386,29.37573577128213,29.58434295654297,343022000
2021-12-27,29.60430539650839,31.02862587436844,29.5843424948647,30.886892318725586,403686000
2021-12-28,31.253205067033612,31.27117091775834,29.95564496237045,30.265064239501953,420591000
2021-12-29,30.216156432483913,30.490639678133004,29.31085803394105,29.944665908813477,343139000
2021-12-30,29.770987936735178,30.3998059341898,29.484528139104537,29.530441284179688,308864000
2021-12-31,29.618276726205597,29.973609113306747,29.275920414532827,29.355770111083984,266530000
2022-01-03,29.75901272897904,30.653330092823726,29.72906837882745,30.064437866210938,391547000
2022-01-04,30.22014674983897,30.410788077798994,28.295767620650075,29.235000610351562,527154000
2022-01-05,28.894641692408015,29.360765763162373,27.48130206247619,27.552167892456055,498064000
2022-01-06,27.588095999920164,28.38459782174444,27.0141768979601,28.125085830688477,454186000
2022-01-07,28.088155388661864,28.368627842086806,27.006189469893535,27.195833206176758,409939000
2022-01-10,26.53108838442594,27.417421479287018,25.59584750980555,27.34855079650879,594681000
2022-01-11,27.271698555232955,28.012305961994393,26.788608055202754,27.7647705078125,404089000
2022-01-12,28.014289947223144,28.54129824771684,27.556152309239422,27.94641876220703,383413000
2022-01-13,28.325704127077852,28.426514282181486,26.44823611542538,26.52509307861328,540171000
2022-01-14,26.250616103881455,27.145933083886067,26.16078494329548,26.89141082763672,395832000
2022-01-18,26.210686707549606,26.58797712217777,25.721607104518082,25.85435676574707,424270000
2022-01-19,26.03002865451013,26.49315614018337,25.00495675510724,25.019927978515625,488315000
2022-01-20,25.256482739354098,25.530965939014035,24.032783295530688,24.10464859008789,435181000
2022-01-21,23.462860233448094,24.776389129065937,23.219318916738636,23.330110549926758,718958000
2022-01-24,22.288070327962895,23.336097955364192,20.848778570710763,23.328113555908203,913982000
2022-01-25,22.503664876174312,22.899920692891655,21.958690573174344,22.282081604003906,664616000
2022-01-26,23.196364012495675,24.0118294380018,22.258128436992838,22.7292423248291,755959000
2022-01-27,23.523742843058645,23.949941032665212,21.634296122293797,21.90279197692871,573353000
2022-01-28,21.970665297939476,22.815077360782375,21.256010188975853,22.79711151123047,543774000
2022-01-31,23.138469245849574,24.462979042497025,23.008714190792233,24.440021514892578,564680000
2022-02-01,25.056862343622143,25.09778572349941,23.845141169237973,24.591737747192383,518925000
2022-02-02,25.745568455152707,25.768524081193792,24.506897494908547,25.194604873657227,543419000
2022-02-03,24.412074893833932,25.029912066996005,23.735348490953484,23.903032302856445,410178000
2022-02-04,23.926984090983428,24.588739177218162,23.58762241066988,24.273332595825195,354829000
2022-02-07,24.326235718859127,25.134714224947395,24.156554856715452,24.681568145751953,376868000
2022-02-08,24.31326167407025,25.18262653375046,23.93497359128838,25.060855865478516,410359000
2022-02-09,25.573889103296132,26.674818630890872,25.305395105362106,26.654855728149414,524282000
2022-02-10,25.946187300267976,26.874439342581965,25.55192857628441,25.7755069732666,513200000
2022-02-11,25.867337326872903,26.10289424544427,23.728361635023283,23.904029846191406,605472000
2022-02-14,23.889060617701414,24.828293744734395,23.710395862087726,24.221435546875,440424000
2022-02-15,24.902152940565774,26.495156818881654,24.73746374922691,26.44525146484375,699869000
2022-02-16,26.209692177134915,26.532085608817162,25.50401903586401,26.461217880249023,732676000
2022-02-17,25.581869827185127,25.736579445551385,24.11962263116749,24.460979461669922,810595000
2022-02-18,24.621679168224247,24.939082838737185,23.0566245770059,23.597606658935547,761255000
2022-02-22,22.991747808409354,24.01881501983619,22.956813679025263,23.346080780029297,633422000
2022-02-23,23.757300959065653,24.10963868059084,22.259120317913606,22.34495735168457,566511000
2022-02-24,20.97554096040236,23.755311603787767,20.850775664366147,23.70340919494629,735801000
2022-02-25,23.676460671744685,24.171527737456387,23.33709892420911,24.11164093017578,528866000
2022-02-28,23.946945075721686,24.618681558103127,23.6624804405256,24.33920669555664,477319000
2022-03-01,24.24538730545337,24.331226258379807,23.088563252009074,23.43291473388672,412056000
2022-03-02,23.715430170569824,24.367314859416226,23.375012924275463,24.17863655090332,389642000
2022-03-03,24.22056647728967,24.284458264860728,23.428921428845516,23.673503875732422,365095000
2022-03-04,23.3440663877971,23.639560416986598,22.443606365785563,22.896831512451172,431415000
2022-03-07,22.778034872590876,22.99366751768787,21.293574708172034,21.315536499023438,450821000
2022-03-08,21.27261263240515,22.334794916725333,20.614737548911382,21.477262496948242,557467000
2022-03-09,22.348767083138828,23.180344686020035,22.209006781508812,22.97469711303711,492742000
2022-03-10,22.492522642258592,22.749083717994683,21.844630809621485,22.619306564331055,428066000
2022-03-11,22.982682144764425,23.1054731808181,22.00834913546275,22.062257766723633,367209000
2022-03-14,21.831652454533078,22.223980954066924,21.122865878879807,21.2935733795166,385354000
2022-03-15,21.481250391813667,22.998654935053242,21.285585981092236,22.933765411376953,491996000
2022-03-16,23.459872565193113,24.554999504247192,23.13243352522856,24.454172134399414,671422000
2022-03-17,24.078812339221553,24.799577634273213,23.86517707544355,24.723709106445312,471941000
2022-03-18,24.756647090979516,26.523624673188255,24.581946724415594,26.407821655273438,730719000
2022-03-21,26.46173332477092,27.1056322996586,25.9226545818627,26.688344955444336,591727000
2022-03-22,26.681354978763657,27.19148387841612,26.02747480478171,26.478702545166016,547007000
2022-03-23,26.08138564283165,26.566555790608174,25.53132786261635,25.590227127075195,502120000
2022-03-24,26.121317474462384,28.271638483214783,25.862758984102292,28.1019287109375,877379000
2022-03-25,27.838377575117967,28.309571642559767,27.224428065194378,27.64470863342285,579016000
2022-03-28,27.708598260524226,28.201754079434085,27.159536419177858,28.170806884765625,425494000
2022-03-29,28.64599625005715,28.896567060285996,27.932217127992292,28.60706329345703,488984000
2022-03-30,28.25566142240635,28.447332948581966,27.456028828751474,27.642709732055664,463487000
2022-03-31,27.734554095087923,28.19975787440117,27.223429345785988,27.23940086364746,523440000
2022-04-01,27.32824968844568,27.449043337221056,26.222142099994546,26.6663818359375,517235000
2022-04-04,26.68235376250026,27.510936187528703,26.567550391428444,27.313274383544922,397120000
2022-04-05,27.20745547738951,27.27234500388807,25.775904439568993,25.886714935302734,436615000
2022-04-06,24.891420684040277,25.256794895732096,23.96201077926556,24.365320205688477,703833000
2022-04-07,24.399266069354333,24.679786388510596,23.43791108263458,24.166664123535156,557992000
2022-04-08,23.876156866031682,23.882147137772087,23.022617402591134,23.079519271850586,524781000
2022-04-11,22.176069474387717,22.281887470108128,21.623014596837645,21.879575729370117,575207000
2022-04-12,22.498510428705718,22.686189075289338,21.24565273704345,21.467273712158203,662258000
2022-04-13,21.690893748355325,22.461574693624115,21.4183592594677,22.165081024169922,516943000
2022-04-14,22.46656303783411,22.73809975534644,21.12685597421614,21.22169303894043,569097000
2022-04-18,21.163795480742376,22.050277541011962,21.043001834669003,21.745800018310547,525701000
2022-04-19,21.682907063141688,22.334791782893344,21.27760027107761,22.160091400146484,512781000
2022-04-20,22.47854473175635,22.63128331015036,21.163794522576847,21.4453125,468974000
2022-04-21,21.671925898282147,22.35376006262199,19.965844823683895,20.14853286743164,656209000
2022-04-22,20.26832865634669,20.45101671619488,19.466700418707752,19.481674194335938,624713000
2022-04-25,19.16920802436078,19.91093921882449,19.063390048047005,19.868013381958008,641566000
2022-04-26,19.684324773033044,19.754204917984023,18.63811427810403,18.75591278076172,653143000
2022-04-27,18.56623676478106,19.13426523529515,18.25876412661193,18.3835506439209,499460000
2022-04-28,18.93460792239906,20.00278221585731,18.45842324109603,19.74821662902832,570327000
2022-04-29,19.368866880032883,20.093626894168178,18.485378000301736,18.51532745361328,500435000
2022-05-02,18.509338652446186,19.54057368061249,18.359595182176143,19.499645233154297,572049000
2022-05-03,19.366866825696302,19.791142120871008,19.100322630550238,19.56852149963379,475751000
2022-05-04,19.888980764113196,20.365165545571163,18.718981132294605,20.299278259277344,648855000
2022-05-05,19.833072767192327,19.890972377380162,18.468406678635336,18.811819076538086,626331000
2022-05-06,18.704003108603505,19.47867694269655,17.95927682251405,18.64310646057129,633297000
2022-05-09,18.003203301702413,18.223824660850457,16.798263793381416,16.92105484008789,644455000
2022-05-10,17.658790274672434,18.16692179202985,16.995924681678712,17.564950942993164,761474000
2022-05-11,17.31737521925075,17.722681996660068,16.539706252039686,16.601598739624023,670167000
2022-05-12,16.1913063244958,16.75933501489599,15.540420123780823,16.147380828857422,708728000
2022-05-13,16.759328802187234,17.897381249402734,16.56466213664681,17.67576026916504,670437000
2022-05-16,17.479098565829666,17.757621413958393,17.076786938936518,17.234516143798828,521446000
2022-05-17,18.043133207106575,18.339626883509194,17.60388599597196,18.145957946777344,585830000
2022-05-18,17.67476517907851,18.087060007561064,16.835201746851723,16.909074783325195,545161000
2022-05-19,16.908076154672674,17.65679534404285,16.70542180682351,17.094757080078125,621310000
2022-05-20,17.30240006831766,17.380265971589356,15.728092749645056,16.665489196777344,739105000
2022-05-23,16.24620947993144,16.886115607263786,16.151372394439942,16.869144439697266,639889000
2022-05-24,16.48181020607136,16.568661551171434,15.753056150520866,16.12641716003418,588550000
2022-05-25,15.992641608362012,17.081778009823868,15.972675307246048,16.94601058959961,781132000
2022-05-26,16.008615436483225,18.06110426597355,15.994639404503166,17.82051658630371,996575000
2022-05-27,18.15494457145089,18.848757414573335,18.06909099199113,18.77887725830078,738379000
2022-05-31,18.947584565183693,19.167210056977826,18.318661347980417,18.640111923217773,664100000
2022-06-01,18.692024752314552,19.020461466016048,18.09105163821,18.288713455200195,544514000
2022-06-02,18.260764773860576,19.585498480806862,18.16692542342372,19.558544158935547,648656000
2022-06-03,19.04941345422619,19.298986516838273,18.490368423029345,18.688030242919922,598779000
2022-06-06,19.10631161523933,19.303973396798668,18.53229292091064,18.75391387939453,422406000
2022-06-07,18.440453536692015,18.967551693469755,18.15693815743338,18.893678665161133,388914000
2022-06-08,18.77086355538955,19.151293835413707,18.50725874187541,18.62009048461914,363252000
2022-06-09,18.45333901757023,18.90466214050548,18.013997064897136,18.020986557006836,395574000
2022-06-10,17.573661486619375,17.670516445282853,16.843754549727546,16.948598861694336,465248000
2022-06-13,15.976051298376328,16.287584572941764,15.582640981827987,15.623579978942871,604153000
2022-06-14,15.70745732726163,16.041956012767237,15.388934490872597,15.812300682067871,469680000
2022-06-15,16.070911354071416,16.842755189557263,15.902164608969189,16.50226593017578,563936000
2022-06-16,15.836264192915294,15.918142206203816,15.377951480274428,15.577651977539062,545749000
2022-06-17,15.624580465017962,15.971061255573002,15.305059692003363,15.856233596801758,630334000
2022-06-21,16.45034484868398,16.982546231843454,16.382445821281802,16.541208267211914,483089000
2022-06-22,16.201715745427563,16.637064043706904,16.155785062066073,16.33551597595215,437135000
2022-06-23,16.49427470172325,16.56017590264097,15.82927210712029,16.200716018676758,463680000
2022-06-24,16.47530408880498,17.114345577356953,16.285587932705912,17.100366592407227,472153000
2022-06-27,17.286089668284855,17.30406237753292,16.60111557126495,16.843751907348633,427968000
2022-06-28,16.874706609804687,17.176254673926298,15.921135965503867,15.958081245422363,461149000
2022-06-29,15.790332938160558,15.79632352435148,15.147296693562826,15.518739700317383,482352000
2022-06-30,15.338008857282157,15.543700859358433,14.83975612716513,15.136311531066895,686070000
2022-07-01,14.876700295756732,15.040454389186225,14.370459171454637,14.501262664794922,577610000
2022-07-05,14.153784067349683,14.948592199339451,14.033963789010635,14.94160270690918,651397000
2022-07-06,14.987533889365901,15.296071406347052,14.766864002525546,15.107354164123535,529066000
2022-07-07,15.432867893372462,15.921135392529477,15.365967781323823,15.83426570892334,492903000
2022-07-08,15.40690642464294,16.01299828607396,15.365967423146218,15.814295768737793,467972000
2022-07-11,15.502762850377351,15.503761757468185,15.01549330517654,15.12932300567627,437321000
2022-07-12,15.245148754423724,15.407904906666863,14.85473415135897,15.059427261352539,458483000
2022-07-13,14.568164617915116,15.351989626999123,14.443351694118375,15.141304969787598,521918000
2022-07-14,15.085387539536947,15.449841012627651,14.705956174255292,15.348992347717285,456235000
2022-07-15,15.635563515161598,15.758378613118879,15.421883108868688,15.738409042358398,385935000
2022-07-18,16.277601777662408,16.871710589683683,15.978051532247012,16.076902389526367,670517000
2022-07-19,16.46132482497789,17.084391408456785,16.147795623704503,16.966567993164062,702366000
2022-07-20,16.921636264091354,17.90616059839603,16.775854870810626,17.78034782409668,760538000
2022-07-21,17.858233389080567,18.11684464007018,17.51874208354329,18.022985458374023,557049000
2022-07-22,17.866221662682115,17.940110322879427,17.11135254565951,17.293081283569336,536671000
2022-07-25,16.99352822136467,17.098372524272847,16.624083035192836,16.99852180480957,480748000
2022-07-26,16.863723101025418,16.89367888729215,16.453338922989442,16.508256912231445,397865000
2022-07-27,17.006505688070522,17.90915379359475,16.887684328108215,17.76337242126465,569776000
2022-07-28,17.948099252493762,18.11285132551221,17.413900078216113,17.95708465576172,474646000
2022-07-29,17.786341888952695,18.216696637168628,17.665522680604298,18.135818481445312,435460000
2022-08-01,18.15478373877225,18.817791302436,17.963071694980645,18.41339683532715,476469000
2022-08-02,18.094875397521523,18.909654023480293,18.064919614801017,18.49827003479004,489527000
2022-08-03,18.156784704919016,18.9396117176789,18.109854164369803,18.864723205566406,418146000
2022-08-04,18.820789717458855,19.245152860108632,18.731922222497296,19.186241149902344,409652000
2022-08-05,18.781849758609443,19.200223337685074,18.63806615768867,18.960582733154297,386068000
2022-08-08,17.475805938276682,18.211702398582386,17.21619484617893,17.766368865966797,981859000
2022-08-09,17.226184392318512,17.420892283694844,16.69897462939389,17.06043243408203,668263000
2022-08-10,17.67151089037589,18.09088234146553,17.291080625113878,18.069913864135742,597422000
2022-08-11,18.10386408188988,18.67900220334982,17.849244670616443,17.915145874023438,509327000
2022-08-12,18.132819750863113,18.689985155231977,17.926128836719883,18.680997848510742,478094000
2022-08-15,18.673011261133464,19.135317654548857,18.585143621952405,19.003515243530273,457666000
2022-08-16,18.891683249998234,19.11335111314313,18.473309726284572,18.850744247436523,451240000
2022-08-17,18.495278320268334,18.660030383145802,18.117843793893357,18.307558059692383,446799000
2022-08-18,18.273608015579168,18.836763008676165,18.155784605197837,18.744901657104492,415447000
2022-08-19,18.378456093978553,18.49228581625249,17.743408169417698,17.822290420532227,441588000
2022-08-22,17.463823686257303,17.531722707583775,16.94060775357587,17.008506774902344,409593000
2022-08-23,16.963570926492032,17.438858274860547,16.944598360408204,17.155282974243164,369986000
2022-08-24,16.986537526161726,17.379948837840608,16.869713963835665,17.196224212646484,522661000
2022-08-25,16.818790101485074,17.920139924082378,16.807806884713354,17.88619041442871,770691000
2022-08-26,17.83027430691893,17.897173466271262,16.212698075005477,16.23566436767578,769127000
2022-08-29,15.996024432382622,16.313547391578,15.743402820952463,15.777351379394531,496132000
2022-08-30,15.936111266550355,16.014992540192395,15.159275891210998,15.44484806060791,530181000
2022-08-31,15.360974182989775,15.51674083076594,14.93661010133938,15.07140827178955,573710000
2022-09-01,14.187733782213392,14.358478335570249,13.25013995615082,13.916141510009766,1178865000
2022-09-02,14.078896568766249,14.149789448130205,13.570657624383497,13.626574516296387,743157000
2022-09-06,13.710450724472937,13.758379224934783,13.331019301808885,13.444849014282227,535751000
2022-09-07,13.54672431921064,13.821394894652745,13.329984708493885,13.697543144226074,512657000
2022-09-08,13.442846534664296,13.991188380026887,13.352955350166411,13.973209381103516,624873000
2022-09-09,14.140012160343346,14.45663217073669,14.109050173580943,14.369736671447754,486612000
2022-09-12,14.351759064678815,14.529544979461525,14.180963767581938,14.487595558166504,484159000
2022-09-13,13.785436263601921,13.905292137281654,13.083279865417543,13.115241050720215,714956000
2022-09-14,13.238095726138331,13.274052779821835,12.897505301404209,13.112247467041016,588507000
2022-09-15,12.999383731864688,13.217121614092488,12.774653326840804,12.91348648071289,523625000
2022-09-16,12.726708238855368,13.196144469129576,12.6018582485453,13.182161331176758,670751000
2022-09-19,12.996386103706838,13.446845131626862,12.994388648426849,13.365942001342773,569685000
2022-09-20,13.199141429675532,13.466819464487607,13.0413310459368,13.160187721252441,524818000
2022-09-21,13.197145836696041,14.01416414721641,13.09426878771303,13.245087623596191,807679000
2022-09-22,13.054315095432624,13.133220764262274,12.413086279296454,12.545926094055176,759162000
2022-09-23,12.405095860810974,12.595866642258116,12.242291356954421,12.500980377197266,663309000
2022-09-26,12.476011349742599,12.643809975766143,12.199343314704796,12.213326454162598,547343000
2022-09-27,12.49199077082212,12.720716047641048,12.243289990595914,12.398103713989258,553854000
2022-09-28,12.395108402179584,12.807612927319292,12.339175843524695,12.720717430114746,542414000
2022-09-29,12.433063635450415,12.485001286523794,11.93166612856818,12.205337524414062,532763000
2022-09-30,12.072495870113585,12.617841167209532,12.060510185916865,12.124433517456055,565638000
2022-10-03,12.332186300155612,12.662789496943546,12.090476070484216,12.496988296508789,547478000
2022-10-04,12.863544835805731,13.204136190107327,12.863544835805731,13.151199340820312,584182000
2022-10-05,12.895506835206982,13.305014675934647,12.605854878165715,13.193148612976074,507131000
2022-10-06,13.20413661584121,13.639613297811657,13.087276433613106,13.11424446105957,644157000
2022-10-07,12.489994237550277,12.654796201075285,12.007574030916151,12.061509132385254,672478000
2022-10-10,12.022554573324271,12.109450061368408,11.394309701013055,11.65599536895752,698699000
2022-10-11,11.547127205645026,11.831785066433634,11.269460914699508,11.572097778320312,667482000
2022-10-12,11.565106967607235,11.720918969690699,11.331387535687021,11.486201286315918,492590000
2022-10-13,10.957832910845143,12.063504699205184,10.800022541611726,11.945646286010742,850103000
2022-10-14,12.042532615828513,12.096467720598305,11.190556467712574,11.213528633117676,713432000
2022-10-17,11.504178571709462,11.93366289601578,11.503180320321372,11.873734474182129,580774000
2022-10-18,12.329187034111122,12.477009197539308,11.604058403445793,11.95263957977295,659362000
2022-10-19,11.86474459720197,12.33518005536354,11.819798522186153,12.036538124084473,523131000
2022-10-20,12.098463940273094,12.753676857079665,12.090473167129646,12.179367065429688,652398000
2022-10-21,12.083483692515461,12.483004320877559,11.872737373086318,12.451042175292969,609494000
2022-10-24,12.492990972974244,12.694748240906902,12.049523522041948,12.583881378173828,517457000
2022-10-25,12.678768538595111,13.284041337515678,12.64880385018628,13.245087623596191,505482000
2022-10-26,12.853557561264791,13.37193385912893,12.692750510711289,12.880524635314941,532953000
2022-10-27,13.613643368877959,13.821393940388157,13.10625262326881,13.160187721252441,583113000
2022-10-28,13.088276375463284,13.833381526744795,13.045327750919178,13.817399978637695,521040000
2022-10-31,13.761467403476034,13.821395827490084,13.281044617529185,13.480804443359375,486341000
2022-11-01,13.79442865250546,13.908292188915965,13.50277919348561,13.526750564575195,432817000
2022-11-02,13.833382730324775,14.192950448479118,13.195149482896024,13.203139305114746,672628000
2022-11-03,13.027348181306232,13.764462472605558,12.940452690922356,13.40489387512207,500065000
2022-11-04,13.969217209960792,14.211925646505437,13.680563492193205,14.139013290405273,612576000
2022-11-07,14.210926867488931,14.394706092815511,13.937256437354097,14.283839225769043,410061000
2022-11-08,14.78323802463346,14.873130174501293,14.198940003022432,14.584477424621582,595292000
2022-11-09,14.145007478897641,14.193949425590144,13.742491138897813,13.75947093963623,454414000
2022-11-10,14.782240267933439,15.75407224629037,14.529543607521711,15.731100082397461,700819000
2022-11-11,15.788031870821106,16.36933325391358,15.463422059049066,16.30740737915039,655487000
2022-11-14,16.198540572389145,16.520154710286672,15.90289526017533,16.275447845458984,527852000
2022-11-15,16.701936287889954,16.97760420057241,16.36234408331265,16.64600372314453,545876000
2022-11-16,16.142605686473132,16.342364536397717,15.853951986089296,15.890907287597656,649547000
2022-11-17,15.69614428540067,16.246483754566608,15.516359956159672,15.65818977355957,710894000
2022-11-18,15.946842389528584,15.98280039800406,15.101857766255701,15.390511512756348,492072000
2022-11-21,15.128825088274038,15.458429037689159,15.061905094440672,15.29862117767334,404739000
2022-11-22,15.309606900976542,16.038731416885003,15.1038537674951,16.018754959106445,472866000
2022-11-23,16.078685422341522,16.507171567723844,16.02874617365287,16.49917984008789,427241000
2022-11-25,16.298419573569657,16.467215497315987,16.152594861603074,16.250476837158203,167934000
2022-11-28,16.006768811275037,16.33737291090951,15.70613130428347,15.808008193969727,303741000
2022-11-29,15.808006701068509,15.912881192644717,15.501375904506437,15.620232582092285,298384000
2022-11-30,15.682172142966332,16.914008204103585,15.582267174764993,16.907014846801758,565298000
2022-12-01,16.98294703884765,17.248694675283573,16.61929047291428,17.118818283081055,470977000
2022-12-02,16.643267526890366,16.91700892717154,16.429468928660246,16.860061645507812,371389000
2022-12-05,16.66324582682828,16.97894731716057,16.456440627837587,16.594310760498047,352255000
2022-12-06,16.514388304158608,16.557346959456986,15.804059392833134,15.971900939941406,352694000
2022-12-07,15.75710638960382,16.170715948979165,15.65220504847958,16.104778289794922,372388000
2022-12-08,16.257632527002734,17.162777039567985,15.943927985639844,17.152786254882812,515456000
2022-12-09,17.14379362368255,17.56639446997388,16.958968874684317,16.984943389892578,465338000
2022-12-12,17.020909499688667,17.521435764939,16.781136404259517,17.5184383392334,457328000
2022-12-13,18.51349970864757,18.772255889974957,17.69427441056782,18.054933547973633,656589000
2022-12-14,17.970010767846453,18.234761770782107,17.403546864108183,17.657306671142578,496888000
2022-12-15,17.129804471678664,17.303639904704802,16.684226599412334,16.93598747253418,478542000
2022-12-16,16.848071870974135,17.02490473599682,16.394500212198125,16.555347442626953,478232000
2022-12-19,16.55634984053249,16.593313647546687,16.12975305529303,16.238649368286133,354039000
2022-12-20,16.04882697825247,16.29459492471564,15.837028268444671,16.069807052612305,403260000
2022-12-21,16.09878088961092,16.61129685665048,16.08679118681269,16.485414505004883,325025000
2022-12-22,16.07880051974723,16.122759590703474,14.867945252019002,15.32451343536377,565045000
2022-12-23,15.181647209369412,15.324511792729409,14.868943117782544,15.191637992858887,349326000
2022-12-27,15.059764142824474,15.085739610722163,14.042724962145323,14.107664108276367,464902000
2022-12-28,13.913846916256627,14.248530569045922,13.870887305866372,14.022744178771973,351066000
2022-12-29,14.388398226266634,14.669132015722159,14.213563317277028,14.589207649230957,354923000
2022-12-30,14.320460623087508,14.615182060530334,14.219556189137291,14.600196838378906,310490000
2023-01-03,14.836974338861145,14.9818378561514,14.082687257156094,14.301480293273926,401277000
2023-01-04,14.553241965260252,14.838971139139868,14.22754965642136,14.735069274902344,431324000
2023-01-05,14.477313204439954,14.550244209091645,14.134636761581584,14.251526832580566,389168000
2023-01-06,14.460329337176837,14.99582333867336,14.020745334784726,14.844965934753418,405044000
2023-01-09,15.26956434067943,16.040834530369764,15.126698804998767,15.613239288330078,504231000
2023-01-10,15.492354496985383,15.946924699347406,15.45738770492271,15.893975257873535,384101000
2023-01-11,15.825039338857813,16.012861499247272,15.548300537353844,15.985886573791504,353285000
2023-01-12,16.08479222411233,16.621283720638296,15.47736578997874,16.495403289794922,551409000
2023-01-13,16.26262570419307,16.906018468034198,16.149733466553787,16.883039474487305,447287000
2023-01-17,16.883040616258818,17.711258174571284,16.883040616258818,17.68528175354004,511102000
2023-01-18,17.650315114393536,17.856119943115402,17.265678479463602,17.3605899810791,439624000
2023-01-19,17.019910464206095,17.180759619770345,16.7152001075131,16.74916648864746,452932000
2023-01-20,16.994934054525242,17.83913723437092,16.809110800053677,17.822153091430664,564967000
2023-01-23,18.046938056185414,19.22682428472633,17.801172014631053,19.17487335205078,655163000
2023-01-24,18.809219120213985,19.476589423278178,18.802225761623806,19.24680519104004,496204000
2023-01-25,18.89513781742045,19.351706937761307,18.562452134690616,19.304750442504883,449537000
2023-01-26,19.6823921496768,20.14695309854506,19.259791347875655,19.783296585083008,489535000
2023-01-27,19.443615381353812,20.608514301277136,19.38667001833119,20.345762252807617,542142000
2023-01-30,19.9311576524384,20.120976822256097,19.131912122534917,19.143901824951172,488611000
2023-01-31,19.15189874180035,19.668410761057327,18.932107163508118,19.518552780151367,498017000
2023-02-01,19.672405000290908,21.17198699825666,19.592480623653994,20.9232234954834,660477000
2023-02-02,20.9801656473757,21.928268729004962,20.680449757489193,21.688495635986328,564276000
2023-02-03,20.980164568929723,21.724461721839603,20.769363425697847,21.08007049560547,429366000
2023-02-06,20.78635237038477,21.54963085392908,20.76637079932243,21.0690860748291,452197000
2023-02-07,21.36180439165593,22.237976861670433,21.13002316806091,22.152057647705078,664150000
2023-02-08,22.365855944634315,22.85639335249941,21.987214177175577,22.18402862548828,559651000
2023-02-09,22.584649646952737,22.99825818396335,22.099108610512882,22.315902709960938,523876000
2023-02-10,21.669512802115033,22.05714489108248,20.791343369117982,21.24491310119629,550737000
2023-02-13,21.517659728495712,22.027178315742056,20.942203486559773,21.767423629760742,474919000
2023-02-14,21.557618713083382,23.027230025580597,21.345819053614647,22.949304580688477,675474000
2023-02-15,22.52770321112583,22.8334139631762,22.08512271870245,22.74250030517578,420575000
2023-02-16,22.112098967976177,22.528705007029274,21.906294121223468,21.981224060058594,412026000
2023-02-17,21.6105702785936,21.719466582327403,20.95518972612229,21.367799758911133,465888000
2023-02-21,20.98016385190775,21.47369671182956,20.598524711376086,20.63549041748047,410015000
2023-02-22,20.687445203336978,21.084069639386776,20.401714095187934,20.734399795532227,513184000
2023-02-23,23.417863675966604,23.865440536709627,23.003254689456554,23.641651153564453,1117995000
2023-02-24,23.203068162594136,23.451833571567892,22.92533081013571,23.264009475708008,589716000
2023-02-27,23.647646566541255,23.857447331767283,23.431850949295235,23.478805541992188,452994000
2023-02-28,23.349923602667985,23.80249674065105,23.184080032923845,23.19407081604004,455963000
2023-03-01,23.170096195793,23.23403683456975,22.48674217124683,22.676563262939453,460026000
2023-03-02,22.46676253444405,23.35791839580541,22.41081376086851,23.291980743408203,389415000
2023-03-03,23.297974121151398,23.877426239059123,23.108153041245387,23.867435455322266,412393000
2023-03-06,23.86843706344506,24.22509834243002,23.464817383551697,23.531755447387695,437429000
2023-03-07,23.581715125917633,24.106307975293905,23.222992119971778,23.269956588745117,515154000
2023-03-08,23.46879949770977,24.181248246140402,23.40584859068907,24.162261962890625,513573000
2023-03-09,24.156268710129314,24.435053778962832,23.364882526093854,23.417842864990234,501257000
2023-03-10,23.390864666951877,23.608696186782492,22.7083932455894,22.947208404541016,474866000
2023-03-13,22.73437106627306,23.279947517007088,22.279723706349586,22.948204040527344,421890000
2023-03-14,23.47779713815602,24.20023657851362,23.441823824071836,24.044357299804688,474910000
2023-03-15,23.742589391877125,24.267182234844768,23.341901021216625,24.209228515625,524486000
2023-03-16,24.008384707139463,25.568174187780844,23.875486426840148,25.521211624145508,583253000
2023-03-17,25.961867507130762,26.37854420062934,25.648109735845335,25.705066680908203,848547000
2023-03-20,25.595155259242034,26.003838794237083,25.11053038968524,25.879934310913086,432747000
2023-03-21,26.159717020816753,26.371552664422822,25.361336269568945,26.178701400756836,547408000
2023-03-22,26.404526646779992,27.567626309324265,26.216672572959897,26.447494506835938,797295000
2023-03-23,27.093990085842137,27.477693326309833,26.669320153605067,27.169931411743164,564889000
2023-03-24,27.010058676139064,27.145952994008773,26.33458179234645,26.75825309753418,454920000
2023-03-27,26.816209246044448,26.979083076531545,26.344574782878965,26.510446548461914,361026000
2023-03-28,26.42651170992459,26.492460563723153,25.82997409067337,26.38953971862793,356104000
2023-03-29,26.80421750216044,27.05701983815986,26.576393509814775,26.963092803955078,393694000
2023-03-30,27.207905862898926,27.477697152078605,27.081003441347132,27.361785888671875,364516000
2023-03-31,27.11897230037396,27.812434858242728,27.08399956957691,27.75547981262207,433933000
2023-04-03,27.487690361773616,27.978309220872813,27.314824044368486,27.943336486816406,398716000
2023-04-04,27.944335261376853,27.978309319114103,27.28584537062366,27.431732177734375,368592000
2023-04-05,26.80821442088673,26.97708220560241,26.37455065173421,26.86017417907715,515015000
2023-04-06,26.56340408671622,27.05902010799569,26.406526131732786,27.016054153442383,397654000
2023-04-10,26.802219526744395,27.599601632257215,26.648339505139486,27.557634353637695,395279000
2023-04-11,27.702521438327167,27.768470288811887,27.104983266832733,27.147951126098633,314378000
2023-04-12,27.34879605082514,27.446719698838795,26.42750948196734,26.47447395324707,446259000
2023-04-13,26.713285279016276,26.866166609946806,26.30860029990406,26.442495346069336,353615000
2023-04-14,26.483465526083034,26.862171603134502,26.19968516091452,26.737268447875977,395660000
2023-04-17,26.544417423730405,26.98507571258764,26.412519730546887,26.9810791015625,321471000
2023-04-18,27.511669976648836,28.08822261514071,27.335805736591062,27.645565032958984,604812000
2023-04-19,27.339800915924755,27.97830576142074,27.210901154073433,27.909358978271484,358660000
2023-04-20,27.649560313033174,28.00828332218978,26.979080669784498,27.08300018310547,427713000
2023-04-21,26.93111770046531,27.16193962505463,26.701296358072568,27.09798812866211,345103000
2023-04-24,26.992072637622144,27.344797891534892,26.650336635594115,27.02104949951172,339282000
2023-04-25,27.05702218157695,27.225891884852338,26.20468425381091,26.220670700073242,378527000
2023-04-26,26.981077788741214,27.308822747304923,26.68430704058292,26.93511199951172,406337000
2023-04-27,27.34179944259382,27.473697135730493,26.604370391400188,27.204904556274414,377161000
2023-04-28,27.203904866168713,27.73649090617928,27.05002295933018,27.72749900817871,292216000
2023-05-01,27.818427465332757,29.035484071938583,27.758474491836754,28.887598037719727,570329000
2023-05-02,28.657779853563685,28.81365912640652,28.06124227027244,28.188142776489258,402730000
2023-05-03,27.8184291138181,28.345021209649484,27.450714217743126,27.780458450317383,383387000
2023-05-04,27.62957543882547,27.83741446612487,27.2188945775801,27.540645599365234,321850000
2023-05-05,27.804443112441227,28.73272235412415,27.709517396074965,28.65778160095215,361494000
2023-05-08,28.499899899156308,29.197359027968076,28.32803419001098,29.1284122467041,344979000
2023-05-09,28.87660934582165,28.950551416305693,28.42795782373757,28.54886245727539,314869000
2023-05-10,28.982527268973705,29.090445302633547,28.43895001875839,28.862621307373047,369350000
2023-05-11,28.87360918061687,28.927568191309245,28.22411322918912,28.55585479736328,322149000
2023-05-12,28.506897417558207,28.75770432048088,28.024271804253868,28.318044662475586,274222000
2023-05-15,28.48591187164364,28.94655513827334,28.130188701131114,28.930566787719727,293926000
2023-05-16,28.818657092059023,29.84686118256938,28.809665192443962,29.19036865234375,449405000
2023-05-17,29.561079553170053,30.17560285577452,29.407199534895835,30.154619216918945,432535000
2023-05-18,30.386436686249557,31.803337218364412,30.29650627019934,31.653453826904297,748725000
2023-05-19,31.511567149468043,31.55553368610552,30.89204855454389,31.239778518676758,473908000
2023-05-22,30.87705936340456,31.495581197519755,30.656231812128347,31.15184783935547,372000000
2023-05-23,30.975983181421253,31.263760164158064,30.60726957743284,30.66422462463379,356253000
2023-05-24,30.186594444774748,30.583288141844005,29.78290810719129,30.514341354370117,721419000
2023-05-25,38.49315152397772,39.44941078052054,36.606613842123146,37.9505729675293,1543911000
2023-05-26,37.86064329293303,39.13965036548496,37.5209065628187,38.91582489013672,714397000
2023-05-30,40.56354401320244,41.90550182363337,39.91804469232887,40.079917907714844,923401000
2023-05-31,39.45740140056339,40.26377529792952,37.792691946795934,37.804683685302734,1002580000
2023-06-01,38.45917585173872,40.0189671601438,38.31029304006884,39.73918533325195,635873000
2023-06-02,40.06593558901887,40.46862324900234,39.027739074551626,39.296531677246094,482731000
2023-06-05,38.878849874769465,39.53433977277439,38.67700673967849,39.140647888183594,396094000
2023-06-06,38.79992010783334,39.12966247370084,38.11844543645541,38.624053955078125,388729000
2023-06-07,38.88887231517685,39.4724798355732,37.33091714927566,37.44983673095703,511998000
2023-06-08,37.69867447040822,38.83790856539692,37.47982353092405,38.48414611816406,417772000
2023-06-09,39.010787982924306,39.68433522296949,38.541106149128304,38.74396896362305,427717000
2023-06-12,39.173681765722975,39.50345822042976,38.59207179032555,39.45549011230469,388701000
2023-06-13,40.15902373494629,41.07341040519784,39.71332399118058,40.99446105957031,613208000
2023-06-14,40.79659433055989,42.97113217286291,40.524773764652764,42.968135833740234,740465000
2023-06-15,42.573402308118794,43.25994139693394,42.11870592148791,42.624366760253906,568622000
2023-06-16,43.42082432044267,43.691642253904746,42.63235266585127,42.663333892822266,655709000
2023-06-20,42.96912984549919,43.960464340884656,42.645346085772815,43.77858352661133,451153000
2023-06-21,43.471793147749,43.58571883513906,42.0517495771643,43.01609802246094,551603000
2023-06-22,42.22462800338613,43.39684073986037,42.20564356647612,42.99611282348633,417737000
2023-06-23,42.43549010660813,42.78025587920079,41.986790256637725,42.180660247802734,358140000
2023-06-26,42.432495695911925,42.73529370364879,40.07308050587644,40.6047248840332,594322000
2023-06-27,40.771604816954344,41.91183752016278,40.420842573844496,41.84788131713867,462175000
2023-06-28,40.63269595251918,41.81690157684153,40.49079301581805,41.08938980102539,582639000
2023-06-29,41.53009589413119,41.57206751161818,40.57273892901067,40.79458999633789,380514000
2023-06-30,41.65201371800326,42.5214284776047,41.47313305600103,42.27359390258789,501148000
2023-07-03,42.48844792467491,42.86919259981532,42.173660821040244,42.384517669677734,198209000
2023-07-05,42.10671245240927,43.14801275888201,42.05674678060165,42.28859329223633,323618000
2023-07-06,41.815908748676975,42.15068292310203,41.31824199558715,42.07473373413086,303582000
2023-07-07,42.29358237445178,43.184985563987055,42.151679425221936,42.47446060180664,355881000
2023-07-10,42.628364774631706,42.782260719612495,41.62103823775749,42.15168380737305,353908000
2023-07-11,42.45248652667366,42.72930103632084,42.038766744145775,42.37653732299805,298244000
2023-07-12,43.00410449451526,43.90549923284697,42.748275878823826,43.872520446777344,481277000
2023-07-13,44.48811627852953,46.12401457256602,44.46213275662318,45.946136474609375,478204000
2023-07-14,46.55172319456043,48.05571376740953,45.029746964144934,45.438472747802734,772075000
2023-07-17,46.25792796050985,46.464785922555656,45.231616951942435,46.4298095703125,510488000
2023-07-18,46.66964932293247,47.86384680143078,45.70329942598688,47.46211624145508,569164000
2023-07-19,47.432136125010175,47.78589856143542,46.71062071194178,47.04539489746094,427502000
2023-07-20,46.47577391693099,47.05538631913264,45.03174443382623,45.489437103271484,537865000
2023-07-21,45.757254315991084,45.83520487140858,44.07038798081477,44.27924728393555,963769000
2023-07-24,44.70096991726032,45.07871832138468,44.01043572473537,44.58205032348633,382516000
2023-07-25,44.91082723933574,46.15199009290992,44.89283776969056,45.64833068847656,348081000
2023-07-26,45.990100289718285,46.022080298497244,44.60003539984157,45.42148208618164,364237000
2023-07-27,46.48777031512932,47.363181660556975,45.71928557953061,45.86918640136719,455976000
2023-07-28,46.63666699267924,46.99542712373659,46.34986093104817,46.71861267089844,331194000
2023-07-31,46.722612762047206,47.09835978102498,46.474778161903316,46.697628021240234,251055000
2023-08-01,46.42880734222909,46.868514380212844,45.99609938631063,46.47577667236328,237858000
2023-08-02,45.80023626472473,45.8092290948943,43.357876606802805,44.23928451538086,530142000
2023-08-03,43.77059114765512,45.08770701221157,43.77059114765512,44.485111236572266,324176000
2023-08-04,44.95479704956906,45.611353612769236,44.36319547208762,44.650001525878906,362666000
2023-08-07,45.08071461988879,45.509427463028686,44.53308218630117,45.38650894165039,322154000
2023-08-08,44.822886411936246,45.21162517699858,44.0264206319756,44.63401412963867,353843000
2023-08-09,44.24427131811032,44.282247816533705,42.10570879075274,42.525428771972656,586449000
2023-08-10,42.131695276501496,43.54474743620117,41.80691270633182,42.35954284667969,492705000
2023-08-11,41.72296635669751,41.98978918777693,40.611713480681736,40.82756805419922,533085000
2023-08-14,40.45882016103964,43.770594514507756,40.28393840809102,43.72362518310547,690286000
2023-08-15,44.53008608139681,45.23761094961256,43.68065444037462,43.910499572753906,676512000
2023-08-16,44.490108508672876,44.645003217539106,43.376854252532475,43.45680236816406,527451000
2023-08-17,43.94048245223215,44.03241974365146,42.972131210711666,43.314903259277344,452395000
2023-08-18,42.60637233743457,43.548739981442054,41.632028496640906,43.269927978515625,583768000
2023-08-21,44.464127494140655,47.03340054502666,44.192310747529035,46.93546676635742,692573000
2023-08-22,48.102679385462835,48.15464642329009,45.30256257251268,45.63733673095703,755293000
2023-08-23,45.8352088507009,47.168312899804924,45.17764965557936,47.08436965942383,779046000
2023-08-24,50.18228804118617,50.23225371220406,47.127341093273124,47.1313362121582,1156044000
2023-08-25,46.980438460258725,47.77290532972233,44.993770374089465,45.98710632324219,925341000
2023-08-28,46.45079468108513,46.94846146732743,44.85786679020325,46.803558349609375,685192000
2023-08-29,46.63466937521741,49.04804888819601,46.35985248205318,48.75124740600586,701397000
2023-08-30,49.01107678862388,49.893483474805294,48.39249282528215,49.23093032836914,735206000
2023-08-31,49.346849822900985,49.710603865788684,48.925132248027246,49.32186508178711,528570000
2023-09-01,49.728589862320376,49.76656254905315,48.10967481708851,48.4764289855957,463830000
2023-09-05,48.190628778230135,48.81820938411966,47.82787348720718,48.515411376953125,382653000
2023-09-06,48.4124675938394,48.52040187168578,46.55256375973415,47.03327941894531,468670000
2023-09-07,45.49818632647951,46.316704161962946,45.12540493347,46.21376419067383,433330000
2023-09-08,45.91494706064367,46.578553696484384,45.24434076500504,45.545162200927734,473069000
2023-09-11,46.12080832812514,46.13579888010694,44.28589156652006,45.15138244628906,473966000
2023-09-12,44.711644683644934,45.64609526594391,44.50476589129932,44.84356689453125,349256000
2023-09-13,44.57373286105348,45.90295143393173,44.476789863820855,45.458213806152344,398355000
2023-09-14,45.92293173221363,45.95990868512239,45.10441395907202,45.55414962768555,370097000
2023-09-15,45.314286993054964,45.572134413088484,43.78218921317514,43.87413787841797,506831000
2023-09-18,42.72281686656951,44.215936184285376,41.975256439611805,43.94009780883789,500271000
2023-09-19,43.80718104995943,43.94010212892765,42.97666925633851,43.49436569213867,373064000
2023-09-20,43.57431736743093,43.877140298495235,42.1981295407641,42.21411895751953,367108000
2023-09-21,41.558512204916546,42.07520603875452,40.955866667490554,40.99284362792969,450736000
2023-09-22,41.54750773927353,42.09019092808113,41.20670902536928,41.585487365722656,479236000
2023-09-25,41.56650323994468,42.510946346658756,41.152745614643074,42.1971321105957,419091000
2023-09-26,41.97626153603217,42.794779402172175,41.63046465348833,41.886314392089844,402282000
2023-09-27,42.305062534308014,42.846743024633085,41.604475324502374,42.44297790527344,444935000
2023-09-28,42.434982863983606,43.4204020019038,42.09018872060994,43.06361389160156,424663000
2023-09-29,43.80118697658235,44.118001615800175,43.28149278229862,43.47338104248047,397830000
2023-10-02,44.00406311143919,45.148389111960235,43.83516394109358,44.75562286376953,433298000
2023-10-03,44.78160339586175,45.103416123255286,43.22052325615126,43.491363525390625,470850000
2023-10-04,43.71623295909225,44.11699771323821,43.266497283456516,44.01505661010742,361821000
2023-10-05,44.024049850539384,44.87355141204064,43.862146533501765,44.66167449951172,393483000
2023-10-06,44.166966628350934,45.762027093274135,44.00006519130678,45.735042572021484,434436000
2023-10-09,44.8155843904291,45.5781354250376,44.341864581232265,45.24633026123047,409675000
2023-10-10,45.283311292435734,46.23174977831537,45.061441940637515,45.77102279663086,368582000
2023-10-11,46.168782089849806,46.83139348657437,46.02286819940643,46.77842330932617,378137000
2023-10-12,46.7494428449331,47.58095342346612,46.30270758757265,46.91734313964844,481325000
2023-10-13,46.93233297059444,47.08824310789531,45.25332242437659,45.4342155456543,474115000
2023-10-16,45.036458356873474,46.197772707429415,44.88554631741198,46.06785202026367,375099000
2023-10-17,43.97408457640043,44.72764209675683,42.45497937899436,43.9121208190918,812333000
2023-10-18,42.565910351376075,43.19354257835518,41.80036274107,42.171142578125,627294000
2023-10-19,42.78578325627493,43.27149704183871,41.85732962426039,42.076202392578125,501233000
2023-10-20,41.86531949846795,42.444979615932674,41.053797621487206,41.36261749267578,477266000
2023-10-23,41.20471789682862,43.222529794895785,40.92088476471772,42.94968795776367,478530000
2023-10-24,43.05162990785676,43.67126369773944,42.665859465062795,43.63728332519531,401463000
2023-10-25,43.37244053929943,43.62429484406004,41.530527426974515,41.75439453125,398379000
2023-10-26,41.82834703800738,42.231109527965074,39.85650966502812,40.30224609375,541001000
2023-10-27,41.10577671411972,41.18173216586504,39.991431738659564,40.47614669799805,416784000
2023-10-30,41.06279917353452,41.7413962446929,40.45715333671765,41.13675308227539,388028000
2023-10-31,40.42617399708402,40.85492215187982,39.20689140883778,40.755977630615234,517969000
2023-11-01,40.85992224625753,42.35604230855743,40.84493168976348,42.30007553100586,437593000
2023-11-02,43.302473031096746,43.85814522748643,42.86873060709395,43.480369567871094,409172000
2023-11-03,43.99407230026529,45.28231071974979,43.69724635132194,44.978492736816406,424610000
2023-11-06,45.25832729646328,45.90794597594991,44.87255306180776,45.72405242919922,400733000
2023-11-07,45.69207169045335,46.190774498668894,45.13140131544397,45.92793273925781,343165000
2023-11-08,46.07284239178855,46.83939268029924,45.94092017940282,46.546566009521484,346719000
2023-11-09,47.43903795369881,48.201588985861626,46.722461258073324,46.92234420776367,540496000
2023-11-10,47.47202272481538,48.44345034341423,47.255151482276034,48.3065299987793,421245000
2023-11-13,48.29153566931826,49.087068200389616,48.07066518354385,48.59135818481445,384136000
2023-11-14,49.65073888406581,49.80464750738164,49.011116452781614,49.62675094604492,416954000
2023-11-15,49.905587494765264,49.93057048121235,48.17160887491718,48.85920333862305,475497000
2023-11-16,48.65033211773849,49.495834550251864,48.30153863182137,49.45085906982422,339756000
2023-11-17,49.49483149994882,49.687718627140484,48.978137690919475,49.26896667480469,325205000
2023-11-20,49.28295286302151,50.5182248537623,49.15202951055082,50.37930679321289,414120000
2023-11-21,50.09647330080843,50.48724182772053,49.19300646271815,49.914581298828125,565747000
2023-11-22,49.822637922413506,50.305351326686875,47.66190879748864,48.68730545043945,899420000
2023-11-24,48.44144754881704,48.89218207826851,47.71687235875977,47.74785614013672,294645000
2023-11-27,47.771840126632874,48.50140962414012,47.62392850332251,48.21358108520508,395662000
2023-11-28,48.20758404305151,48.2945345904846,47.44503304136884,47.79282760620117,401491000
2023-11-29,48.350510033061155,48.73328389544531,47.831814678443656,48.11164855957031,382005000
2023-11-30,47.99571376977162,48.08166546718563,46.394659915888205,46.742454528808594,526247000
2023-12-01,46.49759696256461,47.172198605670886,46.15979480379712,46.73745346069336,369317000
2023-12-04,46.04985595451796,46.04985595451796,44.9834831764298,45.48318862915039,437543000
2023-12-05,45.44320886868036,46.576639300091315,45.24830692132301,46.542659759521484,371718000
2023-12-06,47.19133394813323,47.363248618844615,45.38923628677336,45.48019027709961,380590000
2023-12-07,45.67709999626113,46.6056353183363,45.581147431853395,46.57265090942383,350823000
2023-12-08,46.57165024032382,47.7170758334867,46.52667080932443,47.48219299316406,359224000
2023-12-11,47.467203152590486,47.50718021067466,45.80703618949346,46.603633880615234,509728000
2023-12-12,46.02292867052267,47.64211585216739,46.02292867052267,47.633121490478516,372387000
2023-12-13,47.60513418472511,48.5696507647958,47.584144799570055,48.06390380859375,447792000
2023-12-14,48.36574075015795,48.64559916182658,47.39822751782859,48.32575988769531,391232000
2023-12-15,48.169843491403206,49.379236076134234,48.0958792715529,48.86549377441406,479948000
2023-12-18,49.37524392106738,50.40772334929845,49.12536921258584,50.051902770996094,412587000
2023-12-19,49.39922581544832,49.675088445454506,48.870491649793216,49.57913589477539,464444000
2023-12-20,49.63011224279049,49.97394160292545,48.07389338703891,48.08688735961914,397894000
2023-12-21,48.786542939601254,49.07040103134221,48.39473725563784,48.9654541015625,300425000
2023-12-22,49.17034164902082,49.358247143122306,48.442705904447216,48.80552673339844,252507000
2023-12-26,48.94345422311468,49.575137414585996,48.93545881250647,49.25429916381836,244200000
2023-12-27,49.486189463877416,49.65510348950808,49.06040044987627,49.392234802246094,233648000
2023-12-28,49.61812249458572,49.85899903094536,49.38723545621996,49.4971809387207,246587000
2023-12-29,49.78803546733378,49.97194517562977,48.726567424201626,49.4971809387207,389293000
2024-01-02,49.219320839141155,49.27029396888079,47.57114897451382,48.14385986328125,411254000
2024-01-03,47.461200853543446,48.159848009515486,47.29628263742881,47.54515838623047,320896000
2024-01-04,47.743062379627034,48.47569678347226,47.48419329239884,47.97394943237305,306535000
2024-01-05,48.43771146509866,49.522166721608514,48.281787612444646,49.072391510009766,415039000
2024-01-08,49.48718686021287,52.248802601709635,49.45420245341726,52.226810455322266,642510000
2024-01-09,52.37474467579261,54.2977804134657,51.66409858423947,53.113372802734375,773100000
2024-01-10,53.58913578901618,54.57264008297959,53.462196710132666,54.3227653503418,533796000
2024-01-11,54.971434569987615,55.318260772566724,53.53315663291465,54.79452133178711,596759000
2024-01-12,54.59262018659447,54.942447033748536,54.30276844931097,54.68257522583008,352994000
2024-01-16,54.990429652443055,56.80651660434578,54.87248875685251,56.35374450683594,449580000
2024-01-17,56.31876518619403,56.44270360003648,54.71257199394214,56.0249137878418,474394000
2024-01-18,57.23129996535893,57.57112971197817,56.07887796382001,57.07837677001953,491650000
2024-01-19,57.959931793934174,59.47017600084744,57.196314805112735,59.461181640625,543501000
2024-01-22,60.018906048230285,60.30076621768796,59.04039658553907,59.62410354614258,452955000
2024-01-23,59.54014893601341,59.879978713200884,58.555641913303255,59.84299850463867,294654000
2024-01-24,60.27377702467032,62.81749966312902,59.90795933203634,61.33124542236328,560271000
2024-01-25,62.31875115055073,62.687569516767255,60.81950289051068,61.58612060546875,482777000
2024-01-26,60.92944842366768,61.75203783033358,60.54264514796327,61.00041198730469,390309000
2024-01-29,61.20130919891072,62.45767916479008,60.8764751379027,62.433692932128906,348733000
2024-01-30,62.86847856975012,63.461179887339625,62.22879610932244,62.74253845214844,410735000
2024-01-31,61.409204220277765,62.23779109549254,60.66957725161703,61.49616241455078,453795000
2024-02-01,62.06887734355602,63.159334010145514,61.61910590922887,62.99541473388672,369146000
2024-02-02,63.94193723275367,66.56662061369005,63.658079168244704,66.12684631347656,476578000
2024-02-05,68.19080896214494,69.46217469854224,67.17132346877767,69.29725646972656,680078000
2024-02-06,69.59510487406826,69.71904328530657,66.26677937017486,68.18881225585938,683111000
2024-02-07,68.28475157553528,70.1847995704641,67.56611024482635,70.06385803222656,495575000
2024-02-08,70.03886831926252,70.75850859222243,69.42018296485597,69.60608673095703,414422000
2024-02-09,70.49765087243433,72.14882343134643,70.17681258949254,72.09685516357422,436637000
2024-02-12,72.56361295434608,74.57360667156944,71.21429106971823,72.2117919921875,613710000
2024-02-13,70.36473436037795,73.41320187519852,69.58512632462431,72.09186553955078,602580000
2024-02-14,73.1653201816801,74.19879860297466,71.90195366370614,73.86296844482422,504917000
2024-02-15,73.8319812576461,73.93792331267274,72.36371572931519,72.62158203125,420122000
2024-02-16,74.06285322156347,74.36470378549747,72.46465575310286,72.57659912109375,495327000
2024-02-20,71.91094295214619,71.91994112607156,67.70005682448759,69.41719818115234,704833000
2024-02-21,67.97191561607241,68.85347738557593,66.21480102707116,67.43818664550781,673755000
2024-02-22,74.98740205219113,78.53561836150196,74.1828051803666,78.49864196777344,865100000
2024-02-23,80.74951481547919,82.35270728551444,77.53112722629109,78.77750396728516,829388000
2024-02-26,79.66006525277888,80.60559805458351,78.46566428274411,79.05237579345703,503973000
2024-02-27,79.34121192660028,79.44016895851776,77.12332991849851,78.66155242919922,391705000
2024-02-28,77.5810991271791,78.89343695625473,77.08634447899664,77.62407684326172,393110000
2024-02-29,79.05435319922906,79.94990014432358,78.31072286040303,79.07234191894531,507289000
2024-03-01,79.95989790136245,82.25874801625466,79.39517868225165,82.23775482177734,479135000
2024-03-04,84.08783505356324,87.6510508748539,83.67704554275812,85.19428253173828,615616000
2024-03-05,85.23126463609206,86.05789246708638,83.37910949267872,85.9249496459961,520639000
2024-03-06,87.98202031125847,89.68324305114874,86.99046652196165,88.65970611572266,582520000
2024-03-07,90.1170314433978,92.72484713388091,89.56128432084023,92.62689208984375,608119000
2024-03-08,95.09478711569938,97.3557607121787,86.46670414122495,87.48824310302734,1142269000
2024-03-11,86.38974768743492,88.7566684384213,84.12777497843307,85.73504638671875,678364000
2024-03-12,88.00900332244493,91.91822205763889,86.11086395561675,91.87124633789062,668075000
2024-03-13,91.0136265107917,91.46241999176601,88.39481424748416,90.8467025756836,635713000
2024-03-14,89.53630642599725,90.60482099682989,86.56065394827854,87.90404510498047,602318000
2024-03-15,86.89050304320958,89.50531176073564,86.21781230295429,87.79708862304688,642086000
2024-03-18,90.34693832973477,92.36302032319799,87.04543743889901,88.4148178100586,668976000
2024-03-19,86.66061131736247,90.50286685393166,84.97138422754449,89.35739135742188,672171000
2024-03-20,89.7562045087411,90.36893262675873,88.18292203943432,90.33094787597656,479063000
2024-03-21,92.25807569846366,92.60591719212168,90.36393223327248,91.39346313476562,480372000
2024-03-22,91.0995900463856,94.73493865721083,90.7927303211633,94.24616241455078,586719000
2024-03-25,93.89832441902517,96.72203796887115,93.46752046670314,94.9588394165039,552136000
2024-03-26,95.80745785714453,96.33122190575376,92.45998010784325,92.51895141601562,513648000
2024-03-27,93.06969107441357,93.19763126628862,89.08250519129321,90.20899200439453,586067000
2024-03-28,89.95910797996004,91.25852036781959,89.15247543816959,90.31494903564453,435212000
2024-04-01,90.25797890351257,92.18309875741171,89.16347516442184,90.32194519042969,452441000
2024-04-02,88.40781242384669,90.0530682986896,87.5801933164325,89.41136169433594,433064000
2024-04-03,88.44381388856061,90.3329548866708,88.35985240535257,88.92359161376953,370067000
2024-04-04,90.36492116364104,90.59282202260623,85.84097663074387,85.865966796875,434965000
2024-04-05,86.82653804838375,88.44080991811138,85.88697023320091,87.96802520751953,399678000
2024-04-08,88.65969605555898,88.78964187058105,86.69259552509367,87.09341430664062,283220000
2024-04-09,87.40226463843116,87.59517772557601,82.98427507127602,85.3152084350586,501700000
2024-04-10,83.88787363370758,87.36029436616496,83.67096935278308,86.99945831298828,431929000
2024-04-11,87.3802819466206,90.69777431894295,86.88651070979101,90.5748291015625,431637000
2024-04-12,89.65825596730527,90.13404531847848,87.49024241419995,88.14594268798828,426805000
2024-04-15,89.0575303848312,90.57184164685279,85.88997105696288,85.9619369506836,443077000
2024-04-16,86.39373376393459,88.07796585968008,86.02490572525448,87.37528991699219,370453000
2024-04-17,88.29985504936586,88.73466257299502,83.91185045527357,83.99681854248047,495400000
2024-04-18,84.93139797129201,86.15084492565727,82.36456386223763,84.63253021240234,447260000
2024-04-19,83.11223818340684,84.28570097395453,75.57166564195786,76.16539001464844,875198000
2024-04-22,78.0685134774025,80.03662072603697,76.36529285459991,79.48187255859375,596341000
2024-04-23,80.73230354195947,82.7313949346547,80.22753571063816,82.38555145263672,438559000
2024-04-24,83.91186206206669,84.04380588258387,79.14702921409854,79.64080810546875,512208000
2024-04-25,78.83216216037167,83.28513983980214,78.18745857464893,82.5944595336914,424641000
2024-04-26,83.77992423775144,88.2908745755535,83.34912027499209,87.69514465332031,551011000
2024-04-29,87.55521122388173,87.95202643323648,85.22726679197825,87.7171401977539,388971000
2024-04-30,87.20037932563423,88.77866462934834,86.26081139602988,86.36276245117188,363709000
2024-05-01,85.0383433055248,85.96092040406639,81.21807385271738,83.00326538085938,559863000
2024-05-02,84.41063276835533,86.19782250273573,83.16219963332766,85.77801513671875,377898000
2024-05-03,87.74911915331617,89.24043810826264,87.00045887297132,88.74866485595703,398341000
2024-05-06,89.34938632493116,92.17810238522513,89.01453944248995,92.09813690185547,376203000
2024-05-07,91.05660706952696,91.73929539036573,88.97055735995299,90.51285552978516,437342000
2024-05-08,89.44235467047578,91.15257599630715,89.37937974936176,90.37093353271484,325721000
2024-05-09,90.4878761275282,91.03062873527097,88.1909234816851,88.7066879272461,378013000
2024-05-10,90.26398145980926,91.35948429960405,89.18646818667818,89.83717346191406,335325000
2024-05-13,90.43689190742707,90.95665993755156,88.48877985590597,90.3579330444336,289680000
2024-05-14,89.5582933408192,91.60936304982154,88.8935945415711,91.31449890136719,296507000
2024-05-15,92.42998889004295,94.81890247189259,91.5573844071605,94.58700561523438,417735000
2024-05-16,94.86688376052464,95.77546736350578,94.06024356723809,94.31613159179688,323952000
2024-05-17,94.32612955185614,94.69695556940256,91.76429043608688,92.43698120117188,359691000
2024-05-20,93.70742273768889,95.1567611589933,93.3975659668004,94.73695373535156,318764000
2024-05-21,93.55647591838027,95.35666020460762,93.13766755607001,95.34266662597656,328946000
2024-05-22,95.41563946312446,95.97638165173369,93.20664422258311,94.90686798095703,548648000
2024-05-23,101.9816621796603,106.27171271407624,101.47388966284153,103.75186157226562,835065000
2024-05-24,104.40155233715765,106.4266330182304,102.95321303565972,106.42063903808594,429494000
2024-05-28,110.19392203047549,114.88678889703833,109.83308596330244,113.84925842285156,652728000
2024-05-29,112.99864721739439,115.4395315931238,110.85062138095752,114.77283477783203,557442000
2024-05-30,114.5979068006944,115.76637434873233,109.61317328431451,110.44979095458984,484553000
2024-05-31,112.46888043622216,112.66579716472957,106.89142114521177,109.58319854736328,613263000
2024-06-03,113.5693901392368,114.94776153564453,111.95212126824974,114.94776153564453,438392000
2024-06-04,115.66344393803814,116.547037473925,113.99319767795535,116.38410949707031,403324000
2024-06-05,118.31723225166974,122.39337512542777,117.41464256080789,122.38438415527344,528402000
2024-06-06,123.99164893221229,125.5299513206976,118.26625399255828,120.94303894042969,664696000
2024-06-07,119.71559570112827,121.63672740368239,117.96839619109423,120.83309173583984,412386000
2024-06-10,120.31532701339275,123.04408269345652,116.95685261798424,121.73468017578125,313434100
2024-06-11,121.72467073332551,122.82426738641215,118.69579979713426,120.86499786376953,222551200
2024-06-12,123.01420873797917,126.8327870669311,122.52439319522972,125.15341186523438,299595000
2024-06-13,129.34184822861945,129.75169931207168,127.11268237111577,129.561767578125,260704500
2024-06-14,129.9116488754234,132.7905668615139,128.27225972601377,131.8309326171875,309320400
2024-06-17,132.94052101290185,133.68023590303568,129.53178618492996,130.93125915527344,288504400
2024-06-18,131.09119107562512,136.2792618770274,130.64136160940566,135.529541015625,294335100
2024-06-20,139.74798663394793,140.70762089792785,129.47181280958608,130.73133850097656,517768400
2024-06-21,127.07268651484108,130.5813821684496,124.25373647196925,126.52288818359375,649445800
2024-06-24,123.19412790624048,124.41367504218907,117.99606639814192,118.0660400390625,476060900
2024-06-25,121.15489584492173,126.45292665252727,119.27559817857062,126.04307556152344,414192600
2024-06-26,126.08305489542055,128.0723121328984,122.55436989135586,126.35295867919922,362975900
2024-06-27,124.05381495953473,126.36296048467365,122.87425378862146,123.94385528564453,252571700
2024-06-28,124.53364006899224,127.66247251115811,122.70431926304767,123.49402618408203,315516700
2024-07-01,123.42405307864779,124.79353836567705,118.78578041896601,124.25374603271484,284885500
2024-07-02,121.0849085676254,123.36406628074265,120.9849473163218,122.62433624267578,218374000
2024-07-03,121.61472281837746,128.2322540283203,121.31483142526585,128.2322540283203,215749000
2024-07-05,127.33259117942191,128.80205294716893,125.63322690650442,125.78317260742188,214176700
2024-07-08,127.44253270774867,130.72131795385047,126.99270329559334,128.1522674560547,237677300
2024-07-09,130.30150022676182,133.77021018974597,128.60212062869667,131.33111572265625,285366600
2024-07-10,133.98012482225403,135.0497339856147,132.37072330988062,134.85980224609375,248978600
2024-07-11,135.6994836774376,136.0993287251507,127.00272423823502,127.35259246826172,374782700
2024-07-12,128.21226350748265,131.87090512655513,127.17265724708656,129.19190979003906,252680500
2024-07-15,130.51140270339172,131.34109560506872,127.13266349593106,128.39219665527344,208326200
2024-07-16,128.3922007361648,128.9919682814133,124.53363670793642,126.31297302246094,214769500
2024-07-17,121.30483311779221,121.80464702237855,116.67655910688254,117.94608306884766,390086200
2024-07-18,121.80464878579994,122.35444713942657,116.51661668353269,121.04492950439453,320979500
2024-07-19,120.30520587770535,121.55474064508192,117.3263192631504,117.8861083984375,217223800
2024-07-22,120.30521088452835,124.02382772725001,119.81539537076715,123.49402618408203,258068900
2024-07-23,122.73430428762777,124.64359711208203,122.05455705517221,122.54437255859375,173911000
2024-07-24,119.12564059736765,119.90534904476712,113.39777769436101,114.20747375488281,327776900
2024-07-25,112.99791651674128,116.58657631149408,106.26042793071078,112.23819732666016,460067000
2024-07-26,116.14675363558489,116.15674442221705,111.53846898200278,113.01791381835938,293399100
2024-07-29,113.64769415647501,116.23672666024935,111.25858417462841,111.54846954345703,248152100
2024-07-30,111.4784845370564,111.94831080491622,102.50183151527264,103.69139099121094,486833300
2024-07-31,112.85797146215744,118.29594108970943,110.83871919064549,116.97643280029297,473174200
2024-08-01,117.4862607613273,120.11528690507727,106.77024891874801,109.16935729980469,523462300
2024-08-02,103.721391272762,108.67954465712373,101.33228124257988,107.2300796508789,482027500
2024-08-05,92.02573599453234,103.37151801623692,90.65625074239716,100.41261291503906,552842400
2024-08-06,103.80134584558614,107.66990813072123,100.51257713442128,104.21119689941406,409012100
2024-08-07,107.76987337493198,108.75951041282163,98.65327249174283,98.8731918334961,411440400
2024-08-08,101.9620353134048,105.46073260357065,97.48369942630838,104.9309310913086,391910000
2024-08-09,105.60068194063821,106.5603237294343,103.39150538103131,104.71101379394531,290844200
2024-08-12,106.28043141146973,111.02866364109283,106.22045618169847,108.97942352294922,325559900
2024-08-13,112.3981514576694,116.18674170739067,111.53847094577725,116.09677124023438,312646700
2024-08-14,118.48588599342114,118.55585963676825,114.02754676709954,118.03605651855469,339246400
2024-08-15,118.71580500966671,123.1941334844724,117.42628417440801,122.81427764892578,318086700
2024-08-16,121.89461364819915,124.95347220733727,121.13489440174322,124.53363037109375,302589900
2024-08-19,124.23374212691918,129.9516143798828,123.37406160628171,129.9516143798828,318333600
2024-08-20,128.35221027833737,129.8316704836438,125.84314985736411,127.20264434814453,300087400
2024-08-21,127.27260266623372,129.30185337062085,126.61285232823225,128.45216369628906,257883600
2024-08-22,129.9716160825352,130.70134013517236,123.05418563063326,123.6939468383789,376189100
2024-08-23,125.81315043381734,129.5517637458536,125.1733892777955,129.32183837890625,323230300
2024-08-26,129.52177629309574,131.21113439629798,124.32370736081246,126.41292572021484,331964700
2024-08-27,125.00346773520825,129.15191727923408,123.83389733541988,128.25225830078125,303134600
2024-08-28,128.0723157316594,128.28224429229948,122.59435936439931,125.5632553100586,448101100
2024-08-29,121.31482748729027,124.38368445408784,116.66655680427645,117.54622650146484,453023300
2024-08-30,119.48551326917712,121.70468827145996,117.17637542296369,119.32557678222656,333751600
2024-09-03,115.96682140906611,116.1667439153335,107.25006590844444,107.95980072021484,477155100
2024-09-04,105.37077350121302,113.2278412494732,104.08125268189775,106.17047119140625,372470300
2024-09-05,104.95092237696757,109.60919166518133,104.72101224991617,107.17009735107422,306850700
2024-09-06,107.99978491199205,108.10974457653745,100.91242007486422,102.7917251586914,413638100
2024-09-09,104.840969477339,106.51035383580418,103.6514174842849,106.43038177490234,273912000
2024-09-10,107.7698680771714,109.3592802066297,104.910932028029,108.05976104736328,268283700
2024-09-11,109.34928767526075,117.14638779715078,107.38001963060195,116.86649322509766,441422400
2024-09-12,116.80650641923144,120.75537880467239,115.34692581517743,119.10585021972656,366052700
2024-09-13,119.04586602282129,119.92561101375162,117.56628692781244,119.06585693359375,238358300
2024-09-16,116.75652026497235,118.14612117800917,114.32721657757573,116.74652099609375,248772300
2024-09-17,118.13612413784692,118.76594842655497,114.7970852268969,115.5568618774414,231925900
2024-09-18,115.85676793047314,117.66624647223807,113.18753538354541,113.33749389648438,310318900
2024-09-19,117.31635695887289,119.62569992209964,117.21638715198857,117.83621215820312,293506400
2024-09-20,117.02644483175867,118.58600287786223,115.35692533181683,115.96675109863281,382462400
2024-09-23,116.51659472951452,116.9564634197924,114.82707671663402,116.22667694091797,206228500
2024-09-24,116.48659840876869,121.76509140434464,115.34692577819862,120.83535766601562,354966800
2024-09-25,121.98501577990396,124.90418446690079,121.57513728542474,123.47459411621094,284692900
2024-09-26,126.76365118817954,127.63339688941237,121.76508462125145,124.00444030761719,302582900
2024-09-27,123.93446689659378,123.99444725769884,119.22581786965418,121.36520385742188,271009200
2024-09-30,118.27608190267567,121.46516987339125,118.11613173565692,121.40518951416016,226553700
2024-10-01,121.7350904738439,122.4049042106216,115.7568089513518,116.96646118164062,302094500
2024-10-02,116.4066204825267,119.34577243311742,115.10699012612709,118.81592559814453,221845900
2024-10-03,120.88533415502995,124.3243504544059,120.30549859251518,122.81478118896484,277118000
2024-10-04,124.90418432860164,125.00415413490973,121.79507530101387,124.88418579101562,243678100
2024-10-07,124.95416700886946,130.60254885006705,124.91417756039569,127.68338775634766,346250200
2024-10-08,130.2226473652744,133.44172537204778,129.38289186465897,132.85189819335938,285722500
2024-10-09,134.0715417617464,134.48142784672734,131.34232891760084,132.61195373535156,246191600
2024-10-10,131.87218458812737,134.9612950129192,130.96244182735123,134.77134704589844,242311300
2024-10-11,133.97158567859756,135.74108264717918,133.62169514533127,134.76136779785156,170209500
2024-10-14,136.43089368651033,139.56000161928338,136.26094423310064,138.0304412841797,232347700
2024-10-15,137.8304782609884,138.53028982768672,128.70310551155586,131.56228637695312,377831000
2024-10-16,133.9415846620271,136.58082718354044,131.54227882589296,135.68109130859375,264879700
2024-10-17,139.30005999950754,140.84961880375567,136.83076670766295,136.8907470703125,306435900
2024-10-18,138.63024003343975,138.86016981880368,137.24063917112105,137.96043395996094,176090200
2024-10-21,138.090405825162,143.66880798339844,137.96043821210023,143.66880798339844,264554500
2024-10-22,142.86904559419827,144.37860733596548,141.73936457126644,143.54884338378906,226311600
2024-10-23,141.9892821435429,142.3891613712536,137.42060018656866,139.51998901367188,285930000
2024-10-24,140.77963709898057,141.30948393843238,138.42031305269128,140.3697509765625,172354900
2024-10-25,140.88959441527413,144.0886893234089,140.7596420534019,141.49942016601562,205122100
2024-10-28,142.95902137870084,143.09898064959424,140.00986979275078,140.479736328125,173586700
2024-10-29,140.2497716969522,142.2192081120129,138.86017082456863,141.20950317382812,157593600
2024-10-30,139.49998843906093,140.28977049571748,136.77077537646986,139.300048828125,179418100
2024-10-31,137.56056330274592,137.57055494467397,132.07213151004177,132.72193908691406,270039600
2024-11-01,134.6613944536623,137.2706470867555,134.53144208222884,135.36119079589844,207127800
2024-11-04,137.17067271068436,138.9201710380497,135.53114345978716,136.01100158691406,187528200
2024-11-05,137.41058693125512,140.32974787080795,137.29062621937655,139.86988830566406,160537400
2024-11-06,142.91901845044762,146.44800513885863,141.91930516184587,145.56825256347656,242043900
2024-11-07,146.3480493601011,148.88731477688594,146.12811118371621,148.83734130859375,207323300
2024-11-08,148.727364912182,149.72707829956485,146.21807454702503,147.5876922607422,175665800
2024-11-11,148.63735542204353,148.80732009469307,143.52883547102425,145.2183380126953,182325600
2024-11-12,146.73792067016035,149.60709303241688,145.9681371384276,148.2474822998047,198634700
2024-11-13,149.02727349633594,149.28719347067064,145.8581688148386,146.2280731201172,191903300
2024-11-14,147.59766330614426,148.9572739334313,145.50826627914395,146.71791076660156,194463300
2024-11-15,144.8284560077565,145.19836028928967,140.03983617411208,141.9392852783203,250132900
2024-11-18,139.45999475223928,141.50940991238423,137.1106625740026,140.10980224609375,221205300
2024-11-19,141.2794937524248,147.08782570288798,140.94958652618317,146.9678497314453,227834900
2024-11-20,147.36774356025674,147.5176944558783,142.68907730947365,145.84817504882812,309871700
2024-11-21,149.30720000657334,152.84617867409492,140.65967008206871,146.62796020507812,400946600
2024-11-22,145.888140786496,147.11779901269117,141.05953942682146,141.90928649902344,236406200
2024-11-25,141.9492922301626,142.0092725854583,135.78106320516017,135.9810028076172,344941900
2024-11-26,137.66052777043362,139.26007526155422,135.63111085304342,136.88075256347656,190287700
2024-11-27,134.97128602051475,137.18065910710888,131.76221489663718,135.3011932373047,226370900
2024-11-29,136.74079305563075,139.31006372977,136.0110065692894,138.2103729248047,141863200
2024-12-02,138.79019534076207,140.40972595950504,137.78049042793322,138.5902557373047,171682800
2024-12-03,138.22037595856943,140.4997214017946,137.91046723010535,140.2198028564453,164414000
2024-12-04,141.95930442882306,145.74821154635353,140.2497877832653,145.09840393066406,231224300
2024-12-05,145.0784040292141,146.50808533514203,143.91865294893697,145.02841186523438,172621200
2024-12-06,144.56851457164973,145.66826585624298,141.27922253713282,142.4089813232422,188505600
2024-12-09,138.93972344033872,139.91950565348523,137.1001279875636,138.77975463867188,189308600
2024-12-10,138.97971741196267,141.78911819403848,133.76085313448985,135.04058837890625,210020900
2024-12-11,137.33007570041752,140.1394610798945,135.18055019628483,139.27964782714844,184905200
2024-12-12,137.05015122102654,138.4098556769623,135.77043117490655,137.31008911132812,159211400
2024-12-13,138.90974525213795,139.56960518418134,132.51112983721956,134.22076416015625,231514900
2024-12-16,134.1507548377073,134.37070812011547,130.39157963416955,131.9712371826172,237951100
2024-12-17,129.06188284882555,131.5613383936032,126.8323727744144,130.36160278320312,259410300
2024-12-18,133.83084634553458,136.67022414162827,128.2520598203989,128.88192749023438,277444500
2024-12-19,131.7312862928068,134.0007959707685,129.52177635647746,130.65151977539062,209719200
2024-12-20,129.7817201303188,135.25052978203578,128.19207015255643,134.670654296875,306528600
2024-12-23,136.25031123897003,139.75954112073697,135.09056027465786,139.6395721435547,176053500
2024-12-24,139.9695150682445,141.8690952419841,138.61980292789985,140.18946838378906,105157000
2024-12-26,139.6695752314167,140.81933395538283,137.70000300728188,139.89952087402344,116205600
2024-12-27,138.51983681592935,138.98973570413628,134.6806765533369,136.98016357421875,170582600
2024-12-30,134.80062832550155,140.23944563051566,133.99080722961983,137.46005249023438,167734700
2024-12-31,137.99994871496077,138.0399485497518,133.80086613446198,134.26075744628906,155659200
2025-01-02,135.97038221662075,138.84975989825128,134.60068545398187,138.27987670898438,198247200
2025-01-03,139.97950221326124,144.86843662681642,139.69956441393234,144.43853759765625,229322500
2025-01-06,148.55763229845726,152.12686204773377,147.78781099429082,149.39744567871094,265377400
2025-01-07,152.99665754898407,153.09664186378797,139.97948999458222,140.10946655273438,351782200
2025-01-08,142.54894625810496,143.91864297451565,137.5300354006173,140.07948303222656,227349900
2025-01-10,137.42007490895548,139.88953842521914,134.19078233209814,135.8804168701172,207602500
2025-01-13,129.96170394882952,133.46094192558937,129.4817974709377,133.20098876953125,204808900
2025-01-14,136.02036676060487,136.35029670610186,130.021673763493,131.73129272460938,195590500
2025-01-15,133.6208947252083,136.42028814155947,131.26140794998662,136.21034240722656,185217300
2025-01-16,138.6097963703303,138.7197730168145,133.46092441099125,133.54090881347656,209235600
2025-01-17,136.66022586007293,138.46982912838536,135.4304980750839,137.6800079345703,201188800
2025-01-21,139.1296971907641,141.79911388356058,137.0601406758009,140.79933166503906,197749000
2025-01-22,144.6285153116103,147.7578236263026,143.63872531436203,147.03799438476562,237651400
2025-01-23,145.0184168760411,147.19793483530896,143.68870466698334,147.1879425048828,155915500
2025-01-24,148.3376757009225,148.93755110518853,141.8490991802554,142.58892822265625,234657600
2025-01-27,124.77281833637456,128.37202500863236,116.67457662673027,118.39420318603516,818830900
2025-01-28,121.78346978934897,128.97190639273322,116.22468308647471,128.9619140625,579666400
2025-01-29,126.47245082309266,126.86236527865272,120.02385855553806,123.67305755615234,467120600
2025-01-30,123.07319063695674,124.97277839409357,118.07427950119299,124.62285614013672,392925500
2025-01-31,123.75304497053646,127.8221583994493,119.16404813082586,120.04385375976562,388161100
2025-02-03,114.72501007137596,118.54417785753162,112.98539113939225,116.63459777832031,371235700
2025-02-04,116.93452639047727,121.17360082598954,116.67458088005824,118.62416076660156,256550000
2025-02-05,121.73348714021286,124.97277944773282,120.733704904631,124.80281829833984,262230800
2025-02-06,127.39224223836113,128.74195426970414,125.18272455855072,128.65196228027344,251483600
2025-02-07,129.19184651154228,130.3415898450845,124.97276475304243,129.81170654296875,228186300
2025-02-10,130.06165595495793,134.97058996230598,129.93169464945112,133.54090881347656,216989100
2025-02-11,132.55113432807275,134.45071452657314,130.991476437857,132.77108764648438,178902400
2025-02-12,129.9916837727306,132.21120144058102,129.05188607934784,131.11143493652344,160278600
2025-02-13,131.53134519031366,136.4702717517269,131.1414307383845,135.26052856445312,197430000
2025-02-14,136.45026901957874,139.21966995740726,135.47048674490975,138.81976318359375,195479600
2025-02-18,141.239247408195,143.408773131914,137.89996298841217,139.36964416503906,219176600
2025-02-19,139.47961431944915,141.32921755912488,137.1901197103136,139.19967651367188,167536000
2025-02-20,139.9994986264957,140.62936628696042,136.7601988439899,140.07948303222656,143903600
2025-02-21,140.00948969645043,141.42919381606555,134.00080428998024,134.4007110595703,228217600
2025-02-24,136.53026411475935,138.55982089892026,130.05167928786804,130.2516326904297,251381100
2025-02-25,129.9516936613149,130.17164697857655,124.41290666278033,126.60242462158203,271428700
2025-02-26,129.96170661334043,133.7008826502409,128.46203316398234,131.2514190673828,322553800
2025-02-27,134.97060540054449,134.98059773119874,119.98387142553824,120.12384033203125,443175800
2025-02-28,117.99429297871988,125.06275289296238,116.37465068149442,124.89279174804688,389091100
2025-03-03,123.48310269608358,123.67305612882248,112.25554513947324,114.03515625,411381400
2025-03-04,110.62590357369604,119.28401358591904,110.0860202624711,115.96473693847656,398163300
2025-03-05,117.55439764571528,118.25424216283551,114.48506647308832,117.27445983886719,284337900
2025-03-06,113.50527582346177,115.32487918451908,110.1959990692751,110.5459213256836,321181900
2025-03-07,111.22576986878714,113.45528753337068,107.53657110597264,112.66545867919922,341755500
2025-03-10,109.87605754375717,111.82562964494369,105.43702244846195,106.95669555664062,366487400
2025-03-11,106.96669412251354,112.2155506077548,104.74717644545998,108.73631286621094,354865700
2025-03-12,114.10564961231475,116.74531696319002,112.8658000774832,115.7254409790039,323857500
2025-03-13,117.01527472285696,117.74518623487266,113.77568449740161,115.56546020507812,299033100
2025-03-14,118.59508095437823,121.86466627272753,118.13513973204245,121.65469360351562,277593500
2025-03-17,122.72455649146468,122.87453914631989,118.01514995099303,119.51496124267578,255501500
2025-03-18,117.98515020944649,119.00501849033903,114.52558655092061,115.41547393798828,299686900
2025-03-19,117.25523471702526,120.43483472433577,115.66543852758707,117.50520324707031,273426200
2025-03-20,116.53533674228605,120.18487133427746,116.4553449784264,118.51508331298828,248829700
2025-03-21,116.92528940681295,117.97515272195331,115.40547637665556,117.68518829345703,266498500
2025-03-24,119.86491568880827,122.20462527069279,119.32498270837338,121.39472961425781,228452500
2025-03-25,120.53483816820751,121.27474294212928,118.90503833586045,120.67481994628906,167447200
2025-03-26,118.7150653108018,118.82504445296345,112.69581844673802,113.74568939208984,293463300
2025-03-27,111.33598571474475,114.43559407181797,110.6460777346271,111.41597747802734,236902100
2025-03-28,111.47596724864877,112.85579846281165,109.05627362776653,109.65619659423828,229872500
2025-03-31,105.11677236112796,110.94604080353734,103.63696281055644,108.36636352539062,299212700
2025-04-01,108.50634668924769,110.18613567920701,106.45660912113902,110.13614654541016,222614000
2025-04-02,107.27650160670082,111.96591394846298,106.77656451707789,110.4061050415039,220601200
2025-04-03,103.49698496682684,105.61671347851724,101.58722150219326,101.78720092773438,338769400
2025-04-04,98.89756129670621,100.11740141914926,92.09841365005991,94.29813385009766,532273800
2025-04-07,87.44898959160196,101.73719167720878,86.60909899272106,97.6277084350586,611041300
2025-04-08,103.79693724960859,105.83668151314755,94.448115096381,96.28788757324219,476243400
2025-04-09,98.8775535578917,115.08551252786717,97.51772411084168,114.31561279296875,612918300
2025-04-10,109.3562417228181,110.84605211383005,99.13752639108027,107.55646514892578,437812400
2025-04-11,108.4863440509602,111.53596322542542,107.46647578597839,110.9160385131836,313417300
2025-04-14,114.09564149423704,114.27561914894163,109.0562747909433,110.6960678100586,264705000
2025-04-15,110.95604157012,113.6057097347757,110.48609947397975,112.18588256835938,228966900
2025-04-16,104.53685005598037,106.776566115048,100.43735975697352,104.47685241699219,397016900
2025-04-17,104.43685285244638,104.45685460754896,100.03741265575106,101.47722625732422,292517500
2025-04-21,98.75757087400713,99.42749238220217,95.02804439894429,96.89781188964844,288501100
2025-04-22,98.7675690784311,99.79743825075411,97.26775782667495,98.87755584716797,241004800
2025-04-23,104.50684469329865,104.78681586825162,102.0071592730487,102.69707489013672,247526000
2025-04-24,103.4669774804407,106.52658985205171,103.09702130913817,106.4166030883789,220815000
2025-04-25,106.83655988818872,111.90592192622726,105.71670563343305,110.99604034423828,251064700
2025-04-28,109.67619446115806,110.35610916663857,106.0066506499314,108.71631622314453,207708500
2025-04-29,107.65645038374015,110.18613082106049,107.42648359585715,109.00627899169922,170444300
2025-04-30,104.45685864823317,108.90629577636719,104.06690832142748,108.90629577636719,235044600
2025-05-01,113.06577112138011,114.92553765737502,111.28599634849851,111.59595489501953,236121500
2025-05-02,114.1656362648126,115.38548400726445,113.35574060530446,114.485595703125,190194800
2025-05-05,112.89579778060671,114.65557085202862,112.64582923459892,113.80567932128906,133163200
2025-05-06,111.46598025800552,114.72556468927546,110.8060596179303,113.52571868896484,158525600
2025-05-07,113.03578272910664,117.66519758488604,112.2658753138673,117.04527282714844,206758800
2025-05-08,118.23512643493164,118.66507265437788,115.83542678286972,117.35523986816406,198428100
2025-05-09,117.33523143311392,118.21512557823269,115.19550133583151,116.63532257080078,132972200
2025-05-12,121.95465837416761,122.98452758789062,120.26486852149502,122.98452758789062,225023300
2025-05-13,124.96428378706925,131.20349680462547,124.45434579721417,129.9136505126953,330430100
2025-05-14,133.18323739959362,135.4229610498005,131.66342437777934,135.32296752929688,281180800
2025-05-15,134.27309347043854,136.28285028501523,132.64330897356982,134.8130340576172,226632600
2025-05-16,136.20286928250525,136.3328578150344,133.44322189103337,135.38296508789062,226542500
2025-05-19,132.3733402168265,135.85289804232983,132.3733402168265,135.55294799804688,193154600
2025-05-20,134.27309787247168,134.56306993057714,132.60330981084104,134.36309814453125,161514200
2025-05-21,133.04325269152105,137.3827028648009,130.57356230685332,131.78341674804688,270608700
2025-05-22,132.21336282687446,134.23311300774128,131.53345568577518,132.81329345703125,187344000
2025-05-23,129.98365220977007,132.66330787048915,129.14376150329426,131.2734832763672,198821300
2025-05-27,134.13310453484723,135.64292419162265,133.2932139517279,135.48294067382812,192953600
2025-05-28,136.01289284806998,137.23274065219468,134.773043287045,134.7930450439453,304021100
2025-05-29,142.2321134030903,143.47196297724966,137.89266277883826,139.17250061035156,369241900
2025-05-30,138.7025513364048,139.6024320207408,132.9032778793795,135.11300659179688,333170900
2025-06-02,135.4729551269194,138.10261378714853,135.38295485750098,137.3627166748047,197663100
2025-06-03,138.76252943263086,141.9821253260672,137.93263208053457,141.2022247314453,225578800
2025-06-04,142.17211569309742,142.37208748278405,139.52243989492337,141.9021453857422,167120800
2025-06-05,142.15211531599257,143.98188696027037,138.81253909953503,139.97239685058594,231397900
2025-06-06,142.4920575502711,143.2519716576077,141.49218341482276,141.70216369628906,153986200
2025-06-09,143.17198765195985,144.98175749406252,141.9221449149421,142.612060546875,185114500
2025-06-10,142.6720500430919,144.27183958658884,141.51219232566982,143.94189453125,155881900
2025-06-11,144.6018435649776,144.9818270127783,141.8619926278542,142.8219451904297,167694000
2025-06-12,141.9619934165529,144.9918212890625,141.84200506767834,144.9918212890625,162365000
2025-06-13,142.47195608609783,143.57190012016565,140.84205843661482,141.9619903564453,180820600
2025-06-16,143.3419182543515,146.17174515794912,143.19191756263837,144.6818389892578,183133700
2025-06-17,144.48185167828373,145.2118062109318,143.77188503129375,144.1118621826172,139108000
2025-06-18,144.00186822839106,145.64177507521472,143.1119190601379,145.47178649902344,161494100
2025-06-20,145.4417889825313,146.1917466588846,142.6419439392267,143.84188842773438,242956200
2025-06-23,142.49196127355907,144.77183143330174,142.02198656661903,144.161865234375,154308900
2025-06-24,145.55178305584516,147.9516567694991,145.4917888831412,147.8916473388672,187566100
2025-06-25,149.2615908362584,154.44129154756814,149.2515816348226,154.30130004882812,269146500
2025-06-26,155.9711982969104,156.71116205301092,153.99131424314706,155.01126098632812,198145700
2025-06-27,156.03119384319848,158.7010567029259,155.25123904977087,157.74110412597656,263234500
